[0.042s] Invoking command in '/home/spkmak/vegabot_ws/build/vegabot_description': CMAKE_PREFIX_PATH=${CMAKE_PREFIX_PATH}:/home/spkmak/ros2_ws/install/so_arm_100_bringup:/opt/ros/humble /home/spkmak/.local/bin/cmake --build /home/spkmak/vegabot_ws/build/vegabot_description -- -j6 -l6
[0.718s] Invoked command in '/home/spkmak/vegabot_ws/build/vegabot_description' returned '0': CMAKE_PREFIX_PATH=${CMAKE_PREFIX_PATH}:/home/spkmak/ros2_ws/install/so_arm_100_bringup:/opt/ros/humble /home/spkmak/.local/bin/cmake --build /home/spkmak/vegabot_ws/build/vegabot_description -- -j6 -l6
[0.880s] Invoking command in '/home/spkmak/vegabot_ws/build/vegabot_description': CMAKE_PREFIX_PATH=${CMAKE_PREFIX_PATH}:/home/spkmak/ros2_ws/install/so_arm_100_bringup:/opt/ros/humble /home/spkmak/.local/bin/cmake --install /home/spkmak/vegabot_ws/build/vegabot_description
[1.043s] -- Install configuration: ""
[1.043s] -- Up-to-date: /home/spkmak/vegabot_ws/install/vegabot_description/share/vegabot_description/urdf
[1.044s] -- Up-to-date: /home/spkmak/vegabot_ws/install/vegabot_description/share/vegabot_description/urdf/bot.urdf
[1.045s] -- Up-to-date: /home/spkmak/vegabot_ws/install/vegabot_description/share/vegabot_description/urdf/vegabot_gazebo.xacro
[1.045s] -- Up-to-date: /home/spkmak/vegabot_ws/install/vegabot_description/share/vegabot_description/urdf/vegabot_base.xacro
[1.045s] -- Up-to-date: /home/spkmak/vegabot_ws/install/vegabot_description/share/vegabot_description/urdf/bot_wheel.urdf
[1.045s] -- Up-to-date: /home/spkmak/vegabot_ws/install/vegabot_description/share/vegabot_description/urdf/vegabot_sensors.xacro
[1.045s] -- Up-to-date: /home/spkmak/vegabot_ws/install/vegabot_description/share/vegabot_description/urdf/vegabot.urdf.xacro
[1.045s] -- Up-to-date: /home/spkmak/vegabot_ws/install/vegabot_description/share/vegabot_description/urdf/template.urdf
[1.045s] -- Up-to-date: /home/spkmak/vegabot_ws/install/vegabot_description/share/vegabot_description/urdf/vegabot_ros2control.xacro
[1.045s] -- Up-to-date: /home/spkmak/vegabot_ws/install/vegabot_description/share/vegabot_description/rviz
[1.046s] -- Up-to-date: /home/spkmak/vegabot_ws/install/vegabot_description/share/vegabot_description/rviz/display.rviz
[1.046s] -- Up-to-date: /home/spkmak/vegabot_ws/install/vegabot_description/share/vegabot_description/launch
[1.046s] -- Up-to-date: /home/spkmak/vegabot_ws/install/vegabot_description/share/vegabot_description/launch/display.launch.py
[1.046s] -- Up-to-date: /home/spkmak/vegabot_ws/install/vegabot_description/share/vegabot_description/launch/gazebo.launch.py
[1.046s] -- Up-to-date: /home/spkmak/vegabot_ws/install/vegabot_description/share/vegabot_description/worlds
[1.047s] -- Up-to-date: /home/spkmak/vegabot_ws/install/vegabot_description/share/vegabot_description/worlds/empty.world
[1.047s] -- Up-to-date: /home/spkmak/vegabot_ws/install/vegabot_description/share/vegabot_description/worlds/small_house.world
[1.047s] -- Up-to-date: /home/spkmak/vegabot_ws/install/vegabot_description/share/vegabot_description/worlds/qr_maze.world
[1.047s] -- Up-to-date: /home/spkmak/vegabot_ws/install/vegabot_description/share/vegabot_description/photos
[1.048s] -- Up-to-date: /home/spkmak/vegabot_ws/install/vegabot_description/share/vegabot_description/photos/PortraitB_03.jpg
[1.048s] -- Up-to-date: /home/spkmak/vegabot_ws/install/vegabot_description/share/vegabot_description/photos/PortraitC_01.jpg
[1.048s] -- Up-to-date: /home/spkmak/vegabot_ws/install/vegabot_description/share/vegabot_description/photos/DeskPortraitC_01.jpg
[1.048s] -- Up-to-date: /home/spkmak/vegabot_ws/install/vegabot_description/share/vegabot_description/photos/DeskPortraitC_02.jpg
[1.048s] -- Up-to-date: /home/spkmak/vegabot_ws/install/vegabot_description/share/vegabot_description/photos/DeskPortraitD_02.jpg
[1.050s] -- Up-to-date: /home/spkmak/vegabot_ws/install/vegabot_description/share/vegabot_description/photos/PortraitA_01.jpg
[1.050s] -- Up-to-date: /home/spkmak/vegabot_ws/install/vegabot_description/share/vegabot_description/photos/PortraitE_01.jpg
[1.051s] -- Up-to-date: /home/spkmak/vegabot_ws/install/vegabot_description/share/vegabot_description/photos/PortraitB_02.jpg
[1.051s] -- Up-to-date: /home/spkmak/vegabot_ws/install/vegabot_description/share/vegabot_description/photos/DeskPortraitA_01.jpg
[1.051s] -- Up-to-date: /home/spkmak/vegabot_ws/install/vegabot_description/share/vegabot_description/photos/DeskPortraitB_01.jpg
[1.052s] -- Up-to-date: /home/spkmak/vegabot_ws/install/vegabot_description/share/vegabot_description/photos/DeskPortraitD_01.jpg
[1.052s] -- Up-to-date: /home/spkmak/vegabot_ws/install/vegabot_description/share/vegabot_description/photos/DeskPortraitA_02.jpg
[1.052s] -- Up-to-date: /home/spkmak/vegabot_ws/install/vegabot_description/share/vegabot_description/photos/PortraitE_02.jpg
[1.052s] -- Up-to-date: /home/spkmak/vegabot_ws/install/vegabot_description/share/vegabot_description/photos/DeskPortraitB_02.jpg
[1.053s] -- Up-to-date: /home/spkmak/vegabot_ws/install/vegabot_description/share/vegabot_description/photos/PortraitA_02.jpg
[1.053s] -- Up-to-date: /home/spkmak/vegabot_ws/install/vegabot_description/share/vegabot_description/photos/PortraitB_01.jpg
[1.053s] -- Up-to-date: /home/spkmak/vegabot_ws/install/vegabot_description/share/vegabot_description/photos/PortraitD_01.jpg
[1.053s] -- Up-to-date: /home/spkmak/vegabot_ws/install/vegabot_description/share/vegabot_description/photos/DeskPortraitD_03.jpg
[1.054s] -- Up-to-date: /home/spkmak/vegabot_ws/install/vegabot_description/share/vegabot_description/photos/DeskPortraitD_04.jpg
[1.054s] -- Up-to-date: /home/spkmak/vegabot_ws/install/vegabot_description/share/vegabot_description/photos/PortraitD_02.jpg
[1.054s] -- Up-to-date: /home/spkmak/vegabot_ws/install/vegabot_description/share/vegabot_description/meshes
[1.054s] -- Up-to-date: /home/spkmak/vegabot_ws/install/vegabot_description/share/vegabot_description/meshes/vegabot_base_link.stl
[1.054s] -- Up-to-date: /home/spkmak/vegabot_ws/install/vegabot_description/share/vegabot_description/meshes/vegabot_lidar.stl
[1.055s] -- Up-to-date: /home/spkmak/vegabot_ws/install/vegabot_description/share/vegabot_description/meshes/vegabot_right_wheel.stl
[1.055s] -- Up-to-date: /home/spkmak/vegabot_ws/install/vegabot_description/share/vegabot_description/meshes/rear_left_castor.stl
[1.055s] -- Up-to-date: /home/spkmak/vegabot_ws/install/vegabot_description/share/vegabot_description/meshes/front_left_castor.stl
[1.055s] -- Up-to-date: /home/spkmak/vegabot_ws/install/vegabot_description/share/vegabot_description/meshes/vegabot_camera.stl
[1.056s] -- Up-to-date: /home/spkmak/vegabot_ws/install/vegabot_description/share/vegabot_description/meshes/vegabot_left_wheel.stl
[1.056s] -- Up-to-date: /home/spkmak/vegabot_ws/install/vegabot_description/share/vegabot_description/meshes/rear_right_castor.stl
[1.056s] -- Up-to-date: /home/spkmak/vegabot_ws/install/vegabot_description/share/vegabot_description/meshes/vegabot_toplid.stl
[1.056s] -- Up-to-date: /home/spkmak/vegabot_ws/install/vegabot_description/share/vegabot_description/meshes/vegabot_imu.stl
[1.057s] -- Up-to-date: /home/spkmak/vegabot_ws/install/vegabot_description/share/vegabot_description/meshes/vegabot_dock.stl
[1.057s] -- Up-to-date: /home/spkmak/vegabot_ws/install/vegabot_description/share/vegabot_description/meshes/front_right_castor.stl
[1.057s] -- Up-to-date: /home/spkmak/vegabot_ws/install/vegabot_description/share/vegabot_description/photos
[1.057s] -- Up-to-date: /home/spkmak/vegabot_ws/install/vegabot_description/share/vegabot_description/photos/PortraitB_03.jpg
[1.058s] -- Up-to-date: /home/spkmak/vegabot_ws/install/vegabot_description/share/vegabot_description/photos/PortraitC_01.jpg
[1.058s] -- Up-to-date: /home/spkmak/vegabot_ws/install/vegabot_description/share/vegabot_description/photos/DeskPortraitC_01.jpg
[1.058s] -- Up-to-date: /home/spkmak/vegabot_ws/install/vegabot_description/share/vegabot_description/photos/DeskPortraitC_02.jpg
[1.058s] -- Up-to-date: /home/spkmak/vegabot_ws/install/vegabot_description/share/vegabot_description/photos/DeskPortraitD_02.jpg
[1.058s] -- Up-to-date: /home/spkmak/vegabot_ws/install/vegabot_description/share/vegabot_description/photos/PortraitA_01.jpg
[1.059s] -- Up-to-date: /home/spkmak/vegabot_ws/install/vegabot_description/share/vegabot_description/photos/PortraitE_01.jpg
[1.059s] -- Up-to-date: /home/spkmak/vegabot_ws/install/vegabot_description/share/vegabot_description/photos/PortraitB_02.jpg
[1.059s] -- Up-to-date: /home/spkmak/vegabot_ws/install/vegabot_description/share/vegabot_description/photos/DeskPortraitA_01.jpg
[1.059s] -- Up-to-date: /home/spkmak/vegabot_ws/install/vegabot_description/share/vegabot_description/photos/DeskPortraitB_01.jpg
[1.060s] -- Up-to-date: /home/spkmak/vegabot_ws/install/vegabot_description/share/vegabot_description/photos/DeskPortraitD_01.jpg
[1.060s] -- Up-to-date: /home/spkmak/vegabot_ws/install/vegabot_description/share/vegabot_description/photos/DeskPortraitA_02.jpg
[1.060s] -- Up-to-date: /home/spkmak/vegabot_ws/install/vegabot_description/share/vegabot_description/photos/PortraitE_02.jpg
[1.060s] -- Up-to-date: /home/spkmak/vegabot_ws/install/vegabot_description/share/vegabot_description/photos/DeskPortraitB_02.jpg
[1.060s] -- Up-to-date: /home/spkmak/vegabot_ws/install/vegabot_description/share/vegabot_description/photos/PortraitA_02.jpg
[1.061s] -- Up-to-date: /home/spkmak/vegabot_ws/install/vegabot_description/share/vegabot_description/photos/PortraitB_01.jpg
[1.061s] -- Up-to-date: /home/spkmak/vegabot_ws/install/vegabot_description/share/vegabot_description/photos/PortraitD_01.jpg
[1.062s] -- Up-to-date: /home/spkmak/vegabot_ws/install/vegabot_description/share/vegabot_description/photos/DeskPortraitD_03.jpg
[1.062s] -- Up-to-date: /home/spkmak/vegabot_ws/install/vegabot_description/share/vegabot_description/photos/DeskPortraitD_04.jpg
[1.062s] -- Up-to-date: /home/spkmak/vegabot_ws/install/vegabot_description/share/vegabot_description/photos/PortraitD_02.jpg
[1.063s] -- Up-to-date: /home/spkmak/vegabot_ws/install/vegabot_description/share/vegabot_description/models
[1.063s] -- Up-to-date: /home/spkmak/vegabot_ws/install/vegabot_description/share/vegabot_description/models/aws_robomaker_warehouse_ClutteringC_01
[1.064s] -- Up-to-date: /home/spkmak/vegabot_ws/install/vegabot_description/share/vegabot_description/models/aws_robomaker_warehouse_ClutteringC_01/meshes
[1.064s] -- Up-to-date: /home/spkmak/vegabot_ws/install/vegabot_description/share/vegabot_description/models/aws_robomaker_warehouse_ClutteringC_01/meshes/aws_robomaker_warehouse_ClutteringC_01_visual.DAE
[1.064s] -- Up-to-date: /home/spkmak/vegabot_ws/install/vegabot_description/share/vegabot_description/models/aws_robomaker_warehouse_ClutteringC_01/meshes/aws_robomaker_warehouse_ClutteringC_01_collision.DAE
[1.065s] -- Up-to-date: /home/spkmak/vegabot_ws/install/vegabot_description/share/vegabot_description/models/aws_robomaker_warehouse_ClutteringC_01/model.config
[1.065s] -- Up-to-date: /home/spkmak/vegabot_ws/install/vegabot_description/share/vegabot_description/models/aws_robomaker_warehouse_ClutteringC_01/model.sdf
[1.066s] -- Up-to-date: /home/spkmak/vegabot_ws/install/vegabot_description/share/vegabot_description/models/aws_robomaker_warehouse_ClutteringC_01/materials
[1.070s] -- Up-to-date: /home/spkmak/vegabot_ws/install/vegabot_description/share/vegabot_description/models/aws_robomaker_warehouse_ClutteringC_01/materials/textures
[1.073s] -- Up-to-date: /home/spkmak/vegabot_ws/install/vegabot_description/share/vegabot_description/models/aws_robomaker_warehouse_ClutteringC_01/materials/textures/aws_robomaker_warehouse_ClutteringC_02.png
[1.074s] -- Up-to-date: /home/spkmak/vegabot_ws/install/vegabot_description/share/vegabot_description/models/aws_robomaker_warehouse_ClutteringC_01/materials/textures/aws_robomaker_warehouse_ClutteringC_01.png
[1.074s] -- Up-to-date: /home/spkmak/vegabot_ws/install/vegabot_description/share/vegabot_description/models/aws_robomaker_residential_HouseWallB_01
[1.080s] -- Up-to-date: /home/spkmak/vegabot_ws/install/vegabot_description/share/vegabot_description/models/aws_robomaker_residential_HouseWallB_01/meshes
[1.084s] -- Up-to-date: /home/spkmak/vegabot_ws/install/vegabot_description/share/vegabot_description/models/aws_robomaker_residential_HouseWallB_01/meshes/aws_HouseWallB_01_collision.DAE
[1.085s] -- Up-to-date: /home/spkmak/vegabot_ws/install/vegabot_description/share/vegabot_description/models/aws_robomaker_residential_HouseWallB_01/meshes/aws_HouseWallB_01_visual.DAE
[1.089s] -- Up-to-date: /home/spkmak/vegabot_ws/install/vegabot_description/share/vegabot_description/models/aws_robomaker_residential_HouseWallB_01/model.config
[1.090s] -- Up-to-date: /home/spkmak/vegabot_ws/install/vegabot_description/share/vegabot_description/models/aws_robomaker_residential_HouseWallB_01/model.sdf
[1.090s] -- Up-to-date: /home/spkmak/vegabot_ws/install/vegabot_description/share/vegabot_description/models/aws_robomaker_residential_HouseWallB_01/materials
[1.090s] -- Up-to-date: /home/spkmak/vegabot_ws/install/vegabot_description/share/vegabot_description/models/aws_robomaker_residential_HouseWallB_01/materials/textures
[1.093s] -- Up-to-date: /home/spkmak/vegabot_ws/install/vegabot_description/share/vegabot_description/models/aws_robomaker_residential_HouseWallB_01/materials/textures/aws_HouseWallB_01.png
[1.093s] -- Up-to-date: /home/spkmak/vegabot_ws/install/vegabot_description/share/vegabot_description/models/aws_robomaker_residential_DeskPortraitD_02
[1.094s] -- Up-to-date: /home/spkmak/vegabot_ws/install/vegabot_description/share/vegabot_description/models/aws_robomaker_residential_DeskPortraitD_02/meshes
[1.096s] -- Up-to-date: /home/spkmak/vegabot_ws/install/vegabot_description/share/vegabot_description/models/aws_robomaker_residential_DeskPortraitD_02/meshes/aws_DeskPortraitD_01_collision.DAE
[1.096s] -- Up-to-date: /home/spkmak/vegabot_ws/install/vegabot_description/share/vegabot_description/models/aws_robomaker_residential_DeskPortraitD_02/meshes/aws_DeskPortraitD_01_visual.DAE
[1.097s] -- Up-to-date: /home/spkmak/vegabot_ws/install/vegabot_description/share/vegabot_description/models/aws_robomaker_residential_DeskPortraitD_02/model.config
[1.097s] -- Up-to-date: /home/spkmak/vegabot_ws/install/vegabot_description/share/vegabot_description/models/aws_robomaker_residential_DeskPortraitD_02/model.sdf
[1.098s] -- Up-to-date: /home/spkmak/vegabot_ws/install/vegabot_description/share/vegabot_description/models/aws_robomaker_residential_DeskPortraitD_02/materials
[1.099s] -- Up-to-date: /home/spkmak/vegabot_ws/install/vegabot_description/share/vegabot_description/models/aws_robomaker_residential_DeskPortraitD_02/materials/textures
[1.100s] -- Up-to-date: /home/spkmak/vegabot_ws/install/vegabot_description/share/vegabot_description/models/aws_robomaker_residential_DeskPortraitD_02/materials/textures/aws_DeskPortraitD_02.png
[1.100s] -- Up-to-date: /home/spkmak/vegabot_ws/install/vegabot_description/share/vegabot_description/models/aws_robomaker_residential_DeskPortraitD_02/materials/textures/aws_DeskPortraitD_01.png
[1.100s] -- Up-to-date: /home/spkmak/vegabot_ws/install/vegabot_description/share/vegabot_description/models/aws_robomaker_residential_FitnessEquipment_01
[1.102s] -- Up-to-date: /home/spkmak/vegabot_ws/install/vegabot_description/share/vegabot_description/models/aws_robomaker_residential_FitnessEquipment_01/meshes
[1.103s] -- Up-to-date: /home/spkmak/vegabot_ws/install/vegabot_description/share/vegabot_description/models/aws_robomaker_residential_FitnessEquipment_01/meshes/aws_FitnessEquipment_01_visual.DAE
[1.103s] -- Up-to-date: /home/spkmak/vegabot_ws/install/vegabot_description/share/vegabot_description/models/aws_robomaker_residential_FitnessEquipment_01/meshes/aws_FitnessEquipment_01_collision.DAE
[1.106s] -- Up-to-date: /home/spkmak/vegabot_ws/install/vegabot_description/share/vegabot_description/models/aws_robomaker_residential_FitnessEquipment_01/model.config
[1.109s] -- Up-to-date: /home/spkmak/vegabot_ws/install/vegabot_description/share/vegabot_description/models/aws_robomaker_residential_FitnessEquipment_01/model.sdf
[1.109s] -- Up-to-date: /home/spkmak/vegabot_ws/install/vegabot_description/share/vegabot_description/models/aws_robomaker_residential_FitnessEquipment_01/materials
[1.112s] -- Up-to-date: /home/spkmak/vegabot_ws/install/vegabot_description/share/vegabot_description/models/aws_robomaker_residential_FitnessEquipment_01/materials/textures
[1.113s] -- Up-to-date: /home/spkmak/vegabot_ws/install/vegabot_description/share/vegabot_description/models/aws_robomaker_residential_FitnessEquipment_01/materials/textures/aws_FitnessEquipment_01.png
[1.113s] -- Up-to-date: /home/spkmak/vegabot_ws/install/vegabot_description/share/vegabot_description/models/aws_robomaker_residential_Curtain_01
[1.114s] -- Up-to-date: /home/spkmak/vegabot_ws/install/vegabot_description/share/vegabot_description/models/aws_robomaker_residential_Curtain_01/meshes
[1.117s] -- Up-to-date: /home/spkmak/vegabot_ws/install/vegabot_description/share/vegabot_description/models/aws_robomaker_residential_Curtain_01/meshes/aws_Curtain_01_visual.DAE
[1.118s] -- Up-to-date: /home/spkmak/vegabot_ws/install/vegabot_description/share/vegabot_description/models/aws_robomaker_residential_Curtain_01/meshes/aws_Curtain_01_collision.DAE
[1.118s] -- Up-to-date: /home/spkmak/vegabot_ws/install/vegabot_description/share/vegabot_description/models/aws_robomaker_residential_Curtain_01/model.config
[1.120s] -- Up-to-date: /home/spkmak/vegabot_ws/install/vegabot_description/share/vegabot_description/models/aws_robomaker_residential_Curtain_01/model.sdf
[1.120s] -- Up-to-date: /home/spkmak/vegabot_ws/install/vegabot_description/share/vegabot_description/models/aws_robomaker_residential_Curtain_01/materials
[1.121s] -- Up-to-date: /home/spkmak/vegabot_ws/install/vegabot_description/share/vegabot_description/models/aws_robomaker_residential_Curtain_01/materials/textures
[1.121s] -- Up-to-date: /home/spkmak/vegabot_ws/install/vegabot_description/share/vegabot_description/models/aws_robomaker_residential_Curtain_01/materials/textures/aws_Curtain_01.png
[1.121s] -- Up-to-date: /home/spkmak/vegabot_ws/install/vegabot_description/share/vegabot_description/models/aws_robomaker_residential_TV_01
[1.122s] -- Up-to-date: /home/spkmak/vegabot_ws/install/vegabot_description/share/vegabot_description/models/aws_robomaker_residential_TV_01/meshes
[1.122s] -- Up-to-date: /home/spkmak/vegabot_ws/install/vegabot_description/share/vegabot_description/models/aws_robomaker_residential_TV_01/meshes/aws_TV_01_visual.DAE
[1.122s] -- Up-to-date: /home/spkmak/vegabot_ws/install/vegabot_description/share/vegabot_description/models/aws_robomaker_residential_TV_01/meshes/aws_TV_01_collision.DAE
[1.122s] -- Up-to-date: /home/spkmak/vegabot_ws/install/vegabot_description/share/vegabot_description/models/aws_robomaker_residential_TV_01/model.config
[1.123s] -- Up-to-date: /home/spkmak/vegabot_ws/install/vegabot_description/share/vegabot_description/models/aws_robomaker_residential_TV_01/model.sdf
[1.123s] -- Up-to-date: /home/spkmak/vegabot_ws/install/vegabot_description/share/vegabot_description/models/aws_robomaker_residential_TV_01/materials
[1.123s] -- Up-to-date: /home/spkmak/vegabot_ws/install/vegabot_description/share/vegabot_description/models/aws_robomaker_residential_TV_01/materials/textures
[1.123s] -- Up-to-date: /home/spkmak/vegabot_ws/install/vegabot_description/share/vegabot_description/models/aws_robomaker_residential_TV_01/materials/textures/aws_TV_01.png
[1.124s] -- Up-to-date: /home/spkmak/vegabot_ws/install/vegabot_description/share/vegabot_description/models/aws_robomaker_residential_PortraitB_03
[1.124s] -- Up-to-date: /home/spkmak/vegabot_ws/install/vegabot_description/share/vegabot_description/models/aws_robomaker_residential_PortraitB_03/meshes
[1.124s] -- Up-to-date: /home/spkmak/vegabot_ws/install/vegabot_description/share/vegabot_description/models/aws_robomaker_residential_PortraitB_03/meshes/aws_PortraitB_01_collision.DAE
[1.124s] -- Up-to-date: /home/spkmak/vegabot_ws/install/vegabot_description/share/vegabot_description/models/aws_robomaker_residential_PortraitB_03/meshes/aws_PortraitB_01_visual.DAE
[1.124s] -- Up-to-date: /home/spkmak/vegabot_ws/install/vegabot_description/share/vegabot_description/models/aws_robomaker_residential_PortraitB_03/model.config
[1.125s] -- Up-to-date: /home/spkmak/vegabot_ws/install/vegabot_description/share/vegabot_description/models/aws_robomaker_residential_PortraitB_03/model.sdf
[1.127s] -- Up-to-date: /home/spkmak/vegabot_ws/install/vegabot_description/share/vegabot_description/models/aws_robomaker_residential_PortraitB_03/materials
[1.127s] -- Up-to-date: /home/spkmak/vegabot_ws/install/vegabot_description/share/vegabot_description/models/aws_robomaker_residential_PortraitB_03/materials/textures
[1.128s] -- Up-to-date: /home/spkmak/vegabot_ws/install/vegabot_description/share/vegabot_description/models/aws_robomaker_residential_PortraitB_03/materials/textures/aws_PortraitB_02.png
[1.129s] -- Up-to-date: /home/spkmak/vegabot_ws/install/vegabot_description/share/vegabot_description/models/aws_robomaker_residential_PortraitB_03/materials/textures/aws_PortraitB_01.png
[1.129s] -- Up-to-date: /home/spkmak/vegabot_ws/install/vegabot_description/share/vegabot_description/models/aws_robomaker_residential_AirconditionerA_01
[1.129s] -- Up-to-date: /home/spkmak/vegabot_ws/install/vegabot_description/share/vegabot_description/models/aws_robomaker_residential_AirconditionerA_01/meshes
[1.129s] -- Up-to-date: /home/spkmak/vegabot_ws/install/vegabot_description/share/vegabot_description/models/aws_robomaker_residential_AirconditionerA_01/meshes/aws_AirconditionerA_01_visual.DAE
[1.130s] -- Up-to-date: /home/spkmak/vegabot_ws/install/vegabot_description/share/vegabot_description/models/aws_robomaker_residential_AirconditionerA_01/meshes/aws__Air conditioner_01.DAE
[1.130s] -- Up-to-date: /home/spkmak/vegabot_ws/install/vegabot_description/share/vegabot_description/models/aws_robomaker_residential_AirconditionerA_01/meshes/aws_AirconditionerA_01_collision.DAE
[1.130s] -- Up-to-date: /home/spkmak/vegabot_ws/install/vegabot_description/share/vegabot_description/models/aws_robomaker_residential_AirconditionerA_01/model.config
[1.130s] -- Up-to-date: /home/spkmak/vegabot_ws/install/vegabot_description/share/vegabot_description/models/aws_robomaker_residential_AirconditionerA_01/model.sdf
[1.131s] -- Up-to-date: /home/spkmak/vegabot_ws/install/vegabot_description/share/vegabot_description/models/aws_robomaker_residential_AirconditionerA_01/materials
[1.131s] -- Up-to-date: /home/spkmak/vegabot_ws/install/vegabot_description/share/vegabot_description/models/aws_robomaker_residential_AirconditionerA_01/materials/textures
[1.131s] -- Up-to-date: /home/spkmak/vegabot_ws/install/vegabot_description/share/vegabot_description/models/aws_robomaker_residential_AirconditionerA_01/materials/textures/aws_AirconditionerA_01.png
[1.131s] -- Up-to-date: /home/spkmak/vegabot_ws/install/vegabot_description/share/vegabot_description/models/aws_robomaker_residential_KitchenCabinet_01
[1.133s] -- Up-to-date: /home/spkmak/vegabot_ws/install/vegabot_description/share/vegabot_description/models/aws_robomaker_residential_KitchenCabinet_01/meshes
[1.133s] -- Up-to-date: /home/spkmak/vegabot_ws/install/vegabot_description/share/vegabot_description/models/aws_robomaker_residential_KitchenCabinet_01/meshes/aws_KitchenCabinet_01_collision.DAE
[1.134s] -- Up-to-date: /home/spkmak/vegabot_ws/install/vegabot_description/share/vegabot_description/models/aws_robomaker_residential_KitchenCabinet_01/meshes/aws_KitchenCabinet_01_visual.DAE
[1.135s] -- Up-to-date: /home/spkmak/vegabot_ws/install/vegabot_description/share/vegabot_description/models/aws_robomaker_residential_KitchenCabinet_01/model.config
[1.135s] -- Up-to-date: /home/spkmak/vegabot_ws/install/vegabot_description/share/vegabot_description/models/aws_robomaker_residential_KitchenCabinet_01/model.sdf
[1.135s] -- Up-to-date: /home/spkmak/vegabot_ws/install/vegabot_description/share/vegabot_description/models/aws_robomaker_residential_KitchenCabinet_01/materials
[1.135s] -- Up-to-date: /home/spkmak/vegabot_ws/install/vegabot_description/share/vegabot_description/models/aws_robomaker_residential_KitchenCabinet_01/materials/textures
[1.136s] -- Up-to-date: /home/spkmak/vegabot_ws/install/vegabot_description/share/vegabot_description/models/aws_robomaker_residential_KitchenCabinet_01/materials/textures/aws_KitchenCabinet_01.png
[1.136s] -- Up-to-date: /home/spkmak/vegabot_ws/install/vegabot_description/share/vegabot_description/models/aws_robomaker_residential_Ball_01
[1.136s] -- Up-to-date: /home/spkmak/vegabot_ws/install/vegabot_description/share/vegabot_description/models/aws_robomaker_residential_Ball_01/meshes
[1.136s] -- Up-to-date: /home/spkmak/vegabot_ws/install/vegabot_description/share/vegabot_description/models/aws_robomaker_residential_Ball_01/meshes/aws_Ball_01_collision.DAE
[1.137s] -- Up-to-date: /home/spkmak/vegabot_ws/install/vegabot_description/share/vegabot_description/models/aws_robomaker_residential_Ball_01/meshes/aws_Ball_01_visual.DAE
[1.137s] -- Up-to-date: /home/spkmak/vegabot_ws/install/vegabot_description/share/vegabot_description/models/aws_robomaker_residential_Ball_01/model.config
[1.139s] -- Up-to-date: /home/spkmak/vegabot_ws/install/vegabot_description/share/vegabot_description/models/aws_robomaker_residential_Ball_01/model.sdf
[1.140s] -- Up-to-date: /home/spkmak/vegabot_ws/install/vegabot_description/share/vegabot_description/models/aws_robomaker_residential_Ball_01/materials
[1.140s] -- Up-to-date: /home/spkmak/vegabot_ws/install/vegabot_description/share/vegabot_description/models/aws_robomaker_residential_Ball_01/materials/textures
[1.141s] -- Up-to-date: /home/spkmak/vegabot_ws/install/vegabot_description/share/vegabot_description/models/aws_robomaker_residential_Ball_01/materials/textures/aws_Ball_01.png
[1.142s] -- Up-to-date: /home/spkmak/vegabot_ws/install/vegabot_description/share/vegabot_description/models/aws_robomaker_residential_ChairD_01
[1.143s] -- Up-to-date: /home/spkmak/vegabot_ws/install/vegabot_description/share/vegabot_description/models/aws_robomaker_residential_ChairD_01/meshes
[1.143s] -- Up-to-date: /home/spkmak/vegabot_ws/install/vegabot_description/share/vegabot_description/models/aws_robomaker_residential_ChairD_01/meshes/aws_ChairD_01_collision.DAE
[1.146s] -- Up-to-date: /home/spkmak/vegabot_ws/install/vegabot_description/share/vegabot_description/models/aws_robomaker_residential_ChairD_01/meshes/aws_ChairD_01_visual.DAE
[1.148s] -- Up-to-date: /home/spkmak/vegabot_ws/install/vegabot_description/share/vegabot_description/models/aws_robomaker_residential_ChairD_01/model.config
[1.149s] -- Up-to-date: /home/spkmak/vegabot_ws/install/vegabot_description/share/vegabot_description/models/aws_robomaker_residential_ChairD_01/model.sdf
[1.149s] -- Up-to-date: /home/spkmak/vegabot_ws/install/vegabot_description/share/vegabot_description/models/aws_robomaker_residential_ChairD_01/materials
[1.149s] -- Up-to-date: /home/spkmak/vegabot_ws/install/vegabot_description/share/vegabot_description/models/aws_robomaker_residential_ChairD_01/materials/textures
[1.150s] -- Up-to-date: /home/spkmak/vegabot_ws/install/vegabot_description/share/vegabot_description/models/aws_robomaker_residential_ChairD_01/materials/textures/aws_ChairD_01.png
[1.150s] -- Up-to-date: /home/spkmak/vegabot_ws/install/vegabot_description/share/vegabot_description/models/marker0
[1.150s] -- Up-to-date: /home/spkmak/vegabot_ws/install/vegabot_description/share/vegabot_description/models/marker0/meshes
[1.150s] -- Up-to-date: /home/spkmak/vegabot_ws/install/vegabot_description/share/vegabot_description/models/marker0/meshes/Marker0.dae
[1.151s] -- Up-to-date: /home/spkmak/vegabot_ws/install/vegabot_description/share/vegabot_description/models/marker0/model.config
[1.151s] -- Up-to-date: /home/spkmak/vegabot_ws/install/vegabot_description/share/vegabot_description/models/marker0/model.sdf
[1.151s] -- Up-to-date: /home/spkmak/vegabot_ws/install/vegabot_description/share/vegabot_description/models/marker0/materials
[1.151s] -- Up-to-date: /home/spkmak/vegabot_ws/install/vegabot_description/share/vegabot_description/models/marker0/materials/textures
[1.152s] -- Up-to-date: /home/spkmak/vegabot_ws/install/vegabot_description/share/vegabot_description/models/marker0/materials/textures/Marker0.png
[1.156s] -- Up-to-date: /home/spkmak/vegabot_ws/install/vegabot_description/share/vegabot_description/models/aws_robomaker_residential_Handle_01
[1.156s] -- Up-to-date: /home/spkmak/vegabot_ws/install/vegabot_description/share/vegabot_description/models/aws_robomaker_residential_Handle_01/meshes
[1.157s] -- Up-to-date: /home/spkmak/vegabot_ws/install/vegabot_description/share/vegabot_description/models/aws_robomaker_residential_Handle_01/meshes/aws_Handle_01_visual.DAE
[1.158s] -- Up-to-date: /home/spkmak/vegabot_ws/install/vegabot_description/share/vegabot_description/models/aws_robomaker_residential_Handle_01/meshes/aws_ handle_01_collision.DAE
[1.158s] -- Up-to-date: /home/spkmak/vegabot_ws/install/vegabot_description/share/vegabot_description/models/aws_robomaker_residential_Handle_01/meshes/aws_Handle_01_collision.DAE
[1.160s] -- Up-to-date: /home/spkmak/vegabot_ws/install/vegabot_description/share/vegabot_description/models/aws_robomaker_residential_Handle_01/model.config
[1.160s] -- Up-to-date: /home/spkmak/vegabot_ws/install/vegabot_description/share/vegabot_description/models/aws_robomaker_residential_Handle_01/model.sdf
[1.160s] -- Up-to-date: /home/spkmak/vegabot_ws/install/vegabot_description/share/vegabot_description/models/aws_robomaker_residential_Handle_01/materials
[1.161s] -- Up-to-date: /home/spkmak/vegabot_ws/install/vegabot_description/share/vegabot_description/models/aws_robomaker_residential_Handle_01/materials/textures
[1.162s] -- Up-to-date: /home/spkmak/vegabot_ws/install/vegabot_description/share/vegabot_description/models/aws_robomaker_residential_Handle_01/materials/textures/aws_Handle_01.png
[1.162s] -- Up-to-date: /home/spkmak/vegabot_ws/install/vegabot_description/share/vegabot_description/models/aws_robomaker_residential_PortraitE_01
[1.162s] -- Up-to-date: /home/spkmak/vegabot_ws/install/vegabot_description/share/vegabot_description/models/aws_robomaker_residential_PortraitE_01/meshes
[1.165s] -- Up-to-date: /home/spkmak/vegabot_ws/install/vegabot_description/share/vegabot_description/models/aws_robomaker_residential_PortraitE_01/meshes/aws_PortraitE_01_collision.DAE
[1.165s] -- Up-to-date: /home/spkmak/vegabot_ws/install/vegabot_description/share/vegabot_description/models/aws_robomaker_residential_PortraitE_01/meshes/aws_PortraitE_01_visual.DAE
[1.165s] -- Up-to-date: /home/spkmak/vegabot_ws/install/vegabot_description/share/vegabot_description/models/aws_robomaker_residential_PortraitE_01/model.config
[1.166s] -- Up-to-date: /home/spkmak/vegabot_ws/install/vegabot_description/share/vegabot_description/models/aws_robomaker_residential_PortraitE_01/model.sdf
[1.166s] -- Up-to-date: /home/spkmak/vegabot_ws/install/vegabot_description/share/vegabot_description/models/aws_robomaker_residential_PortraitE_01/materials
[1.167s] -- Up-to-date: /home/spkmak/vegabot_ws/install/vegabot_description/share/vegabot_description/models/aws_robomaker_residential_PortraitE_01/materials/textures
[1.167s] -- Up-to-date: /home/spkmak/vegabot_ws/install/vegabot_description/share/vegabot_description/models/aws_robomaker_residential_PortraitE_01/materials/textures/aws_PortraitE_01.png
[1.168s] -- Up-to-date: /home/spkmak/vegabot_ws/install/vegabot_description/share/vegabot_description/models/aws_robomaker_residential_PortraitE_01/materials/textures/aws_PortraitE_02.png
[1.168s] -- Up-to-date: /home/spkmak/vegabot_ws/install/vegabot_description/share/vegabot_description/models/aws_robomaker_residential_Refrigerator_01
[1.168s] -- Up-to-date: /home/spkmak/vegabot_ws/install/vegabot_description/share/vegabot_description/models/aws_robomaker_residential_Refrigerator_01/meshes
[1.169s] -- Up-to-date: /home/spkmak/vegabot_ws/install/vegabot_description/share/vegabot_description/models/aws_robomaker_residential_Refrigerator_01/meshes/aws_Refrigerator_01_visual.DAE
[1.169s] -- Up-to-date: /home/spkmak/vegabot_ws/install/vegabot_description/share/vegabot_description/models/aws_robomaker_residential_Refrigerator_01/meshes/aws_Refrigerator_01_collision.DAE
[1.169s] -- Up-to-date: /home/spkmak/vegabot_ws/install/vegabot_description/share/vegabot_description/models/aws_robomaker_residential_Refrigerator_01/meshes/aws_Refrigerator_01.DAE
[1.172s] -- Up-to-date: /home/spkmak/vegabot_ws/install/vegabot_description/share/vegabot_description/models/aws_robomaker_residential_Refrigerator_01/model.config
[1.172s] -- Up-to-date: /home/spkmak/vegabot_ws/install/vegabot_description/share/vegabot_description/models/aws_robomaker_residential_Refrigerator_01/model.sdf
[1.173s] -- Up-to-date: /home/spkmak/vegabot_ws/install/vegabot_description/share/vegabot_description/models/aws_robomaker_residential_Refrigerator_01/materials
[1.173s] -- Up-to-date: /home/spkmak/vegabot_ws/install/vegabot_description/share/vegabot_description/models/aws_robomaker_residential_Refrigerator_01/materials/textures
[1.174s] -- Up-to-date: /home/spkmak/vegabot_ws/install/vegabot_description/share/vegabot_description/models/aws_robomaker_residential_Refrigerator_01/materials/textures/aws_Refrigerator_02.png
[1.174s] -- Up-to-date: /home/spkmak/vegabot_ws/install/vegabot_description/share/vegabot_description/models/aws_robomaker_residential_Refrigerator_01/materials/textures/aws_Refrigerator_01.png
[1.175s] -- Up-to-date: /home/spkmak/vegabot_ws/install/vegabot_description/share/vegabot_description/models/aws_robomaker_residential_TV_02
[1.175s] -- Up-to-date: /home/spkmak/vegabot_ws/install/vegabot_description/share/vegabot_description/models/aws_robomaker_residential_TV_02/meshes
[1.177s] -- Up-to-date: /home/spkmak/vegabot_ws/install/vegabot_description/share/vegabot_description/models/aws_robomaker_residential_TV_02/meshes/aws_TV_01_visual.DAE
[1.178s] -- Up-to-date: /home/spkmak/vegabot_ws/install/vegabot_description/share/vegabot_description/models/aws_robomaker_residential_TV_02/meshes/aws_TV_01_collision.DAE
[1.178s] -- Up-to-date: /home/spkmak/vegabot_ws/install/vegabot_description/share/vegabot_description/models/aws_robomaker_residential_TV_02/model.config
[1.179s] -- Up-to-date: /home/spkmak/vegabot_ws/install/vegabot_description/share/vegabot_description/models/aws_robomaker_residential_TV_02/model.sdf
[1.180s] -- Up-to-date: /home/spkmak/vegabot_ws/install/vegabot_description/share/vegabot_description/models/aws_robomaker_residential_TV_02/materials
[1.180s] -- Up-to-date: /home/spkmak/vegabot_ws/install/vegabot_description/share/vegabot_description/models/aws_robomaker_residential_TV_02/materials/textures
[1.181s] -- Up-to-date: /home/spkmak/vegabot_ws/install/vegabot_description/share/vegabot_description/models/aws_robomaker_residential_TV_02/materials/textures/aws_TV_01.png
[1.181s] -- Up-to-date: /home/spkmak/vegabot_ws/install/vegabot_description/share/vegabot_description/models/aws_robomaker_residential_FoldingDoor_01
[1.182s] -- Up-to-date: /home/spkmak/vegabot_ws/install/vegabot_description/share/vegabot_description/models/aws_robomaker_residential_FoldingDoor_01/meshes
[1.184s] -- Up-to-date: /home/spkmak/vegabot_ws/install/vegabot_description/share/vegabot_description/models/aws_robomaker_residential_FoldingDoor_01/meshes/aws_FoldingDoor_01_visual.DAE
[1.186s] -- Up-to-date: /home/spkmak/vegabot_ws/install/vegabot_description/share/vegabot_description/models/aws_robomaker_residential_FoldingDoor_01/meshes/aws_FoldingDoor_01_collision.DAE
[1.186s] -- Up-to-date: /home/spkmak/vegabot_ws/install/vegabot_description/share/vegabot_description/models/aws_robomaker_residential_FoldingDoor_01/model.config
[1.187s] -- Up-to-date: /home/spkmak/vegabot_ws/install/vegabot_description/share/vegabot_description/models/aws_robomaker_residential_FoldingDoor_01/model.sdf
[1.187s] -- Up-to-date: /home/spkmak/vegabot_ws/install/vegabot_description/share/vegabot_description/models/aws_robomaker_residential_FoldingDoor_01/materials
[1.187s] -- Up-to-date: /home/spkmak/vegabot_ws/install/vegabot_description/share/vegabot_description/models/aws_robomaker_residential_FoldingDoor_01/materials/textures
[1.188s] -- Up-to-date: /home/spkmak/vegabot_ws/install/vegabot_description/share/vegabot_description/models/aws_robomaker_residential_FoldingDoor_01/materials/textures/aws_FoldingDoor_01.png
[1.188s] -- Up-to-date: /home/spkmak/vegabot_ws/install/vegabot_description/share/vegabot_description/models/aws_robomaker_warehouse_Bucket_01
[1.189s] -- Up-to-date: /home/spkmak/vegabot_ws/install/vegabot_description/share/vegabot_description/models/aws_robomaker_warehouse_Bucket_01/meshes
[1.189s] -- Up-to-date: /home/spkmak/vegabot_ws/install/vegabot_description/share/vegabot_description/models/aws_robomaker_warehouse_Bucket_01/meshes/aws_robomaker_warehouse_Bucket_01_collision.DAE
[1.190s] -- Up-to-date: /home/spkmak/vegabot_ws/install/vegabot_description/share/vegabot_description/models/aws_robomaker_warehouse_Bucket_01/meshes/aws_robomaker_warehouse_Bucket_01_visual.DAE
[1.190s] -- Up-to-date: /home/spkmak/vegabot_ws/install/vegabot_description/share/vegabot_description/models/aws_robomaker_warehouse_Bucket_01/model.config
[1.191s] -- Up-to-date: /home/spkmak/vegabot_ws/install/vegabot_description/share/vegabot_description/models/aws_robomaker_warehouse_Bucket_01/model.sdf
[1.191s] -- Up-to-date: /home/spkmak/vegabot_ws/install/vegabot_description/share/vegabot_description/models/aws_robomaker_warehouse_Bucket_01/.DS_Store
[1.191s] -- Up-to-date: /home/spkmak/vegabot_ws/install/vegabot_description/share/vegabot_description/models/aws_robomaker_warehouse_Bucket_01/materials
[1.192s] -- Up-to-date: /home/spkmak/vegabot_ws/install/vegabot_description/share/vegabot_description/models/aws_robomaker_warehouse_Bucket_01/materials/textures
[1.192s] -- Up-to-date: /home/spkmak/vegabot_ws/install/vegabot_description/share/vegabot_description/models/aws_robomaker_warehouse_Bucket_01/materials/textures/aws_robomaker_warehouse_Bucket_01.png
[1.193s] -- Up-to-date: /home/spkmak/vegabot_ws/install/vegabot_description/share/vegabot_description/models/aws_robomaker_warehouse_Bucket_01/materials/.DS_Store
[1.193s] -- Up-to-date: /home/spkmak/vegabot_ws/install/vegabot_description/share/vegabot_description/models/aws_robomaker_residential_Board_01
[1.194s] -- Up-to-date: /home/spkmak/vegabot_ws/install/vegabot_description/share/vegabot_description/models/aws_robomaker_residential_Board_01/meshes
[1.194s] -- Up-to-date: /home/spkmak/vegabot_ws/install/vegabot_description/share/vegabot_description/models/aws_robomaker_residential_Board_01/meshes/aws_Board_01_visual.DAE
[1.195s] -- Up-to-date: /home/spkmak/vegabot_ws/install/vegabot_description/share/vegabot_description/models/aws_robomaker_residential_Board_01/meshes/aws_Board_01_collision.DAE
[1.196s] -- Up-to-date: /home/spkmak/vegabot_ws/install/vegabot_description/share/vegabot_description/models/aws_robomaker_residential_Board_01/model.config
[1.197s] -- Up-to-date: /home/spkmak/vegabot_ws/install/vegabot_description/share/vegabot_description/models/aws_robomaker_residential_Board_01/model.sdf
[1.198s] -- Up-to-date: /home/spkmak/vegabot_ws/install/vegabot_description/share/vegabot_description/models/aws_robomaker_residential_Board_01/materials
[1.198s] -- Up-to-date: /home/spkmak/vegabot_ws/install/vegabot_description/share/vegabot_description/models/aws_robomaker_residential_Board_01/materials/textures
[1.199s] -- Up-to-date: /home/spkmak/vegabot_ws/install/vegabot_description/share/vegabot_description/models/aws_robomaker_residential_Board_01/materials/textures/aws_Board_01.png
[1.199s] -- Up-to-date: /home/spkmak/vegabot_ws/install/vegabot_description/share/vegabot_description/models/aws_robomaker_warehouse_DeskC_01
[1.200s] -- Up-to-date: /home/spkmak/vegabot_ws/install/vegabot_description/share/vegabot_description/models/aws_robomaker_warehouse_DeskC_01/meshes
[1.201s] -- Up-to-date: /home/spkmak/vegabot_ws/install/vegabot_description/share/vegabot_description/models/aws_robomaker_warehouse_DeskC_01/meshes/aws_robomaker_warehouse_DeskC_01_visual.DAE
[1.202s] -- Up-to-date: /home/spkmak/vegabot_ws/install/vegabot_description/share/vegabot_description/models/aws_robomaker_warehouse_DeskC_01/meshes/aws_robomaker_warehouse_DeskC_01_collision.DAE
[1.202s] -- Up-to-date: /home/spkmak/vegabot_ws/install/vegabot_description/share/vegabot_description/models/aws_robomaker_warehouse_DeskC_01/model.config
[1.204s] -- Up-to-date: /home/spkmak/vegabot_ws/install/vegabot_description/share/vegabot_description/models/aws_robomaker_warehouse_DeskC_01/model.sdf
[1.204s] -- Up-to-date: /home/spkmak/vegabot_ws/install/vegabot_description/share/vegabot_description/models/aws_robomaker_warehouse_DeskC_01/materials
[1.204s] -- Up-to-date: /home/spkmak/vegabot_ws/install/vegabot_description/share/vegabot_description/models/aws_robomaker_warehouse_DeskC_01/materials/textures
[1.206s] -- Up-to-date: /home/spkmak/vegabot_ws/install/vegabot_description/share/vegabot_description/models/aws_robomaker_warehouse_DeskC_01/materials/textures/aws_robomaker_warehouse_DeskC_04.png
[1.207s] -- Up-to-date: /home/spkmak/vegabot_ws/install/vegabot_description/share/vegabot_description/models/aws_robomaker_warehouse_DeskC_01/materials/textures/aws_robomaker_warehouse_DeskC_02.png
[1.211s] -- Up-to-date: /home/spkmak/vegabot_ws/install/vegabot_description/share/vegabot_description/models/aws_robomaker_warehouse_DeskC_01/materials/textures/aws_robomaker_warehouse_DeskC_03.psd
[1.212s] -- Up-to-date: /home/spkmak/vegabot_ws/install/vegabot_description/share/vegabot_description/models/aws_robomaker_warehouse_DeskC_01/materials/textures/aws_robomaker_warehouse_DeskC_03.png
[1.213s] -- Up-to-date: /home/spkmak/vegabot_ws/install/vegabot_description/share/vegabot_description/models/aws_robomaker_warehouse_DeskC_01/materials/textures/aws_robomaker_warehouse_DeskC_01.png
[1.214s] -- Up-to-date: /home/spkmak/vegabot_ws/install/vegabot_description/share/vegabot_description/models/aws_robomaker_warehouse_DeskC_01/materials/.DS_Store
[1.214s] -- Up-to-date: /home/spkmak/vegabot_ws/install/vegabot_description/share/vegabot_description/models/aws_robomaker_residential_RoomWall_01
[1.215s] -- Up-to-date: /home/spkmak/vegabot_ws/install/vegabot_description/share/vegabot_description/models/aws_robomaker_residential_RoomWall_01/meshes
[1.216s] -- Up-to-date: /home/spkmak/vegabot_ws/install/vegabot_description/share/vegabot_description/models/aws_robomaker_residential_RoomWall_01/meshes/aws_RoomWall_01_visual.DAE
[1.217s] -- Up-to-date: /home/spkmak/vegabot_ws/install/vegabot_description/share/vegabot_description/models/aws_robomaker_residential_RoomWall_01/meshes/aws_RoomWall_01_collision.DAE
[1.218s] -- Up-to-date: /home/spkmak/vegabot_ws/install/vegabot_description/share/vegabot_description/models/aws_robomaker_residential_RoomWall_01/model.config
[1.218s] -- Up-to-date: /home/spkmak/vegabot_ws/install/vegabot_description/share/vegabot_description/models/aws_robomaker_residential_RoomWall_01/model.sdf
[1.219s] -- Up-to-date: /home/spkmak/vegabot_ws/install/vegabot_description/share/vegabot_description/models/aws_robomaker_residential_RoomWall_01/materials
[1.219s] -- Up-to-date: /home/spkmak/vegabot_ws/install/vegabot_description/share/vegabot_description/models/aws_robomaker_residential_RoomWall_01/materials/textures
[1.220s] -- Up-to-date: /home/spkmak/vegabot_ws/install/vegabot_description/share/vegabot_description/models/aws_robomaker_residential_RoomWall_01/materials/textures/aws_RoomWall_01.png
[1.221s] -- Up-to-date: /home/spkmak/vegabot_ws/install/vegabot_description/share/vegabot_description/models/maze_walls
[1.221s] -- Up-to-date: /home/spkmak/vegabot_ws/install/vegabot_description/share/vegabot_description/models/maze_walls/meshes
[1.222s] -- Up-to-date: /home/spkmak/vegabot_ws/install/vegabot_description/share/vegabot_description/models/maze_walls/meshes/maze_walls.dae
[1.223s] -- Up-to-date: /home/spkmak/vegabot_ws/install/vegabot_description/share/vegabot_description/models/maze_walls/model.config
[1.224s] -- Up-to-date: /home/spkmak/vegabot_ws/install/vegabot_description/share/vegabot_description/models/maze_walls/model.sdf
[1.225s] -- Up-to-date: /home/spkmak/vegabot_ws/install/vegabot_description/share/vegabot_description/models/aws_robomaker_residential_LightC_01
[1.226s] -- Up-to-date: /home/spkmak/vegabot_ws/install/vegabot_description/share/vegabot_description/models/aws_robomaker_residential_LightC_01/meshes
[1.227s] -- Up-to-date: /home/spkmak/vegabot_ws/install/vegabot_description/share/vegabot_description/models/aws_robomaker_residential_LightC_01/meshes/aws_LightC_01_visual.DAE
[1.228s] -- Up-to-date: /home/spkmak/vegabot_ws/install/vegabot_description/share/vegabot_description/models/aws_robomaker_residential_LightC_01/meshes/aws_LightC_01_collision.DAE
[1.228s] -- Up-to-date: /home/spkmak/vegabot_ws/install/vegabot_description/share/vegabot_description/models/aws_robomaker_residential_LightC_01/model.config
[1.229s] -- Up-to-date: /home/spkmak/vegabot_ws/install/vegabot_description/share/vegabot_description/models/aws_robomaker_residential_LightC_01/model.sdf
[1.229s] -- Up-to-date: /home/spkmak/vegabot_ws/install/vegabot_description/share/vegabot_description/models/aws_robomaker_residential_LightC_01/materials
[1.230s] -- Up-to-date: /home/spkmak/vegabot_ws/install/vegabot_description/share/vegabot_description/models/aws_robomaker_residential_LightC_01/materials/textures
[1.230s] -- Up-to-date: /home/spkmak/vegabot_ws/install/vegabot_description/share/vegabot_description/models/aws_robomaker_residential_LightC_01/materials/textures/aws_LightC_01.png
[1.232s] -- Up-to-date: /home/spkmak/vegabot_ws/install/vegabot_description/share/vegabot_description/models/aws_robomaker_residential_SofaB_01
[1.235s] -- Up-to-date: /home/spkmak/vegabot_ws/install/vegabot_description/share/vegabot_description/models/aws_robomaker_residential_SofaB_01/meshes
[1.236s] -- Up-to-date: /home/spkmak/vegabot_ws/install/vegabot_description/share/vegabot_description/models/aws_robomaker_residential_SofaB_01/meshes/aws_SofaB_01_visual.DAE
[1.236s] -- Up-to-date: /home/spkmak/vegabot_ws/install/vegabot_description/share/vegabot_description/models/aws_robomaker_residential_SofaB_01/meshes/aws_SofaB_01_collision.DAE
[1.236s] -- Up-to-date: /home/spkmak/vegabot_ws/install/vegabot_description/share/vegabot_description/models/aws_robomaker_residential_SofaB_01/model.config
[1.237s] -- Up-to-date: /home/spkmak/vegabot_ws/install/vegabot_description/share/vegabot_description/models/aws_robomaker_residential_SofaB_01/model.sdf
[1.237s] -- Up-to-date: /home/spkmak/vegabot_ws/install/vegabot_description/share/vegabot_description/models/aws_robomaker_residential_SofaB_01/materials
[1.237s] -- Up-to-date: /home/spkmak/vegabot_ws/install/vegabot_description/share/vegabot_description/models/aws_robomaker_residential_SofaB_01/materials/textures
[1.238s] -- Up-to-date: /home/spkmak/vegabot_ws/install/vegabot_description/share/vegabot_description/models/aws_robomaker_residential_SofaB_01/materials/textures/aws_SofaB_01.png
[1.238s] -- Up-to-date: /home/spkmak/vegabot_ws/install/vegabot_description/share/vegabot_description/models/aws_robomaker_residential_DeskPortraitD_01
[1.239s] -- Up-to-date: /home/spkmak/vegabot_ws/install/vegabot_description/share/vegabot_description/models/aws_robomaker_residential_DeskPortraitD_01/meshes
[1.239s] -- Up-to-date: /home/spkmak/vegabot_ws/install/vegabot_description/share/vegabot_description/models/aws_robomaker_residential_DeskPortraitD_01/meshes/aws_DeskPortraitD_01_collision.DAE
[1.239s] -- Up-to-date: /home/spkmak/vegabot_ws/install/vegabot_description/share/vegabot_description/models/aws_robomaker_residential_DeskPortraitD_01/meshes/aws_DeskPortraitD_01_visual.DAE
[1.240s] -- Up-to-date: /home/spkmak/vegabot_ws/install/vegabot_description/share/vegabot_description/models/aws_robomaker_residential_DeskPortraitD_01/model.config
[1.240s] -- Up-to-date: /home/spkmak/vegabot_ws/install/vegabot_description/share/vegabot_description/models/aws_robomaker_residential_DeskPortraitD_01/model.sdf
[1.240s] -- Up-to-date: /home/spkmak/vegabot_ws/install/vegabot_description/share/vegabot_description/models/aws_robomaker_residential_DeskPortraitD_01/materials
[1.241s] -- Up-to-date: /home/spkmak/vegabot_ws/install/vegabot_description/share/vegabot_description/models/aws_robomaker_residential_DeskPortraitD_01/materials/textures
[1.242s] -- Up-to-date: /home/spkmak/vegabot_ws/install/vegabot_description/share/vegabot_description/models/aws_robomaker_residential_DeskPortraitD_01/materials/textures/aws_DeskPortraitD_02.png
[1.242s] -- Up-to-date: /home/spkmak/vegabot_ws/install/vegabot_description/share/vegabot_description/models/aws_robomaker_residential_DeskPortraitD_01/materials/textures/aws_DeskPortraitD_01.png
[1.242s] -- Up-to-date: /home/spkmak/vegabot_ws/install/vegabot_description/share/vegabot_description/models/aws_robomaker_warehouse_ShelfF_01
[1.242s] -- Up-to-date: /home/spkmak/vegabot_ws/install/vegabot_description/share/vegabot_description/models/aws_robomaker_warehouse_ShelfF_01/meshes
[1.243s] -- Up-to-date: /home/spkmak/vegabot_ws/install/vegabot_description/share/vegabot_description/models/aws_robomaker_warehouse_ShelfF_01/meshes/aws_robomaker_warehouse_ShelfF_01_collision.DAE
[1.243s] -- Up-to-date: /home/spkmak/vegabot_ws/install/vegabot_description/share/vegabot_description/models/aws_robomaker_warehouse_ShelfF_01/meshes/aws_robomaker_warehouse_ShelfF_01_visual.DAE
[1.243s] -- Up-to-date: /home/spkmak/vegabot_ws/install/vegabot_description/share/vegabot_description/models/aws_robomaker_warehouse_ShelfF_01/model.config
[1.244s] -- Up-to-date: /home/spkmak/vegabot_ws/install/vegabot_description/share/vegabot_description/models/aws_robomaker_warehouse_ShelfF_01/model.sdf
[1.244s] -- Up-to-date: /home/spkmak/vegabot_ws/install/vegabot_description/share/vegabot_description/models/aws_robomaker_warehouse_ShelfF_01/materials
[1.244s] -- Up-to-date: /home/spkmak/vegabot_ws/install/vegabot_description/share/vegabot_description/models/aws_robomaker_warehouse_ShelfF_01/materials/textures
[1.245s] -- Up-to-date: /home/spkmak/vegabot_ws/install/vegabot_description/share/vegabot_description/models/aws_robomaker_warehouse_ShelfF_01/materials/textures/aws_robomaker_warehouse_ShelfF_02.png
[1.245s] -- Up-to-date: /home/spkmak/vegabot_ws/install/vegabot_description/share/vegabot_description/models/aws_robomaker_warehouse_ShelfF_01/materials/textures/aws_robomaker_warehouse_ShelfF_01.png
[1.245s] -- Up-to-date: /home/spkmak/vegabot_ws/install/vegabot_description/share/vegabot_description/models/aws_robomaker_warehouse_ShelfF_01/materials/textures/aws_robomaker_warehouse_ShelfF_03.png
[1.245s] -- Up-to-date: /home/spkmak/vegabot_ws/install/vegabot_description/share/vegabot_description/models/aws_robomaker_residential_Vase_01
[1.246s] -- Up-to-date: /home/spkmak/vegabot_ws/install/vegabot_description/share/vegabot_description/models/aws_robomaker_residential_Vase_01/meshes
[1.246s] -- Up-to-date: /home/spkmak/vegabot_ws/install/vegabot_description/share/vegabot_description/models/aws_robomaker_residential_Vase_01/meshes/aws_Vase_01_collision.DAE
[1.246s] -- Up-to-date: /home/spkmak/vegabot_ws/install/vegabot_description/share/vegabot_description/models/aws_robomaker_residential_Vase_01/meshes/aws_Vase_01_visual.DAE
[1.246s] -- Up-to-date: /home/spkmak/vegabot_ws/install/vegabot_description/share/vegabot_description/models/aws_robomaker_residential_Vase_01/model.config
[1.247s] -- Up-to-date: /home/spkmak/vegabot_ws/install/vegabot_description/share/vegabot_description/models/aws_robomaker_residential_Vase_01/model.sdf
[1.247s] -- Up-to-date: /home/spkmak/vegabot_ws/install/vegabot_description/share/vegabot_description/models/aws_robomaker_residential_Vase_01/materials
[1.248s] -- Up-to-date: /home/spkmak/vegabot_ws/install/vegabot_description/share/vegabot_description/models/aws_robomaker_residential_Vase_01/materials/textures
[1.248s] -- Up-to-date: /home/spkmak/vegabot_ws/install/vegabot_description/share/vegabot_description/models/aws_robomaker_residential_Vase_01/materials/textures/aws_Vase_01.png
[1.248s] -- Up-to-date: /home/spkmak/vegabot_ws/install/vegabot_description/share/vegabot_description/models/aws_robomaker_residential_PortraitE_02
[1.249s] -- Up-to-date: /home/spkmak/vegabot_ws/install/vegabot_description/share/vegabot_description/models/aws_robomaker_residential_PortraitE_02/meshes
[1.249s] -- Up-to-date: /home/spkmak/vegabot_ws/install/vegabot_description/share/vegabot_description/models/aws_robomaker_residential_PortraitE_02/meshes/aws_PortraitE_01_collision.DAE
[1.251s] -- Up-to-date: /home/spkmak/vegabot_ws/install/vegabot_description/share/vegabot_description/models/aws_robomaker_residential_PortraitE_02/meshes/aws_PortraitE_01_visual.DAE
[1.252s] -- Up-to-date: /home/spkmak/vegabot_ws/install/vegabot_description/share/vegabot_description/models/aws_robomaker_residential_PortraitE_02/model.config
[1.253s] -- Up-to-date: /home/spkmak/vegabot_ws/install/vegabot_description/share/vegabot_description/models/aws_robomaker_residential_PortraitE_02/model.sdf
[1.254s] -- Up-to-date: /home/spkmak/vegabot_ws/install/vegabot_description/share/vegabot_description/models/aws_robomaker_residential_PortraitE_02/materials
[1.254s] -- Up-to-date: /home/spkmak/vegabot_ws/install/vegabot_description/share/vegabot_description/models/aws_robomaker_residential_PortraitE_02/materials/textures
[1.255s] -- Up-to-date: /home/spkmak/vegabot_ws/install/vegabot_description/share/vegabot_description/models/aws_robomaker_residential_PortraitE_02/materials/textures/aws_PortraitE_01.png
[1.256s] -- Up-to-date: /home/spkmak/vegabot_ws/install/vegabot_description/share/vegabot_description/models/aws_robomaker_residential_PortraitE_02/materials/textures/aws_PortraitE_02.png
[1.257s] -- Up-to-date: /home/spkmak/vegabot_ws/install/vegabot_description/share/vegabot_description/models/aws_robomaker_residential_PortraitD_02
[1.257s] -- Up-to-date: /home/spkmak/vegabot_ws/install/vegabot_description/share/vegabot_description/models/aws_robomaker_residential_PortraitD_02/meshes
[1.257s] -- Up-to-date: /home/spkmak/vegabot_ws/install/vegabot_description/share/vegabot_description/models/aws_robomaker_residential_PortraitD_02/meshes/aws_PortraitD_01_visual.DAE
[1.257s] -- Up-to-date: /home/spkmak/vegabot_ws/install/vegabot_description/share/vegabot_description/models/aws_robomaker_residential_PortraitD_02/meshes/aws_PortraitD_01_collision.DAE
[1.258s] -- Up-to-date: /home/spkmak/vegabot_ws/install/vegabot_description/share/vegabot_description/models/aws_robomaker_residential_PortraitD_02/model.config
[1.259s] -- Up-to-date: /home/spkmak/vegabot_ws/install/vegabot_description/share/vegabot_description/models/aws_robomaker_residential_PortraitD_02/model.sdf
[1.259s] -- Up-to-date: /home/spkmak/vegabot_ws/install/vegabot_description/share/vegabot_description/models/aws_robomaker_residential_PortraitD_02/materials
[1.260s] -- Up-to-date: /home/spkmak/vegabot_ws/install/vegabot_description/share/vegabot_description/models/aws_robomaker_residential_PortraitD_02/materials/textures
[1.261s] -- Up-to-date: /home/spkmak/vegabot_ws/install/vegabot_description/share/vegabot_description/models/aws_robomaker_residential_PortraitD_02/materials/textures/aws_PortraitD_01.png
[1.261s] -- Up-to-date: /home/spkmak/vegabot_ws/install/vegabot_description/share/vegabot_description/models/aws_robomaker_residential_PortraitD_02/materials/textures/aws_PortraitD_02.png
[1.262s] -- Up-to-date: /home/spkmak/vegabot_ws/install/vegabot_description/share/vegabot_description/models/aws_robomaker_residential_PortraitA_02
[1.263s] -- Up-to-date: /home/spkmak/vegabot_ws/install/vegabot_description/share/vegabot_description/models/aws_robomaker_residential_PortraitA_02/meshes
[1.264s] -- Up-to-date: /home/spkmak/vegabot_ws/install/vegabot_description/share/vegabot_description/models/aws_robomaker_residential_PortraitA_02/meshes/aws_PortraitA_01_collision.DAE
[1.268s] -- Up-to-date: /home/spkmak/vegabot_ws/install/vegabot_description/share/vegabot_description/models/aws_robomaker_residential_PortraitA_02/meshes/aws_PortraitA_01_visual.DAE
[1.269s] -- Up-to-date: /home/spkmak/vegabot_ws/install/vegabot_description/share/vegabot_description/models/aws_robomaker_residential_PortraitA_02/model.config
[1.270s] -- Up-to-date: /home/spkmak/vegabot_ws/install/vegabot_description/share/vegabot_description/models/aws_robomaker_residential_PortraitA_02/model.sdf
[1.270s] -- Up-to-date: /home/spkmak/vegabot_ws/install/vegabot_description/share/vegabot_description/models/aws_robomaker_residential_PortraitA_02/materials
[1.271s] -- Up-to-date: /home/spkmak/vegabot_ws/install/vegabot_description/share/vegabot_description/models/aws_robomaker_residential_PortraitA_02/materials/textures
[1.272s] -- Up-to-date: /home/spkmak/vegabot_ws/install/vegabot_description/share/vegabot_description/models/aws_robomaker_residential_PortraitA_02/materials/textures/aws_PortraitA_02.png
[1.273s] -- Up-to-date: /home/spkmak/vegabot_ws/install/vegabot_description/share/vegabot_description/models/aws_robomaker_residential_PortraitA_02/materials/textures/aws_PortraitA_01.png
[1.275s] -- Up-to-date: /home/spkmak/vegabot_ws/install/vegabot_description/share/vegabot_description/models/aws_robomaker_warehouse_ClutteringD_01
[1.275s] -- Up-to-date: /home/spkmak/vegabot_ws/install/vegabot_description/share/vegabot_description/models/aws_robomaker_warehouse_ClutteringD_01/meshes
[1.276s] -- Up-to-date: /home/spkmak/vegabot_ws/install/vegabot_description/share/vegabot_description/models/aws_robomaker_warehouse_ClutteringD_01/meshes/aws_robomaker_warehouse_ClutteringD_01_visual.DAE
[1.276s] -- Up-to-date: /home/spkmak/vegabot_ws/install/vegabot_description/share/vegabot_description/models/aws_robomaker_warehouse_ClutteringD_01/meshes/aws_robomaker_warehouse_ClutteringD_01_collision.DAE
[1.277s] -- Up-to-date: /home/spkmak/vegabot_ws/install/vegabot_description/share/vegabot_description/models/aws_robomaker_warehouse_ClutteringD_01/model.config
[1.278s] -- Up-to-date: /home/spkmak/vegabot_ws/install/vegabot_description/share/vegabot_description/models/aws_robomaker_warehouse_ClutteringD_01/model.sdf
[1.279s] -- Up-to-date: /home/spkmak/vegabot_ws/install/vegabot_description/share/vegabot_description/models/aws_robomaker_warehouse_ClutteringD_01/materials
[1.280s] -- Up-to-date: /home/spkmak/vegabot_ws/install/vegabot_description/share/vegabot_description/models/aws_robomaker_warehouse_ClutteringD_01/materials/textures
[1.280s] -- Up-to-date: /home/spkmak/vegabot_ws/install/vegabot_description/share/vegabot_description/models/aws_robomaker_warehouse_ClutteringD_01/materials/textures/aws_robomaker_warehouse_ClutteringD_01.png
[1.281s] -- Up-to-date: /home/spkmak/vegabot_ws/install/vegabot_description/share/vegabot_description/models/aws_robomaker_warehouse_ClutteringD_01/materials/textures/aws_robomaker_warehouse_ClutteringD_02.png
[1.282s] -- Up-to-date: /home/spkmak/vegabot_ws/install/vegabot_description/share/vegabot_description/models/aws_robomaker_warehouse_PalletJackB_01
[1.283s] -- Up-to-date: /home/spkmak/vegabot_ws/install/vegabot_description/share/vegabot_description/models/aws_robomaker_warehouse_PalletJackB_01/meshes
[1.284s] -- Up-to-date: /home/spkmak/vegabot_ws/install/vegabot_description/share/vegabot_description/models/aws_robomaker_warehouse_PalletJackB_01/meshes/aws_robomaker_warehouse_PalletJackB_01_visual.DAE
[1.284s] -- Up-to-date: /home/spkmak/vegabot_ws/install/vegabot_description/share/vegabot_description/models/aws_robomaker_warehouse_PalletJackB_01/meshes/aws_robomaker_warehouse_PalletJackB_01_collision.DAE
[1.285s] -- Up-to-date: /home/spkmak/vegabot_ws/install/vegabot_description/share/vegabot_description/models/aws_robomaker_warehouse_PalletJackB_01/model.config
[1.285s] -- Up-to-date: /home/spkmak/vegabot_ws/install/vegabot_description/share/vegabot_description/models/aws_robomaker_warehouse_PalletJackB_01/model.sdf
[1.286s] -- Up-to-date: /home/spkmak/vegabot_ws/install/vegabot_description/share/vegabot_description/models/aws_robomaker_warehouse_PalletJackB_01/.DS_Store
[1.287s] -- Up-to-date: /home/spkmak/vegabot_ws/install/vegabot_description/share/vegabot_description/models/aws_robomaker_warehouse_PalletJackB_01/materials
[1.287s] -- Up-to-date: /home/spkmak/vegabot_ws/install/vegabot_description/share/vegabot_description/models/aws_robomaker_warehouse_PalletJackB_01/materials/textures
[1.288s] -- Up-to-date: /home/spkmak/vegabot_ws/install/vegabot_description/share/vegabot_description/models/aws_robomaker_warehouse_PalletJackB_01/materials/textures/aws_robomaker_warehouse_PalletJackB_02.png
[1.288s] -- Up-to-date: /home/spkmak/vegabot_ws/install/vegabot_description/share/vegabot_description/models/aws_robomaker_warehouse_PalletJackB_01/materials/textures/aws_robomaker_warehouse_PalletJackB_01.png
[1.289s] -- Up-to-date: /home/spkmak/vegabot_ws/install/vegabot_description/share/vegabot_description/models/aws_robomaker_warehouse_PalletJackB_01/materials/.DS_Store
[1.290s] -- Up-to-date: /home/spkmak/vegabot_ws/install/vegabot_description/share/vegabot_description/models/aws_robomaker_residential_Trash_01
[1.292s] -- Up-to-date: /home/spkmak/vegabot_ws/install/vegabot_description/share/vegabot_description/models/aws_robomaker_residential_Trash_01/meshes
[1.293s] -- Up-to-date: /home/spkmak/vegabot_ws/install/vegabot_description/share/vegabot_description/models/aws_robomaker_residential_Trash_01/meshes/aws_Trash_01_visual.DAE
[1.294s] -- Up-to-date: /home/spkmak/vegabot_ws/install/vegabot_description/share/vegabot_description/models/aws_robomaker_residential_Trash_01/meshes/aws_Trash_01_collision.DAE
[1.294s] -- Up-to-date: /home/spkmak/vegabot_ws/install/vegabot_description/share/vegabot_description/models/aws_robomaker_residential_Trash_01/model.config
[1.295s] -- Up-to-date: /home/spkmak/vegabot_ws/install/vegabot_description/share/vegabot_description/models/aws_robomaker_residential_Trash_01/model.sdf
[1.295s] -- Up-to-date: /home/spkmak/vegabot_ws/install/vegabot_description/share/vegabot_description/models/aws_robomaker_residential_Trash_01/materials
[1.296s] -- Up-to-date: /home/spkmak/vegabot_ws/install/vegabot_description/share/vegabot_description/models/aws_robomaker_residential_Trash_01/materials/textures
[1.296s] -- Up-to-date: /home/spkmak/vegabot_ws/install/vegabot_description/share/vegabot_description/models/aws_robomaker_residential_Trash_01/materials/textures/aws_Trash_01.png
[1.297s] -- Up-to-date: /home/spkmak/vegabot_ws/install/vegabot_description/share/vegabot_description/models/aws_robomaker_warehouse_WallB_01
[1.297s] -- Up-to-date: /home/spkmak/vegabot_ws/install/vegabot_description/share/vegabot_description/models/aws_robomaker_warehouse_WallB_01/meshes
[1.297s] -- Up-to-date: /home/spkmak/vegabot_ws/install/vegabot_description/share/vegabot_description/models/aws_robomaker_warehouse_WallB_01/meshes/aws_robomaker_warehouse_WallB_01_collision.DAE
[1.298s] -- Up-to-date: /home/spkmak/vegabot_ws/install/vegabot_description/share/vegabot_description/models/aws_robomaker_warehouse_WallB_01/meshes/aws_robomaker_warehouse_WallB_01_visual.DAE
[1.298s] -- Up-to-date: /home/spkmak/vegabot_ws/install/vegabot_description/share/vegabot_description/models/aws_robomaker_warehouse_WallB_01/model.config
[1.299s] -- Up-to-date: /home/spkmak/vegabot_ws/install/vegabot_description/share/vegabot_description/models/aws_robomaker_warehouse_WallB_01/model.sdf
[1.299s] -- Up-to-date: /home/spkmak/vegabot_ws/install/vegabot_description/share/vegabot_description/models/aws_robomaker_warehouse_WallB_01/materials
[1.300s] -- Up-to-date: /home/spkmak/vegabot_ws/install/vegabot_description/share/vegabot_description/models/aws_robomaker_warehouse_WallB_01/materials/textures
[1.300s] -- Up-to-date: /home/spkmak/vegabot_ws/install/vegabot_description/share/vegabot_description/models/aws_robomaker_warehouse_WallB_01/materials/textures/aws_robomaker_warehouse_WallB_01.png
[1.300s] -- Up-to-date: /home/spkmak/vegabot_ws/install/vegabot_description/share/vegabot_description/models/aws_robomaker_warehouse_GroundB_01
[1.301s] -- Up-to-date: /home/spkmak/vegabot_ws/install/vegabot_description/share/vegabot_description/models/aws_robomaker_warehouse_GroundB_01/meshes
[1.301s] -- Up-to-date: /home/spkmak/vegabot_ws/install/vegabot_description/share/vegabot_description/models/aws_robomaker_warehouse_GroundB_01/meshes/aws_robomaker_warehouse_GroundB_01_visual.DAE
[1.302s] -- Up-to-date: /home/spkmak/vegabot_ws/install/vegabot_description/share/vegabot_description/models/aws_robomaker_warehouse_GroundB_01/meshes/aws_robomaker_warehouse_GroundB_01_collision.DAE
[1.302s] -- Up-to-date: /home/spkmak/vegabot_ws/install/vegabot_description/share/vegabot_description/models/aws_robomaker_warehouse_GroundB_01/model.config
[1.302s] -- Up-to-date: /home/spkmak/vegabot_ws/install/vegabot_description/share/vegabot_description/models/aws_robomaker_warehouse_GroundB_01/model.sdf
[1.302s] -- Up-to-date: /home/spkmak/vegabot_ws/install/vegabot_description/share/vegabot_description/models/aws_robomaker_warehouse_GroundB_01/materials
[1.303s] -- Up-to-date: /home/spkmak/vegabot_ws/install/vegabot_description/share/vegabot_description/models/aws_robomaker_warehouse_GroundB_01/materials/textures
[1.303s] -- Up-to-date: /home/spkmak/vegabot_ws/install/vegabot_description/share/vegabot_description/models/aws_robomaker_warehouse_GroundB_01/materials/textures/aws_robomaker_warehouse_GroundB_01.png
[1.303s] -- Up-to-date: /home/spkmak/vegabot_ws/install/vegabot_description/share/vegabot_description/models/aws_robomaker_warehouse_GroundB_01/materials/textures/aws_robomaker_warehouse_GroundB_02.png
[1.304s] -- Up-to-date: /home/spkmak/vegabot_ws/install/vegabot_description/share/vegabot_description/models/aws_robomaker_residential_DeskPortraitA_01
[1.304s] -- Up-to-date: /home/spkmak/vegabot_ws/install/vegabot_description/share/vegabot_description/models/aws_robomaker_residential_DeskPortraitA_01/meshes
[1.305s] -- Up-to-date: /home/spkmak/vegabot_ws/install/vegabot_description/share/vegabot_description/models/aws_robomaker_residential_DeskPortraitA_01/meshes/aws_DeskPortraitA_01_collision.DAE
[1.306s] -- Up-to-date: /home/spkmak/vegabot_ws/install/vegabot_description/share/vegabot_description/models/aws_robomaker_residential_DeskPortraitA_01/meshes/aws_DeskPortraitA_01_visual.DAE
[1.307s] -- Up-to-date: /home/spkmak/vegabot_ws/install/vegabot_description/share/vegabot_description/models/aws_robomaker_residential_DeskPortraitA_01/model.config
[1.308s] -- Up-to-date: /home/spkmak/vegabot_ws/install/vegabot_description/share/vegabot_description/models/aws_robomaker_residential_DeskPortraitA_01/model.sdf
[1.309s] -- Up-to-date: /home/spkmak/vegabot_ws/install/vegabot_description/share/vegabot_description/models/aws_robomaker_residential_DeskPortraitA_01/materials
[1.310s] -- Up-to-date: /home/spkmak/vegabot_ws/install/vegabot_description/share/vegabot_description/models/aws_robomaker_residential_DeskPortraitA_01/materials/textures
[1.310s] -- Up-to-date: /home/spkmak/vegabot_ws/install/vegabot_description/share/vegabot_description/models/aws_robomaker_residential_DeskPortraitA_01/materials/textures/aws_DeskPortraitA_02.png
[1.312s] -- Up-to-date: /home/spkmak/vegabot_ws/install/vegabot_description/share/vegabot_description/models/aws_robomaker_residential_DeskPortraitA_01/materials/textures/aws_DeskPortraitA_01.png
[1.313s] -- Up-to-date: /home/spkmak/vegabot_ws/install/vegabot_description/share/vegabot_description/models/aws_robomaker_warehouse_ShelfD_01
[1.314s] -- Up-to-date: /home/spkmak/vegabot_ws/install/vegabot_description/share/vegabot_description/models/aws_robomaker_warehouse_ShelfD_01/meshes
[1.315s] -- Up-to-date: /home/spkmak/vegabot_ws/install/vegabot_description/share/vegabot_description/models/aws_robomaker_warehouse_ShelfD_01/meshes/aws_robomaker_warehouse_ShelfD_01_collision.DAE
[1.315s] -- Up-to-date: /home/spkmak/vegabot_ws/install/vegabot_description/share/vegabot_description/models/aws_robomaker_warehouse_ShelfD_01/meshes/aws_robomaker_warehouse_ShelfD_01_visual.DAE
[1.316s] -- Up-to-date: /home/spkmak/vegabot_ws/install/vegabot_description/share/vegabot_description/models/aws_robomaker_warehouse_ShelfD_01/model.config
[1.317s] -- Up-to-date: /home/spkmak/vegabot_ws/install/vegabot_description/share/vegabot_description/models/aws_robomaker_warehouse_ShelfD_01/model.sdf
[1.318s] -- Up-to-date: /home/spkmak/vegabot_ws/install/vegabot_description/share/vegabot_description/models/aws_robomaker_warehouse_ShelfD_01/materials
[1.323s] -- Up-to-date: /home/spkmak/vegabot_ws/install/vegabot_description/share/vegabot_description/models/aws_robomaker_warehouse_ShelfD_01/materials/textures
[1.323s] -- Up-to-date: /home/spkmak/vegabot_ws/install/vegabot_description/share/vegabot_description/models/aws_robomaker_warehouse_ShelfD_01/materials/textures/aws_robomaker_warehouse_ShelfD_01.png
[1.323s] -- Up-to-date: /home/spkmak/vegabot_ws/install/vegabot_description/share/vegabot_description/models/aws_robomaker_warehouse_ShelfD_01/materials/textures/aws_robomaker_warehouse_ShelfD_04.png
[1.324s] -- Up-to-date: /home/spkmak/vegabot_ws/install/vegabot_description/share/vegabot_description/models/aws_robomaker_warehouse_ShelfD_01/materials/textures/aws_robomaker_warehouse_ShelfD_03.png
[1.324s] -- Up-to-date: /home/spkmak/vegabot_ws/install/vegabot_description/share/vegabot_description/models/aws_robomaker_warehouse_ShelfD_01/materials/textures/aws_robomaker_warehouse_ShelfD_02.png
[1.325s] -- Up-to-date: /home/spkmak/vegabot_ws/install/vegabot_description/share/vegabot_description/models/aws_robomaker_residential_FloorB_01
[1.326s] -- Up-to-date: /home/spkmak/vegabot_ws/install/vegabot_description/share/vegabot_description/models/aws_robomaker_residential_FloorB_01/meshes
[1.326s] -- Up-to-date: /home/spkmak/vegabot_ws/install/vegabot_description/share/vegabot_description/models/aws_robomaker_residential_FloorB_01/meshes/aws_FloorB_01_collision.DAE
[1.327s] -- Up-to-date: /home/spkmak/vegabot_ws/install/vegabot_description/share/vegabot_description/models/aws_robomaker_residential_FloorB_01/meshes/aws_FloorB_01_visual.DAE
[1.328s] -- Up-to-date: /home/spkmak/vegabot_ws/install/vegabot_description/share/vegabot_description/models/aws_robomaker_residential_FloorB_01/model.config
[1.328s] -- Up-to-date: /home/spkmak/vegabot_ws/install/vegabot_description/share/vegabot_description/models/aws_robomaker_residential_FloorB_01/model.sdf
[1.329s] -- Up-to-date: /home/spkmak/vegabot_ws/install/vegabot_description/share/vegabot_description/models/aws_robomaker_residential_FloorB_01/materials
[1.329s] -- Up-to-date: /home/spkmak/vegabot_ws/install/vegabot_description/share/vegabot_description/models/aws_robomaker_residential_FloorB_01/materials/textures
[1.329s] -- Up-to-date: /home/spkmak/vegabot_ws/install/vegabot_description/share/vegabot_description/models/aws_robomaker_residential_FloorB_01/materials/textures/aws_FloorB_01.png
[1.329s] -- Up-to-date: /home/spkmak/vegabot_ws/install/vegabot_description/share/vegabot_description/models/aws_robomaker_residential_Quilt_01
[1.329s] -- Up-to-date: /home/spkmak/vegabot_ws/install/vegabot_description/share/vegabot_description/models/aws_robomaker_residential_Quilt_01/meshes
[1.330s] -- Up-to-date: /home/spkmak/vegabot_ws/install/vegabot_description/share/vegabot_description/models/aws_robomaker_residential_Quilt_01/meshes/aws_Quilt_01_collision.DAE
[1.330s] -- Up-to-date: /home/spkmak/vegabot_ws/install/vegabot_description/share/vegabot_description/models/aws_robomaker_residential_Quilt_01/meshes/aws_Quilt_01_visual.DAE
[1.332s] -- Up-to-date: /home/spkmak/vegabot_ws/install/vegabot_description/share/vegabot_description/models/aws_robomaker_residential_Quilt_01/model.config
[1.332s] -- Up-to-date: /home/spkmak/vegabot_ws/install/vegabot_description/share/vegabot_description/models/aws_robomaker_residential_Quilt_01/model.sdf
[1.333s] -- Up-to-date: /home/spkmak/vegabot_ws/install/vegabot_description/share/vegabot_description/models/aws_robomaker_residential_Quilt_01/materials
[1.334s] -- Up-to-date: /home/spkmak/vegabot_ws/install/vegabot_description/share/vegabot_description/models/aws_robomaker_residential_Quilt_01/materials/textures
[1.335s] -- Up-to-date: /home/spkmak/vegabot_ws/install/vegabot_description/share/vegabot_description/models/aws_robomaker_residential_Quilt_01/materials/textures/aws_Quilt_01.png
[1.335s] -- Up-to-date: /home/spkmak/vegabot_ws/install/vegabot_description/share/vegabot_description/models/aws_robomaker_residential_Carpet_01
[1.336s] -- Up-to-date: /home/spkmak/vegabot_ws/install/vegabot_description/share/vegabot_description/models/aws_robomaker_residential_Carpet_01/meshes
[1.336s] -- Up-to-date: /home/spkmak/vegabot_ws/install/vegabot_description/share/vegabot_description/models/aws_robomaker_residential_Carpet_01/meshes/aws_Carpet_01_collision.DAE
[1.337s] -- Up-to-date: /home/spkmak/vegabot_ws/install/vegabot_description/share/vegabot_description/models/aws_robomaker_residential_Carpet_01/meshes/aws_Carpet_01_visual.DAE
[1.337s] -- Up-to-date: /home/spkmak/vegabot_ws/install/vegabot_description/share/vegabot_description/models/aws_robomaker_residential_Carpet_01/model.config
[1.338s] -- Up-to-date: /home/spkmak/vegabot_ws/install/vegabot_description/share/vegabot_description/models/aws_robomaker_residential_Carpet_01/model.sdf
[1.339s] -- Up-to-date: /home/spkmak/vegabot_ws/install/vegabot_description/share/vegabot_description/models/aws_robomaker_residential_Carpet_01/materials
[1.339s] -- Up-to-date: /home/spkmak/vegabot_ws/install/vegabot_description/share/vegabot_description/models/aws_robomaker_residential_Carpet_01/materials/textures
[1.339s] -- Up-to-date: /home/spkmak/vegabot_ws/install/vegabot_description/share/vegabot_description/models/aws_robomaker_residential_Carpet_01/materials/textures/aws_Carpet_01.png
[1.340s] -- Up-to-date: /home/spkmak/vegabot_ws/install/vegabot_description/share/vegabot_description/models/aws_robomaker_residential_ShoeRack_01
[1.340s] -- Up-to-date: /home/spkmak/vegabot_ws/install/vegabot_description/share/vegabot_description/models/aws_robomaker_residential_ShoeRack_01/meshes
[1.340s] -- Up-to-date: /home/spkmak/vegabot_ws/install/vegabot_description/share/vegabot_description/models/aws_robomaker_residential_ShoeRack_01/meshes/aws_ShoeRack_01_collision.DAE
[1.340s] -- Up-to-date: /home/spkmak/vegabot_ws/install/vegabot_description/share/vegabot_description/models/aws_robomaker_residential_ShoeRack_01/meshes/aws_ShoeRack_01_visual.DAE
[1.340s] -- Up-to-date: /home/spkmak/vegabot_ws/install/vegabot_description/share/vegabot_description/models/aws_robomaker_residential_ShoeRack_01/model.config
[1.340s] -- Up-to-date: /home/spkmak/vegabot_ws/install/vegabot_description/share/vegabot_description/models/aws_robomaker_residential_ShoeRack_01/model.sdf
[1.341s] -- Up-to-date: /home/spkmak/vegabot_ws/install/vegabot_description/share/vegabot_description/models/aws_robomaker_residential_ShoeRack_01/materials
[1.341s] -- Up-to-date: /home/spkmak/vegabot_ws/install/vegabot_description/share/vegabot_description/models/aws_robomaker_residential_ShoeRack_01/materials/textures
[1.341s] -- Up-to-date: /home/spkmak/vegabot_ws/install/vegabot_description/share/vegabot_description/models/aws_robomaker_residential_ShoeRack_01/materials/textures/aws_ShoeRack_01.png
[1.341s] -- Up-to-date: /home/spkmak/vegabot_ws/install/vegabot_description/share/vegabot_description/models/aws_robomaker_residential_TVCabinet_01
[1.341s] -- Up-to-date: /home/spkmak/vegabot_ws/install/vegabot_description/share/vegabot_description/models/aws_robomaker_residential_TVCabinet_01/meshes
[1.342s] -- Up-to-date: /home/spkmak/vegabot_ws/install/vegabot_description/share/vegabot_description/models/aws_robomaker_residential_TVCabinet_01/meshes/aws_TVCabinet_01_collision.DAE
[1.342s] -- Up-to-date: /home/spkmak/vegabot_ws/install/vegabot_description/share/vegabot_description/models/aws_robomaker_residential_TVCabinet_01/meshes/aws_TVCabinet_01_visual.DAE
[1.342s] -- Up-to-date: /home/spkmak/vegabot_ws/install/vegabot_description/share/vegabot_description/models/aws_robomaker_residential_TVCabinet_01/model.config
[1.342s] -- Up-to-date: /home/spkmak/vegabot_ws/install/vegabot_description/share/vegabot_description/models/aws_robomaker_residential_TVCabinet_01/model.sdf
[1.342s] -- Up-to-date: /home/spkmak/vegabot_ws/install/vegabot_description/share/vegabot_description/models/aws_robomaker_residential_TVCabinet_01/materials
[1.343s] -- Up-to-date: /home/spkmak/vegabot_ws/install/vegabot_description/share/vegabot_description/models/aws_robomaker_residential_TVCabinet_01/materials/textures
[1.343s] -- Up-to-date: /home/spkmak/vegabot_ws/install/vegabot_description/share/vegabot_description/models/aws_robomaker_residential_TVCabinet_01/materials/textures/aws_TVCabinet_01.png
[1.343s] -- Up-to-date: /home/spkmak/vegabot_ws/install/vegabot_description/share/vegabot_description/models/aws_robomaker_residential_DeskPortraitA_02
[1.343s] -- Up-to-date: /home/spkmak/vegabot_ws/install/vegabot_description/share/vegabot_description/models/aws_robomaker_residential_DeskPortraitA_02/meshes
[1.343s] -- Up-to-date: /home/spkmak/vegabot_ws/install/vegabot_description/share/vegabot_description/models/aws_robomaker_residential_DeskPortraitA_02/meshes/aws_DeskPortraitA_01_collision.DAE
[1.344s] -- Up-to-date: /home/spkmak/vegabot_ws/install/vegabot_description/share/vegabot_description/models/aws_robomaker_residential_DeskPortraitA_02/meshes/aws_DeskPortraitA_01_visual.DAE
[1.344s] -- Up-to-date: /home/spkmak/vegabot_ws/install/vegabot_description/share/vegabot_description/models/aws_robomaker_residential_DeskPortraitA_02/model.config
[1.344s] -- Up-to-date: /home/spkmak/vegabot_ws/install/vegabot_description/share/vegabot_description/models/aws_robomaker_residential_DeskPortraitA_02/model.sdf
[1.344s] -- Up-to-date: /home/spkmak/vegabot_ws/install/vegabot_description/share/vegabot_description/models/aws_robomaker_residential_DeskPortraitA_02/materials
[1.344s] -- Up-to-date: /home/spkmak/vegabot_ws/install/vegabot_description/share/vegabot_description/models/aws_robomaker_residential_DeskPortraitA_02/materials/textures
[1.345s] -- Up-to-date: /home/spkmak/vegabot_ws/install/vegabot_description/share/vegabot_description/models/aws_robomaker_residential_DeskPortraitA_02/materials/textures/aws_DeskPortraitA_02.png
[1.345s] -- Up-to-date: /home/spkmak/vegabot_ws/install/vegabot_description/share/vegabot_description/models/aws_robomaker_residential_DeskPortraitA_02/materials/textures/aws_DeskPortraitA_01.png
[1.345s] -- Up-to-date: /home/spkmak/vegabot_ws/install/vegabot_description/share/vegabot_description/models/aws_robomaker_warehouse_ShelfE_01
[1.345s] -- Up-to-date: /home/spkmak/vegabot_ws/install/vegabot_description/share/vegabot_description/models/aws_robomaker_warehouse_ShelfE_01/meshes
[1.345s] -- Up-to-date: /home/spkmak/vegabot_ws/install/vegabot_description/share/vegabot_description/models/aws_robomaker_warehouse_ShelfE_01/meshes/aws_robomaker_warehouse_ShelfE_01_collision.DAE
[1.346s] -- Up-to-date: /home/spkmak/vegabot_ws/install/vegabot_description/share/vegabot_description/models/aws_robomaker_warehouse_ShelfE_01/meshes/aws_robomaker_warehouse_ShelfE_01_visual.DAE
[1.346s] -- Up-to-date: /home/spkmak/vegabot_ws/install/vegabot_description/share/vegabot_description/models/aws_robomaker_warehouse_ShelfE_01/model.config
[1.347s] -- Up-to-date: /home/spkmak/vegabot_ws/install/vegabot_description/share/vegabot_description/models/aws_robomaker_warehouse_ShelfE_01/model.sdf
[1.347s] -- Up-to-date: /home/spkmak/vegabot_ws/install/vegabot_description/share/vegabot_description/models/aws_robomaker_warehouse_ShelfE_01/.DS_Store
[1.347s] -- Up-to-date: /home/spkmak/vegabot_ws/install/vegabot_description/share/vegabot_description/models/aws_robomaker_warehouse_ShelfE_01/materials
[1.347s] -- Up-to-date: /home/spkmak/vegabot_ws/install/vegabot_description/share/vegabot_description/models/aws_robomaker_warehouse_ShelfE_01/materials/textures
[1.347s] -- Up-to-date: /home/spkmak/vegabot_ws/install/vegabot_description/share/vegabot_description/models/aws_robomaker_warehouse_ShelfE_01/materials/textures/aws_robomaker_warehouse_ShelfE_03.png
[1.348s] -- Up-to-date: /home/spkmak/vegabot_ws/install/vegabot_description/share/vegabot_description/models/aws_robomaker_warehouse_ShelfE_01/materials/textures/aws_robomaker_warehouse_ShelfE_01.png
[1.348s] -- Up-to-date: /home/spkmak/vegabot_ws/install/vegabot_description/share/vegabot_description/models/aws_robomaker_warehouse_ShelfE_01/materials/textures/aws_robomaker_warehouse_ShelfE_04.png
[1.348s] -- Up-to-date: /home/spkmak/vegabot_ws/install/vegabot_description/share/vegabot_description/models/aws_robomaker_warehouse_ShelfE_01/materials/textures/aws_robomaker_warehouse_ShelfE_02.png
[1.348s] -- Up-to-date: /home/spkmak/vegabot_ws/install/vegabot_description/share/vegabot_description/models/aws_robomaker_warehouse_ShelfE_01/materials/.DS_Store
[1.348s] -- Up-to-date: /home/spkmak/vegabot_ws/install/vegabot_description/share/vegabot_description/models/aws_robomaker_residential_CookingBench_01
[1.348s] -- Up-to-date: /home/spkmak/vegabot_ws/install/vegabot_description/share/vegabot_description/models/aws_robomaker_residential_CookingBench_01/meshes
[1.348s] -- Up-to-date: /home/spkmak/vegabot_ws/install/vegabot_description/share/vegabot_description/models/aws_robomaker_residential_CookingBench_01/meshes/aws_CookingBench_01.DAE
[1.349s] -- Up-to-date: /home/spkmak/vegabot_ws/install/vegabot_description/share/vegabot_description/models/aws_robomaker_residential_CookingBench_01/meshes/aws_CookingBench_01_collision.DAE
[1.349s] -- Up-to-date: /home/spkmak/vegabot_ws/install/vegabot_description/share/vegabot_description/models/aws_robomaker_residential_CookingBench_01/meshes/aws_CookingBench_01_visual.DAE
[1.349s] -- Up-to-date: /home/spkmak/vegabot_ws/install/vegabot_description/share/vegabot_description/models/aws_robomaker_residential_CookingBench_01/model.config
[1.349s] -- Up-to-date: /home/spkmak/vegabot_ws/install/vegabot_description/share/vegabot_description/models/aws_robomaker_residential_CookingBench_01/model.sdf
[1.349s] -- Up-to-date: /home/spkmak/vegabot_ws/install/vegabot_description/share/vegabot_description/models/aws_robomaker_residential_CookingBench_01/materials
[1.349s] -- Up-to-date: /home/spkmak/vegabot_ws/install/vegabot_description/share/vegabot_description/models/aws_robomaker_residential_CookingBench_01/materials/textures
[1.349s] -- Up-to-date: /home/spkmak/vegabot_ws/install/vegabot_description/share/vegabot_description/models/aws_robomaker_residential_CookingBench_01/materials/textures/aws_CookingBench_01.png
[1.350s] -- Up-to-date: /home/spkmak/vegabot_ws/install/vegabot_description/share/vegabot_description/models/aws_robomaker_residential_Sofa_01
[1.350s] -- Up-to-date: /home/spkmak/vegabot_ws/install/vegabot_description/share/vegabot_description/models/aws_robomaker_residential_Sofa_01/meshes
[1.350s] -- Up-to-date: /home/spkmak/vegabot_ws/install/vegabot_description/share/vegabot_description/models/aws_robomaker_residential_Sofa_01/meshes/aws_Sofa_01_collision.DAE
[1.350s] -- Up-to-date: /home/spkmak/vegabot_ws/install/vegabot_description/share/vegabot_description/models/aws_robomaker_residential_Sofa_01/meshes/aws_Sofa_01_visual.DAE
[1.350s] -- Up-to-date: /home/spkmak/vegabot_ws/install/vegabot_description/share/vegabot_description/models/aws_robomaker_residential_Sofa_01/meshes/aws_Sofa_01.DAE
[1.350s] -- Up-to-date: /home/spkmak/vegabot_ws/install/vegabot_description/share/vegabot_description/models/aws_robomaker_residential_Sofa_01/model.config
[1.350s] -- Up-to-date: /home/spkmak/vegabot_ws/install/vegabot_description/share/vegabot_description/models/aws_robomaker_residential_Sofa_01/model.sdf
[1.350s] -- Up-to-date: /home/spkmak/vegabot_ws/install/vegabot_description/share/vegabot_description/models/aws_robomaker_residential_Sofa_01/materials
[1.351s] -- Up-to-date: /home/spkmak/vegabot_ws/install/vegabot_description/share/vegabot_description/models/aws_robomaker_residential_Sofa_01/materials/textures
[1.351s] -- Up-to-date: /home/spkmak/vegabot_ws/install/vegabot_description/share/vegabot_description/models/aws_robomaker_residential_Sofa_01/materials/textures/aws_Sofa_01.png
[1.351s] -- Up-to-date: /home/spkmak/vegabot_ws/install/vegabot_description/share/vegabot_description/models/aws_robomaker_residential_Wardrobe_01
[1.351s] -- Up-to-date: /home/spkmak/vegabot_ws/install/vegabot_description/share/vegabot_description/models/aws_robomaker_residential_Wardrobe_01/meshes
[1.351s] -- Up-to-date: /home/spkmak/vegabot_ws/install/vegabot_description/share/vegabot_description/models/aws_robomaker_residential_Wardrobe_01/meshes/aws_Wardrobe_01_collision.DAE
[1.351s] -- Up-to-date: /home/spkmak/vegabot_ws/install/vegabot_description/share/vegabot_description/models/aws_robomaker_residential_Wardrobe_01/meshes/aws_Wardrobe_01_visual.DAE
[1.351s] -- Up-to-date: /home/spkmak/vegabot_ws/install/vegabot_description/share/vegabot_description/models/aws_robomaker_residential_Wardrobe_01/model.config
[1.352s] -- Up-to-date: /home/spkmak/vegabot_ws/install/vegabot_description/share/vegabot_description/models/aws_robomaker_residential_Wardrobe_01/model.sdf
[1.352s] -- Up-to-date: /home/spkmak/vegabot_ws/install/vegabot_description/share/vegabot_description/models/aws_robomaker_residential_Wardrobe_01/materials
[1.352s] -- Up-to-date: /home/spkmak/vegabot_ws/install/vegabot_description/share/vegabot_description/models/aws_robomaker_residential_Wardrobe_01/materials/textures
[1.352s] -- Up-to-date: /home/spkmak/vegabot_ws/install/vegabot_description/share/vegabot_description/models/aws_robomaker_residential_Wardrobe_01/materials/textures/aws_Wardrobe_01.png
[1.352s] -- Up-to-date: /home/spkmak/vegabot_ws/install/vegabot_description/share/vegabot_description/models/aws_robomaker_residential_SeasoningBox_01
[1.352s] -- Up-to-date: /home/spkmak/vegabot_ws/install/vegabot_description/share/vegabot_description/models/aws_robomaker_residential_SeasoningBox_01/meshes
[1.352s] -- Up-to-date: /home/spkmak/vegabot_ws/install/vegabot_description/share/vegabot_description/models/aws_robomaker_residential_SeasoningBox_01/meshes/aws_SeasoningBox_01_visual.DAE
[1.352s] -- Up-to-date: /home/spkmak/vegabot_ws/install/vegabot_description/share/vegabot_description/models/aws_robomaker_residential_SeasoningBox_01/meshes/aws_SeasoningBox_01_collision.DAE
[1.353s] -- Up-to-date: /home/spkmak/vegabot_ws/install/vegabot_description/share/vegabot_description/models/aws_robomaker_residential_SeasoningBox_01/model.config
[1.353s] -- Up-to-date: /home/spkmak/vegabot_ws/install/vegabot_description/share/vegabot_description/models/aws_robomaker_residential_SeasoningBox_01/model.sdf
[1.353s] -- Up-to-date: /home/spkmak/vegabot_ws/install/vegabot_description/share/vegabot_description/models/aws_robomaker_residential_SeasoningBox_01/materials
[1.354s] -- Up-to-date: /home/spkmak/vegabot_ws/install/vegabot_description/share/vegabot_description/models/aws_robomaker_residential_SeasoningBox_01/materials/textures
[1.354s] -- Up-to-date: /home/spkmak/vegabot_ws/install/vegabot_description/share/vegabot_description/models/aws_robomaker_residential_SeasoningBox_01/materials/textures/aws_SeasoningBox_01.png
[1.354s] -- Up-to-date: /home/spkmak/vegabot_ws/install/vegabot_description/share/vegabot_description/models/aws_robomaker_residential_ReadingDesk_01
[1.355s] -- Up-to-date: /home/spkmak/vegabot_ws/install/vegabot_description/share/vegabot_description/models/aws_robomaker_residential_ReadingDesk_01/meshes
[1.355s] -- Up-to-date: /home/spkmak/vegabot_ws/install/vegabot_description/share/vegabot_description/models/aws_robomaker_residential_ReadingDesk_01/meshes/aws_ReadingDesk_01_visual.DAE
[1.355s] -- Up-to-date: /home/spkmak/vegabot_ws/install/vegabot_description/share/vegabot_description/models/aws_robomaker_residential_ReadingDesk_01/meshes/aws_ReadingDesk_01_collision.DAE
[1.356s] -- Up-to-date: /home/spkmak/vegabot_ws/install/vegabot_description/share/vegabot_description/models/aws_robomaker_residential_ReadingDesk_01/model.config
[1.357s] -- Up-to-date: /home/spkmak/vegabot_ws/install/vegabot_description/share/vegabot_description/models/aws_robomaker_residential_ReadingDesk_01/model.sdf
[1.357s] -- Up-to-date: /home/spkmak/vegabot_ws/install/vegabot_description/share/vegabot_description/models/aws_robomaker_residential_ReadingDesk_01/materials
[1.357s] -- Up-to-date: /home/spkmak/vegabot_ws/install/vegabot_description/share/vegabot_description/models/aws_robomaker_residential_ReadingDesk_01/materials/textures
[1.357s] -- Up-to-date: /home/spkmak/vegabot_ws/install/vegabot_description/share/vegabot_description/models/aws_robomaker_residential_ReadingDesk_01/materials/textures/aws_ReadingDesk_01.png
[1.358s] -- Up-to-date: /home/spkmak/vegabot_ws/install/vegabot_description/share/vegabot_description/models/aws_robomaker_residential_Chandelier_01
[1.358s] -- Up-to-date: /home/spkmak/vegabot_ws/install/vegabot_description/share/vegabot_description/models/aws_robomaker_residential_Chandelier_01/meshes
[1.358s] -- Up-to-date: /home/spkmak/vegabot_ws/install/vegabot_description/share/vegabot_description/models/aws_robomaker_residential_Chandelier_01/meshes/aws_Chandelier_01_visual.DAE
[1.358s] -- Up-to-date: /home/spkmak/vegabot_ws/install/vegabot_description/share/vegabot_description/models/aws_robomaker_residential_Chandelier_01/meshes/aws_Chandelier_01.DAE
[1.359s] -- Up-to-date: /home/spkmak/vegabot_ws/install/vegabot_description/share/vegabot_description/models/aws_robomaker_residential_Chandelier_01/meshes/aws_Chandelier_01_collision.DAE
[1.359s] -- Up-to-date: /home/spkmak/vegabot_ws/install/vegabot_description/share/vegabot_description/models/aws_robomaker_residential_Chandelier_01/model.config
[1.359s] -- Up-to-date: /home/spkmak/vegabot_ws/install/vegabot_description/share/vegabot_description/models/aws_robomaker_residential_Chandelier_01/model.sdf
[1.359s] -- Up-to-date: /home/spkmak/vegabot_ws/install/vegabot_description/share/vegabot_description/models/aws_robomaker_residential_Chandelier_01/materials
[1.359s] -- Up-to-date: /home/spkmak/vegabot_ws/install/vegabot_description/share/vegabot_description/models/aws_robomaker_residential_Chandelier_01/materials/textures
[1.359s] -- Up-to-date: /home/spkmak/vegabot_ws/install/vegabot_description/share/vegabot_description/models/aws_robomaker_residential_Chandelier_01/materials/textures/aws_Chandelier_01.png
[1.360s] -- Up-to-date: /home/spkmak/vegabot_ws/install/vegabot_description/share/vegabot_description/models/marker1
[1.360s] -- Up-to-date: /home/spkmak/vegabot_ws/install/vegabot_description/share/vegabot_description/models/marker1/meshes
[1.360s] -- Up-to-date: /home/spkmak/vegabot_ws/install/vegabot_description/share/vegabot_description/models/marker1/meshes/Marker1.dae
[1.360s] -- Up-to-date: /home/spkmak/vegabot_ws/install/vegabot_description/share/vegabot_description/models/marker1/model.config
[1.360s] -- Up-to-date: /home/spkmak/vegabot_ws/install/vegabot_description/share/vegabot_description/models/marker1/model.sdf
[1.361s] -- Up-to-date: /home/spkmak/vegabot_ws/install/vegabot_description/share/vegabot_description/models/marker1/materials
[1.361s] -- Up-to-date: /home/spkmak/vegabot_ws/install/vegabot_description/share/vegabot_description/models/marker1/materials/textures
[1.361s] -- Up-to-date: /home/spkmak/vegabot_ws/install/vegabot_description/share/vegabot_description/models/marker1/materials/textures/Marker1.png
[1.361s] -- Up-to-date: /home/spkmak/vegabot_ws/install/vegabot_description/share/vegabot_description/models/aws_robomaker_residential_DeskPortraitB_01
[1.361s] -- Up-to-date: /home/spkmak/vegabot_ws/install/vegabot_description/share/vegabot_description/models/aws_robomaker_residential_DeskPortraitB_01/meshes
[1.361s] -- Up-to-date: /home/spkmak/vegabot_ws/install/vegabot_description/share/vegabot_description/models/aws_robomaker_residential_DeskPortraitB_01/meshes/aws_DeskPortraitB_01_collision.DAE
[1.362s] -- Up-to-date: /home/spkmak/vegabot_ws/install/vegabot_description/share/vegabot_description/models/aws_robomaker_residential_DeskPortraitB_01/meshes/aws_DeskPortraitB_01_visual.DAE
[1.362s] -- Up-to-date: /home/spkmak/vegabot_ws/install/vegabot_description/share/vegabot_description/models/aws_robomaker_residential_DeskPortraitB_01/model.config
[1.362s] -- Up-to-date: /home/spkmak/vegabot_ws/install/vegabot_description/share/vegabot_description/models/aws_robomaker_residential_DeskPortraitB_01/model.sdf
[1.362s] -- Up-to-date: /home/spkmak/vegabot_ws/install/vegabot_description/share/vegabot_description/models/aws_robomaker_residential_DeskPortraitB_01/materials
[1.362s] -- Up-to-date: /home/spkmak/vegabot_ws/install/vegabot_description/share/vegabot_description/models/aws_robomaker_residential_DeskPortraitB_01/materials/textures
[1.362s] -- Up-to-date: /home/spkmak/vegabot_ws/install/vegabot_description/share/vegabot_description/models/aws_robomaker_residential_DeskPortraitB_01/materials/textures/aws_DeskPortraitB_02.png
[1.363s] -- Up-to-date: /home/spkmak/vegabot_ws/install/vegabot_description/share/vegabot_description/models/aws_robomaker_residential_DeskPortraitB_01/materials/textures/aws_DeskPortraitB_01.png
[1.363s] -- Up-to-date: /home/spkmak/vegabot_ws/install/vegabot_description/share/vegabot_description/models/aws_robomaker_residential_DeskPortraitC_02
[1.363s] -- Up-to-date: /home/spkmak/vegabot_ws/install/vegabot_description/share/vegabot_description/models/aws_robomaker_residential_DeskPortraitC_02/meshes
[1.363s] -- Up-to-date: /home/spkmak/vegabot_ws/install/vegabot_description/share/vegabot_description/models/aws_robomaker_residential_DeskPortraitC_02/meshes/aws_DeskPortraitC_01_collision.DAE
[1.363s] -- Up-to-date: /home/spkmak/vegabot_ws/install/vegabot_description/share/vegabot_description/models/aws_robomaker_residential_DeskPortraitC_02/meshes/aws_DeskPortraitC_01_visual.DAE
[1.363s] -- Up-to-date: /home/spkmak/vegabot_ws/install/vegabot_description/share/vegabot_description/models/aws_robomaker_residential_DeskPortraitC_02/model.config
[1.364s] -- Up-to-date: /home/spkmak/vegabot_ws/install/vegabot_description/share/vegabot_description/models/aws_robomaker_residential_DeskPortraitC_02/model.sdf
[1.364s] -- Up-to-date: /home/spkmak/vegabot_ws/install/vegabot_description/share/vegabot_description/models/aws_robomaker_residential_DeskPortraitC_02/materials
[1.364s] -- Up-to-date: /home/spkmak/vegabot_ws/install/vegabot_description/share/vegabot_description/models/aws_robomaker_residential_DeskPortraitC_02/materials/textures
[1.364s] -- Up-to-date: /home/spkmak/vegabot_ws/install/vegabot_description/share/vegabot_description/models/aws_robomaker_residential_DeskPortraitC_02/materials/textures/aws_DeskPortraitC_01.png
[1.365s] -- Up-to-date: /home/spkmak/vegabot_ws/install/vegabot_description/share/vegabot_description/models/aws_robomaker_residential_DeskPortraitC_02/materials/textures/aws_DeskPortraitC_02.png
[1.366s] -- Up-to-date: /home/spkmak/vegabot_ws/install/vegabot_description/share/vegabot_description/models/aws_robomaker_residential_SofaC_01
[1.369s] -- Up-to-date: /home/spkmak/vegabot_ws/install/vegabot_description/share/vegabot_description/models/aws_robomaker_residential_SofaC_01/meshes
[1.370s] -- Up-to-date: /home/spkmak/vegabot_ws/install/vegabot_description/share/vegabot_description/models/aws_robomaker_residential_SofaC_01/meshes/aws_SofaC_01_collision.DAE
[1.370s] -- Up-to-date: /home/spkmak/vegabot_ws/install/vegabot_description/share/vegabot_description/models/aws_robomaker_residential_SofaC_01/meshes/aws_SofaC_01_visual.DAE
[1.370s] -- Up-to-date: /home/spkmak/vegabot_ws/install/vegabot_description/share/vegabot_description/models/aws_robomaker_residential_SofaC_01/model.config
[1.370s] -- Up-to-date: /home/spkmak/vegabot_ws/install/vegabot_description/share/vegabot_description/models/aws_robomaker_residential_SofaC_01/model.sdf
[1.371s] -- Up-to-date: /home/spkmak/vegabot_ws/install/vegabot_description/share/vegabot_description/models/aws_robomaker_residential_SofaC_01/materials
[1.371s] -- Up-to-date: /home/spkmak/vegabot_ws/install/vegabot_description/share/vegabot_description/models/aws_robomaker_residential_SofaC_01/materials/textures
[1.371s] -- Up-to-date: /home/spkmak/vegabot_ws/install/vegabot_description/share/vegabot_description/models/aws_robomaker_residential_SofaC_01/materials/textures/aws_SofaC_01.png
[1.372s] -- Up-to-date: /home/spkmak/vegabot_ws/install/vegabot_description/share/vegabot_description/models/marker2
[1.372s] -- Up-to-date: /home/spkmak/vegabot_ws/install/vegabot_description/share/vegabot_description/models/marker2/meshes
[1.372s] -- Up-to-date: /home/spkmak/vegabot_ws/install/vegabot_description/share/vegabot_description/models/marker2/meshes/Marker2.png
[1.372s] -- Up-to-date: /home/spkmak/vegabot_ws/install/vegabot_description/share/vegabot_description/models/marker2/meshes/Marker2.dae
[1.373s] -- Up-to-date: /home/spkmak/vegabot_ws/install/vegabot_description/share/vegabot_description/models/marker2/model.config
[1.373s] -- Up-to-date: /home/spkmak/vegabot_ws/install/vegabot_description/share/vegabot_description/models/marker2/model.sdf
[1.373s] -- Up-to-date: /home/spkmak/vegabot_ws/install/vegabot_description/share/vegabot_description/models/marker2/materials
[1.373s] -- Up-to-date: /home/spkmak/vegabot_ws/install/vegabot_description/share/vegabot_description/models/marker2/materials/textures
[1.374s] -- Up-to-date: /home/spkmak/vegabot_ws/install/vegabot_description/share/vegabot_description/models/marker2/materials/textures/Marker2.png
[1.374s] -- Up-to-date: /home/spkmak/vegabot_ws/install/vegabot_description/share/vegabot_description/models/aws_robomaker_residential_DeskPortraitD_03
[1.374s] -- Up-to-date: /home/spkmak/vegabot_ws/install/vegabot_description/share/vegabot_description/models/aws_robomaker_residential_DeskPortraitD_03/meshes
[1.374s] -- Up-to-date: /home/spkmak/vegabot_ws/install/vegabot_description/share/vegabot_description/models/aws_robomaker_residential_DeskPortraitD_03/meshes/aws_DeskPortraitD_01_collision.DAE
[1.375s] -- Up-to-date: /home/spkmak/vegabot_ws/install/vegabot_description/share/vegabot_description/models/aws_robomaker_residential_DeskPortraitD_03/meshes/aws_DeskPortraitD_01_visual.DAE
[1.375s] -- Up-to-date: /home/spkmak/vegabot_ws/install/vegabot_description/share/vegabot_description/models/aws_robomaker_residential_DeskPortraitD_03/model.config
[1.375s] -- Up-to-date: /home/spkmak/vegabot_ws/install/vegabot_description/share/vegabot_description/models/aws_robomaker_residential_DeskPortraitD_03/model.sdf
[1.375s] -- Up-to-date: /home/spkmak/vegabot_ws/install/vegabot_description/share/vegabot_description/models/aws_robomaker_residential_DeskPortraitD_03/materials
[1.376s] -- Up-to-date: /home/spkmak/vegabot_ws/install/vegabot_description/share/vegabot_description/models/aws_robomaker_residential_DeskPortraitD_03/materials/textures
[1.376s] -- Up-to-date: /home/spkmak/vegabot_ws/install/vegabot_description/share/vegabot_description/models/aws_robomaker_residential_DeskPortraitD_03/materials/textures/aws_DeskPortraitD_02.png
[1.376s] -- Up-to-date: /home/spkmak/vegabot_ws/install/vegabot_description/share/vegabot_description/models/aws_robomaker_residential_DeskPortraitD_03/materials/textures/aws_DeskPortraitD_01.png
[1.376s] -- Up-to-date: /home/spkmak/vegabot_ws/install/vegabot_description/share/vegabot_description/models/aws_robomaker_residential_PortraitA_01
[1.377s] -- Up-to-date: /home/spkmak/vegabot_ws/install/vegabot_description/share/vegabot_description/models/aws_robomaker_residential_PortraitA_01/meshes
[1.377s] -- Up-to-date: /home/spkmak/vegabot_ws/install/vegabot_description/share/vegabot_description/models/aws_robomaker_residential_PortraitA_01/meshes/aws_PortraitA_01_collision.DAE
[1.377s] -- Up-to-date: /home/spkmak/vegabot_ws/install/vegabot_description/share/vegabot_description/models/aws_robomaker_residential_PortraitA_01/meshes/aws_PortraitA_01_visual.DAE
[1.377s] -- Up-to-date: /home/spkmak/vegabot_ws/install/vegabot_description/share/vegabot_description/models/aws_robomaker_residential_PortraitA_01/model.config
[1.378s] -- Up-to-date: /home/spkmak/vegabot_ws/install/vegabot_description/share/vegabot_description/models/aws_robomaker_residential_PortraitA_01/model.sdf
[1.378s] -- Up-to-date: /home/spkmak/vegabot_ws/install/vegabot_description/share/vegabot_description/models/aws_robomaker_residential_PortraitA_01/materials
[1.378s] -- Up-to-date: /home/spkmak/vegabot_ws/install/vegabot_description/share/vegabot_description/models/aws_robomaker_residential_PortraitA_01/materials/textures
[1.379s] -- Up-to-date: /home/spkmak/vegabot_ws/install/vegabot_description/share/vegabot_description/models/aws_robomaker_residential_PortraitA_01/materials/textures/aws_PortraitA_02.png
[1.379s] -- Up-to-date: /home/spkmak/vegabot_ws/install/vegabot_description/share/vegabot_description/models/aws_robomaker_residential_PortraitA_01/materials/textures/aws_PortraitA_01.png
[1.379s] -- Up-to-date: /home/spkmak/vegabot_ws/install/vegabot_description/share/vegabot_description/models/aws_robomaker_residential_FoldingDoor_02
[1.379s] -- Up-to-date: /home/spkmak/vegabot_ws/install/vegabot_description/share/vegabot_description/models/aws_robomaker_residential_FoldingDoor_02/meshes
[1.380s] -- Up-to-date: /home/spkmak/vegabot_ws/install/vegabot_description/share/vegabot_description/models/aws_robomaker_residential_FoldingDoor_02/meshes/aws_FoldingDoor_02_collision.DAE
[1.380s] -- Up-to-date: /home/spkmak/vegabot_ws/install/vegabot_description/share/vegabot_description/models/aws_robomaker_residential_FoldingDoor_02/meshes/aws_FoldingDoor_02_visual.DAE
[1.380s] -- Up-to-date: /home/spkmak/vegabot_ws/install/vegabot_description/share/vegabot_description/models/aws_robomaker_residential_FoldingDoor_02/model.config
[1.381s] -- Up-to-date: /home/spkmak/vegabot_ws/install/vegabot_description/share/vegabot_description/models/aws_robomaker_residential_FoldingDoor_02/model.sdf
[1.381s] -- Up-to-date: /home/spkmak/vegabot_ws/install/vegabot_description/share/vegabot_description/models/aws_robomaker_residential_FoldingDoor_02/materials
[1.381s] -- Up-to-date: /home/spkmak/vegabot_ws/install/vegabot_description/share/vegabot_description/models/aws_robomaker_residential_FoldingDoor_02/materials/textures
[1.381s] -- Up-to-date: /home/spkmak/vegabot_ws/install/vegabot_description/share/vegabot_description/models/aws_robomaker_residential_FoldingDoor_02/materials/textures/aws_FoldingDoor_02.png
[1.382s] -- Up-to-date: /home/spkmak/vegabot_ws/install/vegabot_description/share/vegabot_description/models/aws_robomaker_residential_SecurityCamera_01
[1.382s] -- Up-to-date: /home/spkmak/vegabot_ws/install/vegabot_description/share/vegabot_description/models/aws_robomaker_residential_SecurityCamera_01/meshes
[1.382s] -- Up-to-date: /home/spkmak/vegabot_ws/install/vegabot_description/share/vegabot_description/models/aws_robomaker_residential_SecurityCamera_01/meshes/aws_SecurityCamera_01_collision.DAE
[1.382s] -- Up-to-date: /home/spkmak/vegabot_ws/install/vegabot_description/share/vegabot_description/models/aws_robomaker_residential_SecurityCamera_01/meshes/aws_SecurityCamera_01_visual.DAE
[1.384s] -- Up-to-date: /home/spkmak/vegabot_ws/install/vegabot_description/share/vegabot_description/models/aws_robomaker_residential_SecurityCamera_01/model.config
[1.384s] -- Up-to-date: /home/spkmak/vegabot_ws/install/vegabot_description/share/vegabot_description/models/aws_robomaker_residential_SecurityCamera_01/model.sdf
[1.385s] -- Up-to-date: /home/spkmak/vegabot_ws/install/vegabot_description/share/vegabot_description/models/aws_robomaker_residential_SecurityCamera_01/materials
[1.385s] -- Up-to-date: /home/spkmak/vegabot_ws/install/vegabot_description/share/vegabot_description/models/aws_robomaker_residential_SecurityCamera_01/materials/textures
[1.385s] -- Up-to-date: /home/spkmak/vegabot_ws/install/vegabot_description/share/vegabot_description/models/aws_robomaker_residential_SecurityCamera_01/materials/textures/aws_SecurityCamera_01.png
[1.386s] -- Up-to-date: /home/spkmak/vegabot_ws/install/vegabot_description/share/vegabot_description/models/aws_robomaker_residential_Bed_01
[1.386s] -- Up-to-date: /home/spkmak/vegabot_ws/install/vegabot_description/share/vegabot_description/models/aws_robomaker_residential_Bed_01/meshes
[1.386s] -- Up-to-date: /home/spkmak/vegabot_ws/install/vegabot_description/share/vegabot_description/models/aws_robomaker_residential_Bed_01/meshes/aws_Bed_01_visual.DAE
[1.386s] -- Up-to-date: /home/spkmak/vegabot_ws/install/vegabot_description/share/vegabot_description/models/aws_robomaker_residential_Bed_01/meshes/aws_Bed_01_collision.DAE
[1.387s] -- Up-to-date: /home/spkmak/vegabot_ws/install/vegabot_description/share/vegabot_description/models/aws_robomaker_residential_Bed_01/model.config
[1.387s] -- Up-to-date: /home/spkmak/vegabot_ws/install/vegabot_description/share/vegabot_description/models/aws_robomaker_residential_Bed_01/model.sdf
[1.387s] -- Up-to-date: /home/spkmak/vegabot_ws/install/vegabot_description/share/vegabot_description/models/aws_robomaker_residential_Bed_01/materials
[1.387s] -- Up-to-date: /home/spkmak/vegabot_ws/install/vegabot_description/share/vegabot_description/models/aws_robomaker_residential_Bed_01/materials/textures
[1.388s] -- Up-to-date: /home/spkmak/vegabot_ws/install/vegabot_description/share/vegabot_description/models/aws_robomaker_residential_Bed_01/materials/textures/aws_BedB_01.png
[1.388s] -- Up-to-date: /home/spkmak/vegabot_ws/install/vegabot_description/share/vegabot_description/models/aws_robomaker_residential_Bed_01/materials/textures/aws_Bed_01.png
[1.388s] -- Up-to-date: /home/spkmak/vegabot_ws/install/vegabot_description/share/vegabot_description/models/aws_robomaker_residential_Bed_01/materials/textures/aws_BedA_01.png
[1.389s] -- Up-to-date: /home/spkmak/vegabot_ws/install/vegabot_description/share/vegabot_description/models/aws_robomaker_residential_Bed_01/materials/textures/aws_BedC_01.png
[1.389s] -- Up-to-date: /home/spkmak/vegabot_ws/install/vegabot_description/share/vegabot_description/models/aws_robomaker_warehouse_TrashCanC_01
[1.389s] -- Up-to-date: /home/spkmak/vegabot_ws/install/vegabot_description/share/vegabot_description/models/aws_robomaker_warehouse_TrashCanC_01/meshes
[1.389s] -- Up-to-date: /home/spkmak/vegabot_ws/install/vegabot_description/share/vegabot_description/models/aws_robomaker_warehouse_TrashCanC_01/meshes/aws_robomaker_warehouse_TrashCanC_01_visual.DAE
[1.390s] -- Up-to-date: /home/spkmak/vegabot_ws/install/vegabot_description/share/vegabot_description/models/aws_robomaker_warehouse_TrashCanC_01/meshes/aws_robomaker_warehouse_TrashCanC_01_collision.DAE
[1.390s] -- Up-to-date: /home/spkmak/vegabot_ws/install/vegabot_description/share/vegabot_description/models/aws_robomaker_warehouse_TrashCanC_01/model.config
[1.390s] -- Up-to-date: /home/spkmak/vegabot_ws/install/vegabot_description/share/vegabot_description/models/aws_robomaker_warehouse_TrashCanC_01/model.sdf
[1.390s] -- Up-to-date: /home/spkmak/vegabot_ws/install/vegabot_description/share/vegabot_description/models/aws_robomaker_warehouse_TrashCanC_01/materials
[1.391s] -- Up-to-date: /home/spkmak/vegabot_ws/install/vegabot_description/share/vegabot_description/models/aws_robomaker_warehouse_TrashCanC_01/materials/textures
[1.391s] -- Up-to-date: /home/spkmak/vegabot_ws/install/vegabot_description/share/vegabot_description/models/aws_robomaker_warehouse_TrashCanC_01/materials/textures/aws_robomaker_warehouse_TrashCanC_01.png
[1.391s] -- Up-to-date: /home/spkmak/vegabot_ws/install/vegabot_description/share/vegabot_description/models/aws_robomaker_residential_Pillow_01
[1.391s] -- Up-to-date: /home/spkmak/vegabot_ws/install/vegabot_description/share/vegabot_description/models/aws_robomaker_residential_Pillow_01/meshes
[1.392s] -- Up-to-date: /home/spkmak/vegabot_ws/install/vegabot_description/share/vegabot_description/models/aws_robomaker_residential_Pillow_01/meshes/aws_Pillow_01_collision.DAE
[1.392s] -- Up-to-date: /home/spkmak/vegabot_ws/install/vegabot_description/share/vegabot_description/models/aws_robomaker_residential_Pillow_01/meshes/aws_Pillow_01_visual.DAE
[1.392s] -- Up-to-date: /home/spkmak/vegabot_ws/install/vegabot_description/share/vegabot_description/models/aws_robomaker_residential_Pillow_01/model.config
[1.392s] -- Up-to-date: /home/spkmak/vegabot_ws/install/vegabot_description/share/vegabot_description/models/aws_robomaker_residential_Pillow_01/model.sdf
[1.393s] -- Up-to-date: /home/spkmak/vegabot_ws/install/vegabot_description/share/vegabot_description/models/aws_robomaker_residential_Pillow_01/materials
[1.393s] -- Up-to-date: /home/spkmak/vegabot_ws/install/vegabot_description/share/vegabot_description/models/aws_robomaker_residential_Pillow_01/materials/textures
[1.393s] -- Up-to-date: /home/spkmak/vegabot_ws/install/vegabot_description/share/vegabot_description/models/aws_robomaker_residential_Pillow_01/materials/textures/aws_Pillow_01.png
[1.393s] -- Up-to-date: /home/spkmak/vegabot_ws/install/vegabot_description/share/vegabot_description/models/aws_robomaker_warehouse_ClutteringA_01
[1.393s] -- Up-to-date: /home/spkmak/vegabot_ws/install/vegabot_description/share/vegabot_description/models/aws_robomaker_warehouse_ClutteringA_01/meshes
[1.393s] -- Up-to-date: /home/spkmak/vegabot_ws/install/vegabot_description/share/vegabot_description/models/aws_robomaker_warehouse_ClutteringA_01/meshes/aws_robomaker_warehouse_ClutteringA_01_visual.DAE
[1.393s] -- Up-to-date: /home/spkmak/vegabot_ws/install/vegabot_description/share/vegabot_description/models/aws_robomaker_warehouse_ClutteringA_01/meshes/aws_robomaker_warehouse_ClutteringA_01_collision.DAE
[1.394s] -- Up-to-date: /home/spkmak/vegabot_ws/install/vegabot_description/share/vegabot_description/models/aws_robomaker_warehouse_ClutteringA_01/model.config
[1.394s] -- Up-to-date: /home/spkmak/vegabot_ws/install/vegabot_description/share/vegabot_description/models/aws_robomaker_warehouse_ClutteringA_01/model.sdf
[1.394s] -- Up-to-date: /home/spkmak/vegabot_ws/install/vegabot_description/share/vegabot_description/models/aws_robomaker_warehouse_ClutteringA_01/.DS_Store
[1.394s] -- Up-to-date: /home/spkmak/vegabot_ws/install/vegabot_description/share/vegabot_description/models/aws_robomaker_warehouse_ClutteringA_01/materials
[1.394s] -- Up-to-date: /home/spkmak/vegabot_ws/install/vegabot_description/share/vegabot_description/models/aws_robomaker_warehouse_ClutteringA_01/materials/textures
[1.394s] -- Up-to-date: /home/spkmak/vegabot_ws/install/vegabot_description/share/vegabot_description/models/aws_robomaker_warehouse_ClutteringA_01/materials/textures/aws_robomaker_warehouse_ClutteringA_01.png
[1.394s] -- Up-to-date: /home/spkmak/vegabot_ws/install/vegabot_description/share/vegabot_description/models/aws_robomaker_warehouse_ClutteringA_01/materials/textures/aws_robomaker_warehouse_ClutteringA_03.png
[1.395s] -- Up-to-date: /home/spkmak/vegabot_ws/install/vegabot_description/share/vegabot_description/models/aws_robomaker_warehouse_ClutteringA_01/materials/textures/aws_robomaker_warehouse_ClutteringA_02.png
[1.395s] -- Up-to-date: /home/spkmak/vegabot_ws/install/vegabot_description/share/vegabot_description/models/aws_robomaker_warehouse_ClutteringA_01/materials/textures/.DS_Store
[1.395s] -- Up-to-date: /home/spkmak/vegabot_ws/install/vegabot_description/share/vegabot_description/models/aws_robomaker_warehouse_ClutteringA_01/materials/.DS_Store
[1.395s] -- Up-to-date: /home/spkmak/vegabot_ws/install/vegabot_description/share/vegabot_description/models/aws_robomaker_residential_CoffeeTable_01
[1.395s] -- Up-to-date: /home/spkmak/vegabot_ws/install/vegabot_description/share/vegabot_description/models/aws_robomaker_residential_CoffeeTable_01/meshes
[1.395s] -- Up-to-date: /home/spkmak/vegabot_ws/install/vegabot_description/share/vegabot_description/models/aws_robomaker_residential_CoffeeTable_01/meshes/aws_CoffeeTable_01_collision.DAE
[1.395s] -- Up-to-date: /home/spkmak/vegabot_ws/install/vegabot_description/share/vegabot_description/models/aws_robomaker_residential_CoffeeTable_01/meshes/aws_CoffeeTable_01_visual.DAE
[1.395s] -- Up-to-date: /home/spkmak/vegabot_ws/install/vegabot_description/share/vegabot_description/models/aws_robomaker_residential_CoffeeTable_01/model.config
[1.396s] -- Up-to-date: /home/spkmak/vegabot_ws/install/vegabot_description/share/vegabot_description/models/aws_robomaker_residential_CoffeeTable_01/model.sdf
[1.396s] -- Up-to-date: /home/spkmak/vegabot_ws/install/vegabot_description/share/vegabot_description/models/aws_robomaker_residential_CoffeeTable_01/materials
[1.396s] -- Up-to-date: /home/spkmak/vegabot_ws/install/vegabot_description/share/vegabot_description/models/aws_robomaker_residential_CoffeeTable_01/materials/textures
[1.396s] -- Up-to-date: /home/spkmak/vegabot_ws/install/vegabot_description/share/vegabot_description/models/aws_robomaker_residential_CoffeeTable_01/materials/textures/aws_CoffeeTable_01.png
[1.396s] -- Up-to-date: /home/spkmak/vegabot_ws/install/vegabot_description/share/vegabot_description/models/aws_robomaker_residential_BalconyTable_01
[1.396s] -- Up-to-date: /home/spkmak/vegabot_ws/install/vegabot_description/share/vegabot_description/models/aws_robomaker_residential_BalconyTable_01/meshes
[1.396s] -- Up-to-date: /home/spkmak/vegabot_ws/install/vegabot_description/share/vegabot_description/models/aws_robomaker_residential_BalconyTable_01/meshes/aws_BalconyTable_01_collision.DAE
[1.396s] -- Up-to-date: /home/spkmak/vegabot_ws/install/vegabot_description/share/vegabot_description/models/aws_robomaker_residential_BalconyTable_01/meshes/aws_BalconyTable_01_visual.DAE
[1.397s] -- Up-to-date: /home/spkmak/vegabot_ws/install/vegabot_description/share/vegabot_description/models/aws_robomaker_residential_BalconyTable_01/model.config
[1.397s] -- Up-to-date: /home/spkmak/vegabot_ws/install/vegabot_description/share/vegabot_description/models/aws_robomaker_residential_BalconyTable_01/model.sdf
[1.397s] -- Up-to-date: /home/spkmak/vegabot_ws/install/vegabot_description/share/vegabot_description/models/aws_robomaker_residential_BalconyTable_01/materials
[1.397s] -- Up-to-date: /home/spkmak/vegabot_ws/install/vegabot_description/share/vegabot_description/models/aws_robomaker_residential_BalconyTable_01/materials/textures
[1.397s] -- Up-to-date: /home/spkmak/vegabot_ws/install/vegabot_description/share/vegabot_description/models/aws_robomaker_residential_BalconyTable_01/materials/textures/aws_BalconyTable_01.png
[1.397s] -- Up-to-date: /home/spkmak/vegabot_ws/install/vegabot_description/share/vegabot_description/models/aws_robomaker_residential_Rangehood_01
[1.398s] -- Up-to-date: /home/spkmak/vegabot_ws/install/vegabot_description/share/vegabot_description/models/aws_robomaker_residential_Rangehood_01/meshes
[1.398s] -- Up-to-date: /home/spkmak/vegabot_ws/install/vegabot_description/share/vegabot_description/models/aws_robomaker_residential_Rangehood_01/meshes/aws_Rangehood_01_visual.DAE
[1.398s] -- Up-to-date: /home/spkmak/vegabot_ws/install/vegabot_description/share/vegabot_description/models/aws_robomaker_residential_Rangehood_01/meshes/aws_Rangehood_01_collision.DAE
[1.398s] -- Up-to-date: /home/spkmak/vegabot_ws/install/vegabot_description/share/vegabot_description/models/aws_robomaker_residential_Rangehood_01/model.config
[1.398s] -- Up-to-date: /home/spkmak/vegabot_ws/install/vegabot_description/share/vegabot_description/models/aws_robomaker_residential_Rangehood_01/model.sdf
[1.398s] -- Up-to-date: /home/spkmak/vegabot_ws/install/vegabot_description/share/vegabot_description/models/aws_robomaker_residential_Rangehood_01/materials
[1.399s] -- Up-to-date: /home/spkmak/vegabot_ws/install/vegabot_description/share/vegabot_description/models/aws_robomaker_residential_Rangehood_01/materials/textures
[1.399s] -- Up-to-date: /home/spkmak/vegabot_ws/install/vegabot_description/share/vegabot_description/models/aws_robomaker_residential_Rangehood_01/materials/textures/aws_Rangehood_01.png
[1.399s] -- Up-to-date: /home/spkmak/vegabot_ws/install/vegabot_description/share/vegabot_description/models/aws_robomaker_residential_DeskPortraitD_04
[1.399s] -- Up-to-date: /home/spkmak/vegabot_ws/install/vegabot_description/share/vegabot_description/models/aws_robomaker_residential_DeskPortraitD_04/meshes
[1.399s] -- Up-to-date: /home/spkmak/vegabot_ws/install/vegabot_description/share/vegabot_description/models/aws_robomaker_residential_DeskPortraitD_04/meshes/aws_DeskPortraitD_01_collision.DAE
[1.399s] -- Up-to-date: /home/spkmak/vegabot_ws/install/vegabot_description/share/vegabot_description/models/aws_robomaker_residential_DeskPortraitD_04/meshes/aws_DeskPortraitD_01_visual.DAE
[1.400s] -- Up-to-date: /home/spkmak/vegabot_ws/install/vegabot_description/share/vegabot_description/models/aws_robomaker_residential_DeskPortraitD_04/model.config
[1.400s] -- Up-to-date: /home/spkmak/vegabot_ws/install/vegabot_description/share/vegabot_description/models/aws_robomaker_residential_DeskPortraitD_04/model.sdf
[1.400s] -- Up-to-date: /home/spkmak/vegabot_ws/install/vegabot_description/share/vegabot_description/models/aws_robomaker_residential_DeskPortraitD_04/materials
[1.400s] -- Up-to-date: /home/spkmak/vegabot_ws/install/vegabot_description/share/vegabot_description/models/aws_robomaker_residential_DeskPortraitD_04/materials/textures
[1.400s] -- Up-to-date: /home/spkmak/vegabot_ws/install/vegabot_description/share/vegabot_description/models/aws_robomaker_residential_DeskPortraitD_04/materials/textures/aws_DeskPortraitD_02.png
[1.401s] -- Up-to-date: /home/spkmak/vegabot_ws/install/vegabot_description/share/vegabot_description/models/aws_robomaker_residential_DeskPortraitD_04/materials/textures/aws_DeskPortraitD_01.png
[1.401s] -- Up-to-date: /home/spkmak/vegabot_ws/install/vegabot_description/share/vegabot_description/models/aws_robomaker_residential_PortraitB_01
[1.401s] -- Up-to-date: /home/spkmak/vegabot_ws/install/vegabot_description/share/vegabot_description/models/aws_robomaker_residential_PortraitB_01/meshes
[1.401s] -- Up-to-date: /home/spkmak/vegabot_ws/install/vegabot_description/share/vegabot_description/models/aws_robomaker_residential_PortraitB_01/meshes/aws_PortraitB_01_collision.DAE
[1.401s] -- Up-to-date: /home/spkmak/vegabot_ws/install/vegabot_description/share/vegabot_description/models/aws_robomaker_residential_PortraitB_01/meshes/aws_PortraitB_01_visual.DAE
[1.402s] -- Up-to-date: /home/spkmak/vegabot_ws/install/vegabot_description/share/vegabot_description/models/aws_robomaker_residential_PortraitB_01/model.config
[1.402s] -- Up-to-date: /home/spkmak/vegabot_ws/install/vegabot_description/share/vegabot_description/models/aws_robomaker_residential_PortraitB_01/model.sdf
[1.402s] -- Up-to-date: /home/spkmak/vegabot_ws/install/vegabot_description/share/vegabot_description/models/aws_robomaker_residential_PortraitB_01/materials
[1.402s] -- Up-to-date: /home/spkmak/vegabot_ws/install/vegabot_description/share/vegabot_description/models/aws_robomaker_residential_PortraitB_01/materials/textures
[1.402s] -- Up-to-date: /home/spkmak/vegabot_ws/install/vegabot_description/share/vegabot_description/models/aws_robomaker_residential_PortraitB_01/materials/textures/aws_PortraitB_02.png
[1.402s] -- Up-to-date: /home/spkmak/vegabot_ws/install/vegabot_description/share/vegabot_description/models/aws_robomaker_residential_PortraitB_01/materials/textures/aws_PortraitB_01.png
[1.403s] -- Up-to-date: /home/spkmak/vegabot_ws/install/vegabot_description/share/vegabot_description/models/aws_robomaker_warehouse_RoofB_01
[1.403s] -- Up-to-date: /home/spkmak/vegabot_ws/install/vegabot_description/share/vegabot_description/models/aws_robomaker_warehouse_RoofB_01/meshes
[1.403s] -- Up-to-date: /home/spkmak/vegabot_ws/install/vegabot_description/share/vegabot_description/models/aws_robomaker_warehouse_RoofB_01/meshes/aws_robomaker_warehouse_RoofB_01_visual.DAE
[1.403s] -- Up-to-date: /home/spkmak/vegabot_ws/install/vegabot_description/share/vegabot_description/models/aws_robomaker_warehouse_RoofB_01/meshes/aws_robomaker_warehouse_RoofB_01_collision.DAE
[1.403s] -- Up-to-date: /home/spkmak/vegabot_ws/install/vegabot_description/share/vegabot_description/models/aws_robomaker_warehouse_RoofB_01/model.config
[1.404s] -- Up-to-date: /home/spkmak/vegabot_ws/install/vegabot_description/share/vegabot_description/models/aws_robomaker_warehouse_RoofB_01/model.sdf
[1.404s] -- Up-to-date: /home/spkmak/vegabot_ws/install/vegabot_description/share/vegabot_description/models/aws_robomaker_warehouse_RoofB_01/materials
[1.404s] -- Up-to-date: /home/spkmak/vegabot_ws/install/vegabot_description/share/vegabot_description/models/aws_robomaker_warehouse_RoofB_01/materials/textures
[1.404s] -- Up-to-date: /home/spkmak/vegabot_ws/install/vegabot_description/share/vegabot_description/models/aws_robomaker_warehouse_RoofB_01/materials/textures/aws_robomaker_warehouse_RoofB_01.png
[1.404s] -- Up-to-date: /home/spkmak/vegabot_ws/install/vegabot_description/share/vegabot_description/models/aws_robomaker_residential_DeskPortraitC_01
[1.404s] -- Up-to-date: /home/spkmak/vegabot_ws/install/vegabot_description/share/vegabot_description/models/aws_robomaker_residential_DeskPortraitC_01/meshes
[1.405s] -- Up-to-date: /home/spkmak/vegabot_ws/install/vegabot_description/share/vegabot_description/models/aws_robomaker_residential_DeskPortraitC_01/meshes/aws_DeskPortraitC_01_collision.DAE
[1.405s] -- Up-to-date: /home/spkmak/vegabot_ws/install/vegabot_description/share/vegabot_description/models/aws_robomaker_residential_DeskPortraitC_01/meshes/aws_DeskPortraitC_01_visual.DAE
[1.405s] -- Up-to-date: /home/spkmak/vegabot_ws/install/vegabot_description/share/vegabot_description/models/aws_robomaker_residential_DeskPortraitC_01/model.config
[1.405s] -- Up-to-date: /home/spkmak/vegabot_ws/install/vegabot_description/share/vegabot_description/models/aws_robomaker_residential_DeskPortraitC_01/model.sdf
[1.405s] -- Up-to-date: /home/spkmak/vegabot_ws/install/vegabot_description/share/vegabot_description/models/aws_robomaker_residential_DeskPortraitC_01/materials
[1.406s] -- Up-to-date: /home/spkmak/vegabot_ws/install/vegabot_description/share/vegabot_description/models/aws_robomaker_residential_DeskPortraitC_01/materials/textures
[1.406s] -- Up-to-date: /home/spkmak/vegabot_ws/install/vegabot_description/share/vegabot_description/models/aws_robomaker_residential_DeskPortraitC_01/materials/textures/aws_DeskPortraitC_01.png
[1.406s] -- Up-to-date: /home/spkmak/vegabot_ws/install/vegabot_description/share/vegabot_description/models/aws_robomaker_residential_DeskPortraitC_01/materials/textures/aws_DeskPortraitC_02.png
[1.406s] -- Up-to-date: /home/spkmak/vegabot_ws/install/vegabot_description/share/vegabot_description/models/aws_robomaker_residential_ChairA_01
[1.406s] -- Up-to-date: /home/spkmak/vegabot_ws/install/vegabot_description/share/vegabot_description/models/aws_robomaker_residential_ChairA_01/meshes
[1.406s] -- Up-to-date: /home/spkmak/vegabot_ws/install/vegabot_description/share/vegabot_description/models/aws_robomaker_residential_ChairA_01/meshes/aws_ChairA_01_collision.DAE
[1.407s] -- Up-to-date: /home/spkmak/vegabot_ws/install/vegabot_description/share/vegabot_description/models/aws_robomaker_residential_ChairA_01/meshes/aws_ChairA_01_visual.DAE
[1.407s] -- Up-to-date: /home/spkmak/vegabot_ws/install/vegabot_description/share/vegabot_description/models/aws_robomaker_residential_ChairA_01/model.config
[1.407s] -- Up-to-date: /home/spkmak/vegabot_ws/install/vegabot_description/share/vegabot_description/models/aws_robomaker_residential_ChairA_01/model.sdf
[1.407s] -- Up-to-date: /home/spkmak/vegabot_ws/install/vegabot_description/share/vegabot_description/models/aws_robomaker_residential_ChairA_01/materials
[1.407s] -- Up-to-date: /home/spkmak/vegabot_ws/install/vegabot_description/share/vegabot_description/models/aws_robomaker_residential_ChairA_01/materials/textures
[1.407s] -- Up-to-date: /home/spkmak/vegabot_ws/install/vegabot_description/share/vegabot_description/models/aws_robomaker_residential_ChairA_01/materials/textures/aws_ChairA_01.png
[1.407s] -- Up-to-date: /home/spkmak/vegabot_ws/install/vegabot_description/share/vegabot_description/models/aws_robomaker_residential_PortraitD_01
[1.408s] -- Up-to-date: /home/spkmak/vegabot_ws/install/vegabot_description/share/vegabot_description/models/aws_robomaker_residential_PortraitD_01/meshes
[1.408s] -- Up-to-date: /home/spkmak/vegabot_ws/install/vegabot_description/share/vegabot_description/models/aws_robomaker_residential_PortraitD_01/meshes/aws_PortraitD_01_visual.DAE
[1.408s] -- Up-to-date: /home/spkmak/vegabot_ws/install/vegabot_description/share/vegabot_description/models/aws_robomaker_residential_PortraitD_01/meshes/aws_PortraitD_01_collision.DAE
[1.408s] -- Up-to-date: /home/spkmak/vegabot_ws/install/vegabot_description/share/vegabot_description/models/aws_robomaker_residential_PortraitD_01/model.config
[1.408s] -- Up-to-date: /home/spkmak/vegabot_ws/install/vegabot_description/share/vegabot_description/models/aws_robomaker_residential_PortraitD_01/model.sdf
[1.408s] -- Up-to-date: /home/spkmak/vegabot_ws/install/vegabot_description/share/vegabot_description/models/aws_robomaker_residential_PortraitD_01/materials
[1.408s] -- Up-to-date: /home/spkmak/vegabot_ws/install/vegabot_description/share/vegabot_description/models/aws_robomaker_residential_PortraitD_01/materials/textures
[1.409s] -- Up-to-date: /home/spkmak/vegabot_ws/install/vegabot_description/share/vegabot_description/models/aws_robomaker_residential_PortraitD_01/materials/textures/aws_PortraitD_01.png
[1.409s] -- Up-to-date: /home/spkmak/vegabot_ws/install/vegabot_description/share/vegabot_description/models/aws_robomaker_residential_PortraitD_01/materials/textures/aws_PortraitD_02.png
[1.409s] -- Up-to-date: /home/spkmak/vegabot_ws/install/vegabot_description/share/vegabot_description/models/aws_robomaker_warehouse_Lamp_01
[1.409s] -- Up-to-date: /home/spkmak/vegabot_ws/install/vegabot_description/share/vegabot_description/models/aws_robomaker_warehouse_Lamp_01/meshes
[1.409s] -- Up-to-date: /home/spkmak/vegabot_ws/install/vegabot_description/share/vegabot_description/models/aws_robomaker_warehouse_Lamp_01/meshes/aws_robomaker_warehouse_Lamp_01_visual.DAE
[1.409s] -- Up-to-date: /home/spkmak/vegabot_ws/install/vegabot_description/share/vegabot_description/models/aws_robomaker_warehouse_Lamp_01/meshes/aws_robomaker_warehouse_Lamp_01_collision.DAE
[1.409s] -- Up-to-date: /home/spkmak/vegabot_ws/install/vegabot_description/share/vegabot_description/models/aws_robomaker_warehouse_Lamp_01/model.config
[1.410s] -- Up-to-date: /home/spkmak/vegabot_ws/install/vegabot_description/share/vegabot_description/models/aws_robomaker_warehouse_Lamp_01/model.sdf
[1.410s] -- Up-to-date: /home/spkmak/vegabot_ws/install/vegabot_description/share/vegabot_description/models/aws_robomaker_warehouse_Lamp_01/materials
[1.410s] -- Up-to-date: /home/spkmak/vegabot_ws/install/vegabot_description/share/vegabot_description/models/aws_robomaker_warehouse_Lamp_01/materials/textures
[1.410s] -- Up-to-date: /home/spkmak/vegabot_ws/install/vegabot_description/share/vegabot_description/models/aws_robomaker_warehouse_Lamp_01/materials/textures/aws_robomaker_warehouse_Lamp_01.png
[1.410s] -- Up-to-date: /home/spkmak/vegabot_ws/install/vegabot_description/share/vegabot_description/models/aws_robomaker_residential_KitchenTable_01
[1.410s] -- Up-to-date: /home/spkmak/vegabot_ws/install/vegabot_description/share/vegabot_description/models/aws_robomaker_residential_KitchenTable_01/meshes
[1.411s] -- Up-to-date: /home/spkmak/vegabot_ws/install/vegabot_description/share/vegabot_description/models/aws_robomaker_residential_KitchenTable_01/meshes/aws_KitchenTable_01_visual.DAE
[1.411s] -- Up-to-date: /home/spkmak/vegabot_ws/install/vegabot_description/share/vegabot_description/models/aws_robomaker_residential_KitchenTable_01/meshes/aws_KitchenTable_01_collision.DAE
[1.411s] -- Up-to-date: /home/spkmak/vegabot_ws/install/vegabot_description/share/vegabot_description/models/aws_robomaker_residential_KitchenTable_01/model.config
[1.411s] -- Up-to-date: /home/spkmak/vegabot_ws/install/vegabot_description/share/vegabot_description/models/aws_robomaker_residential_KitchenTable_01/model.sdf
[1.411s] -- Up-to-date: /home/spkmak/vegabot_ws/install/vegabot_description/share/vegabot_description/models/aws_robomaker_residential_KitchenTable_01/materials
[1.411s] -- Up-to-date: /home/spkmak/vegabot_ws/install/vegabot_description/share/vegabot_description/models/aws_robomaker_residential_KitchenTable_01/materials/textures
[1.411s] -- Up-to-date: /home/spkmak/vegabot_ws/install/vegabot_description/share/vegabot_description/models/aws_robomaker_residential_KitchenTable_01/materials/textures/aws_KitchenTable_01.png
[1.411s] -- Up-to-date: /home/spkmak/vegabot_ws/install/vegabot_description/share/vegabot_description/models/vegabot_dock
[1.412s] -- Up-to-date: /home/spkmak/vegabot_ws/install/vegabot_description/share/vegabot_description/models/vegabot_dock/meshes
[1.412s] -- Up-to-date: /home/spkmak/vegabot_ws/install/vegabot_description/share/vegabot_description/models/vegabot_dock/meshes/vegabot_dock.stl
[1.412s] -- Up-to-date: /home/spkmak/vegabot_ws/install/vegabot_description/share/vegabot_description/models/vegabot_dock/model.config
[1.412s] -- Up-to-date: /home/spkmak/vegabot_ws/install/vegabot_description/share/vegabot_description/models/vegabot_dock/model.sdf
[1.412s] -- Up-to-date: /home/spkmak/vegabot_ws/install/vegabot_description/share/vegabot_description/models/aws_robomaker_residential_Dumbbell_01
[1.412s] -- Up-to-date: /home/spkmak/vegabot_ws/install/vegabot_description/share/vegabot_description/models/aws_robomaker_residential_Dumbbell_01/meshes
[1.412s] -- Up-to-date: /home/spkmak/vegabot_ws/install/vegabot_description/share/vegabot_description/models/aws_robomaker_residential_Dumbbell_01/meshes/aws_Dumbbell_01_collision.DAE
[1.413s] -- Up-to-date: /home/spkmak/vegabot_ws/install/vegabot_description/share/vegabot_description/models/aws_robomaker_residential_Dumbbell_01/meshes/aws_Dumbbell_01_visual.DAE
[1.413s] -- Up-to-date: /home/spkmak/vegabot_ws/install/vegabot_description/share/vegabot_description/models/aws_robomaker_residential_Dumbbell_01/model.config
[1.413s] -- Up-to-date: /home/spkmak/vegabot_ws/install/vegabot_description/share/vegabot_description/models/aws_robomaker_residential_Dumbbell_01/model.sdf
[1.413s] -- Up-to-date: /home/spkmak/vegabot_ws/install/vegabot_description/share/vegabot_description/models/aws_robomaker_residential_Dumbbell_01/materials
[1.413s] -- Up-to-date: /home/spkmak/vegabot_ws/install/vegabot_description/share/vegabot_description/models/aws_robomaker_residential_Dumbbell_01/materials/textures
[1.413s] -- Up-to-date: /home/spkmak/vegabot_ws/install/vegabot_description/share/vegabot_description/models/aws_robomaker_residential_Dumbbell_01/materials/textures/aws_Dumbbell_01.png
[1.413s] -- Up-to-date: /home/spkmak/vegabot_ws/install/vegabot_description/share/vegabot_description/models/aws_robomaker_residential_PortraitB_02
[1.414s] -- Up-to-date: /home/spkmak/vegabot_ws/install/vegabot_description/share/vegabot_description/models/aws_robomaker_residential_PortraitB_02/meshes
[1.414s] -- Up-to-date: /home/spkmak/vegabot_ws/install/vegabot_description/share/vegabot_description/models/aws_robomaker_residential_PortraitB_02/meshes/aws_PortraitB_01_collision.DAE
[1.414s] -- Up-to-date: /home/spkmak/vegabot_ws/install/vegabot_description/share/vegabot_description/models/aws_robomaker_residential_PortraitB_02/meshes/aws_PortraitB_01_visual.DAE
[1.414s] -- Up-to-date: /home/spkmak/vegabot_ws/install/vegabot_description/share/vegabot_description/models/aws_robomaker_residential_PortraitB_02/model.config
[1.414s] -- Up-to-date: /home/spkmak/vegabot_ws/install/vegabot_description/share/vegabot_description/models/aws_robomaker_residential_PortraitB_02/model.sdf
[1.414s] -- Up-to-date: /home/spkmak/vegabot_ws/install/vegabot_description/share/vegabot_description/models/aws_robomaker_residential_PortraitB_02/materials
[1.415s] -- Up-to-date: /home/spkmak/vegabot_ws/install/vegabot_description/share/vegabot_description/models/aws_robomaker_residential_PortraitB_02/materials/textures
[1.415s] -- Up-to-date: /home/spkmak/vegabot_ws/install/vegabot_description/share/vegabot_description/models/aws_robomaker_residential_PortraitB_02/materials/textures/aws_PortraitB_02.png
[1.415s] -- Up-to-date: /home/spkmak/vegabot_ws/install/vegabot_description/share/vegabot_description/models/aws_robomaker_residential_PortraitB_02/materials/textures/aws_PortraitB_01.png
[1.415s] -- Up-to-date: /home/spkmak/vegabot_ws/install/vegabot_description/share/vegabot_description/models/aws_robomaker_residential_Door_01
[1.415s] -- Up-to-date: /home/spkmak/vegabot_ws/install/vegabot_description/share/vegabot_description/models/aws_robomaker_residential_Door_01/meshes
[1.415s] -- Up-to-date: /home/spkmak/vegabot_ws/install/vegabot_description/share/vegabot_description/models/aws_robomaker_residential_Door_01/meshes/aws_Door_01_collision.DAE
[1.415s] -- Up-to-date: /home/spkmak/vegabot_ws/install/vegabot_description/share/vegabot_description/models/aws_robomaker_residential_Door_01/meshes/aws_Door_01_visual.DAE
[1.415s] -- Up-to-date: /home/spkmak/vegabot_ws/install/vegabot_description/share/vegabot_description/models/aws_robomaker_residential_Door_01/model.config
[1.416s] -- Up-to-date: /home/spkmak/vegabot_ws/install/vegabot_description/share/vegabot_description/models/aws_robomaker_residential_Door_01/model.sdf
[1.416s] -- Up-to-date: /home/spkmak/vegabot_ws/install/vegabot_description/share/vegabot_description/models/aws_robomaker_residential_Door_01/materials
[1.416s] -- Up-to-date: /home/spkmak/vegabot_ws/install/vegabot_description/share/vegabot_description/models/aws_robomaker_residential_Door_01/materials/textures
[1.416s] -- Up-to-date: /home/spkmak/vegabot_ws/install/vegabot_description/share/vegabot_description/models/aws_robomaker_residential_Door_01/materials/textures/aws_Door_01.png
[1.416s] -- Up-to-date: /home/spkmak/vegabot_ws/install/vegabot_description/share/vegabot_description/models/aws_robomaker_residential_RoomWindow_01
[1.416s] -- Up-to-date: /home/spkmak/vegabot_ws/install/vegabot_description/share/vegabot_description/models/aws_robomaker_residential_RoomWindow_01/meshes
[1.416s] -- Up-to-date: /home/spkmak/vegabot_ws/install/vegabot_description/share/vegabot_description/models/aws_robomaker_residential_RoomWindow_01/meshes/aws_RoomWindow_01_collision.DAE
[1.416s] -- Up-to-date: /home/spkmak/vegabot_ws/install/vegabot_description/share/vegabot_description/models/aws_robomaker_residential_RoomWindow_01/meshes/aws_RoomWindow_01_visual.DAE
[1.417s] -- Up-to-date: /home/spkmak/vegabot_ws/install/vegabot_description/share/vegabot_description/models/aws_robomaker_residential_RoomWindow_01/model.config
[1.417s] -- Up-to-date: /home/spkmak/vegabot_ws/install/vegabot_description/share/vegabot_description/models/aws_robomaker_residential_RoomWindow_01/model.sdf
[1.417s] -- Up-to-date: /home/spkmak/vegabot_ws/install/vegabot_description/share/vegabot_description/models/aws_robomaker_residential_RoomWindow_01/materials
[1.417s] -- Up-to-date: /home/spkmak/vegabot_ws/install/vegabot_description/share/vegabot_description/models/aws_robomaker_residential_RoomWindow_01/materials/textures
[1.417s] -- Up-to-date: /home/spkmak/vegabot_ws/install/vegabot_description/share/vegabot_description/models/aws_robomaker_residential_RoomWindow_01/materials/textures/aws_RoomWindow_01.png
[1.417s] -- Up-to-date: /home/spkmak/vegabot_ws/install/vegabot_description/share/vegabot_description/models/aws_robomaker_residential_DeskPortraitB_02
[1.417s] -- Up-to-date: /home/spkmak/vegabot_ws/install/vegabot_description/share/vegabot_description/models/aws_robomaker_residential_DeskPortraitB_02/meshes
[1.417s] -- Up-to-date: /home/spkmak/vegabot_ws/install/vegabot_description/share/vegabot_description/models/aws_robomaker_residential_DeskPortraitB_02/meshes/aws_DeskPortraitB_01_collision.DAE
[1.418s] -- Up-to-date: /home/spkmak/vegabot_ws/install/vegabot_description/share/vegabot_description/models/aws_robomaker_residential_DeskPortraitB_02/meshes/aws_DeskPortraitB_01_visual.DAE
[1.418s] -- Up-to-date: /home/spkmak/vegabot_ws/install/vegabot_description/share/vegabot_description/models/aws_robomaker_residential_DeskPortraitB_02/model.config
[1.418s] -- Up-to-date: /home/spkmak/vegabot_ws/install/vegabot_description/share/vegabot_description/models/aws_robomaker_residential_DeskPortraitB_02/model.sdf
[1.418s] -- Up-to-date: /home/spkmak/vegabot_ws/install/vegabot_description/share/vegabot_description/models/aws_robomaker_residential_DeskPortraitB_02/materials
[1.418s] -- Up-to-date: /home/spkmak/vegabot_ws/install/vegabot_description/share/vegabot_description/models/aws_robomaker_residential_DeskPortraitB_02/materials/textures
[1.418s] -- Up-to-date: /home/spkmak/vegabot_ws/install/vegabot_description/share/vegabot_description/models/aws_robomaker_residential_DeskPortraitB_02/materials/textures/aws_DeskPortraitB_02.png
[1.418s] -- Up-to-date: /home/spkmak/vegabot_ws/install/vegabot_description/share/vegabot_description/models/aws_robomaker_residential_DeskPortraitB_02/materials/textures/aws_DeskPortraitB_01.png
[1.418s] -- Up-to-date: /home/spkmak/vegabot_ws/install/vegabot_description/share/vegabot_description/models/aws_robomaker_residential_AirconditionerB_01
[1.419s] -- Up-to-date: /home/spkmak/vegabot_ws/install/vegabot_description/share/vegabot_description/models/aws_robomaker_residential_AirconditionerB_01/meshes
[1.419s] -- Up-to-date: /home/spkmak/vegabot_ws/install/vegabot_description/share/vegabot_description/models/aws_robomaker_residential_AirconditionerB_01/meshes/aws_AirconditionerB_01_collision.DAE
[1.419s] -- Up-to-date: /home/spkmak/vegabot_ws/install/vegabot_description/share/vegabot_description/models/aws_robomaker_residential_AirconditionerB_01/meshes/aws_AirconditionerB_01_visual.DAE
[1.419s] -- Up-to-date: /home/spkmak/vegabot_ws/install/vegabot_description/share/vegabot_description/models/aws_robomaker_residential_AirconditionerB_01/model.config
[1.419s] -- Up-to-date: /home/spkmak/vegabot_ws/install/vegabot_description/share/vegabot_description/models/aws_robomaker_residential_AirconditionerB_01/model.sdf
[1.420s] -- Up-to-date: /home/spkmak/vegabot_ws/install/vegabot_description/share/vegabot_description/models/aws_robomaker_residential_AirconditionerB_01/materials
[1.420s] -- Up-to-date: /home/spkmak/vegabot_ws/install/vegabot_description/share/vegabot_description/models/aws_robomaker_residential_AirconditionerB_01/materials/textures
[1.420s] -- Up-to-date: /home/spkmak/vegabot_ws/install/vegabot_description/share/vegabot_description/models/aws_robomaker_residential_AirconditionerB_01/materials/textures/aws_AirconditionerB_01.png
[1.420s] -- Up-to-date: /home/spkmak/vegabot_ws/install/vegabot_description/share/vegabot_description/models/aws_robomaker_residential_KitchenUtensils_01
[1.421s] -- Up-to-date: /home/spkmak/vegabot_ws/install/vegabot_description/share/vegabot_description/models/aws_robomaker_residential_KitchenUtensils_01/meshes
[1.421s] -- Up-to-date: /home/spkmak/vegabot_ws/install/vegabot_description/share/vegabot_description/models/aws_robomaker_residential_KitchenUtensils_01/meshes/aws_KitchenUtensils_01_collision.DAE
[1.421s] -- Up-to-date: /home/spkmak/vegabot_ws/install/vegabot_description/share/vegabot_description/models/aws_robomaker_residential_KitchenUtensils_01/meshes/aws_KitchenUtensils_01_visual.DAE
[1.421s] -- Up-to-date: /home/spkmak/vegabot_ws/install/vegabot_description/share/vegabot_description/models/aws_robomaker_residential_KitchenUtensils_01/model.config
[1.421s] -- Up-to-date: /home/spkmak/vegabot_ws/install/vegabot_description/share/vegabot_description/models/aws_robomaker_residential_KitchenUtensils_01/model.sdf
[1.421s] -- Up-to-date: /home/spkmak/vegabot_ws/install/vegabot_description/share/vegabot_description/models/aws_robomaker_residential_KitchenUtensils_01/materials
[1.422s] -- Up-to-date: /home/spkmak/vegabot_ws/install/vegabot_description/share/vegabot_description/models/aws_robomaker_residential_KitchenUtensils_01/materials/textures
[1.422s] -- Up-to-date: /home/spkmak/vegabot_ws/install/vegabot_description/share/vegabot_description/models/aws_robomaker_residential_KitchenUtensils_01/materials/textures/aws_KitchenUtensils_01.png
[1.422s] -- Up-to-date: /home/spkmak/vegabot_ws/install/vegabot_description/share/vegabot_description/models/aws_robomaker_residential_NightStand_01
[1.422s] -- Up-to-date: /home/spkmak/vegabot_ws/install/vegabot_description/share/vegabot_description/models/aws_robomaker_residential_NightStand_01/meshes
[1.422s] -- Up-to-date: /home/spkmak/vegabot_ws/install/vegabot_description/share/vegabot_description/models/aws_robomaker_residential_NightStand_01/meshes/aws_NightStand_01_visual.DAE
[1.422s] -- Up-to-date: /home/spkmak/vegabot_ws/install/vegabot_description/share/vegabot_description/models/aws_robomaker_residential_NightStand_01/meshes/aws_NightStand_01_collision.DAE
[1.422s] -- Up-to-date: /home/spkmak/vegabot_ws/install/vegabot_description/share/vegabot_description/models/aws_robomaker_residential_NightStand_01/model.config
[1.423s] -- Up-to-date: /home/spkmak/vegabot_ws/install/vegabot_description/share/vegabot_description/models/aws_robomaker_residential_NightStand_01/model.sdf
[1.423s] -- Up-to-date: /home/spkmak/vegabot_ws/install/vegabot_description/share/vegabot_description/models/aws_robomaker_residential_NightStand_01/materials
[1.423s] -- Up-to-date: /home/spkmak/vegabot_ws/install/vegabot_description/share/vegabot_description/models/aws_robomaker_residential_NightStand_01/materials/textures
[1.423s] -- Up-to-date: /home/spkmak/vegabot_ws/install/vegabot_description/share/vegabot_description/models/aws_robomaker_residential_NightStand_01/materials/textures/aws_NightStand_01.png
[1.423s] -- Up-to-date: /home/spkmak/vegabot_ws/install/vegabot_description/share/vegabot_description/models/aws_robomaker_residential_Tablet_01
[1.423s] -- Up-to-date: /home/spkmak/vegabot_ws/install/vegabot_description/share/vegabot_description/models/aws_robomaker_residential_Tablet_01/meshes
[1.423s] -- Up-to-date: /home/spkmak/vegabot_ws/install/vegabot_description/share/vegabot_description/models/aws_robomaker_residential_Tablet_01/meshes/aws_Tablet_01_collision.DAE
[1.424s] -- Up-to-date: /home/spkmak/vegabot_ws/install/vegabot_description/share/vegabot_description/models/aws_robomaker_residential_Tablet_01/meshes/aws_Tablet_01_visual.DAE
[1.424s] -- Up-to-date: /home/spkmak/vegabot_ws/install/vegabot_description/share/vegabot_description/models/aws_robomaker_residential_Tablet_01/model.config
[1.424s] -- Up-to-date: /home/spkmak/vegabot_ws/install/vegabot_description/share/vegabot_description/models/aws_robomaker_residential_Tablet_01/model.sdf
[1.424s] -- Up-to-date: /home/spkmak/vegabot_ws/install/vegabot_description/share/vegabot_description/models/aws_robomaker_residential_Tablet_01/materials
[1.424s] -- Up-to-date: /home/spkmak/vegabot_ws/install/vegabot_description/share/vegabot_description/models/aws_robomaker_residential_Tablet_01/materials/textures
[1.424s] -- Up-to-date: /home/spkmak/vegabot_ws/install/vegabot_description/share/vegabot_description/models/aws_robomaker_residential_Tablet_01/materials/textures/aws_Tablet_01_nologo.png
[1.425s] -- Up-to-date: /home/spkmak/vegabot_ws/install/vegabot_description/share/vegabot_description/models/aws_robomaker_residential_PortraitC_01
[1.425s] -- Up-to-date: /home/spkmak/vegabot_ws/install/vegabot_description/share/vegabot_description/models/aws_robomaker_residential_PortraitC_01/meshes
[1.425s] -- Up-to-date: /home/spkmak/vegabot_ws/install/vegabot_description/share/vegabot_description/models/aws_robomaker_residential_PortraitC_01/meshes/aws_PortraitC_01_collision.DAE
[1.425s] -- Up-to-date: /home/spkmak/vegabot_ws/install/vegabot_description/share/vegabot_description/models/aws_robomaker_residential_PortraitC_01/meshes/aws_PortraitC_01_visual.DAE
[1.425s] -- Up-to-date: /home/spkmak/vegabot_ws/install/vegabot_description/share/vegabot_description/models/aws_robomaker_residential_PortraitC_01/model.config
[1.425s] -- Up-to-date: /home/spkmak/vegabot_ws/install/vegabot_description/share/vegabot_description/models/aws_robomaker_residential_PortraitC_01/model.sdf
[1.426s] -- Up-to-date: /home/spkmak/vegabot_ws/install/vegabot_description/share/vegabot_description/models/aws_robomaker_residential_PortraitC_01/materials
[1.426s] -- Up-to-date: /home/spkmak/vegabot_ws/install/vegabot_description/share/vegabot_description/models/aws_robomaker_residential_PortraitC_01/materials/textures
[1.426s] -- Up-to-date: /home/spkmak/vegabot_ws/install/vegabot_description/share/vegabot_description/models/aws_robomaker_residential_PortraitC_01/materials/textures/aws_PortraitC_01.png
[1.426s] -- Up-to-date: /home/spkmak/vegabot_ws/install/vegabot_description/share/vegabot_description/models/aws_robomaker_residential_PortraitC_01/materials/textures/aws_PortraitC_02.png
[1.426s] -- Up-to-date: /home/spkmak/vegabot_ws/install/vegabot_description/share/vegabot_description/models/aws_robomaker_residential_RoomCeiling_01
[1.427s] -- Up-to-date: /home/spkmak/vegabot_ws/install/vegabot_description/share/vegabot_description/models/aws_robomaker_residential_RoomCeiling_01/meshes
[1.427s] -- Up-to-date: /home/spkmak/vegabot_ws/install/vegabot_description/share/vegabot_description/models/aws_robomaker_residential_RoomCeiling_01/meshes/aws_RoomCeiling_01_visual.DAE
[1.427s] -- Up-to-date: /home/spkmak/vegabot_ws/install/vegabot_description/share/vegabot_description/models/aws_robomaker_residential_RoomCeiling_01/meshes/aws_RoomCeiling_01_collision.DAE
[1.427s] -- Up-to-date: /home/spkmak/vegabot_ws/install/vegabot_description/share/vegabot_description/models/aws_robomaker_residential_RoomCeiling_01/model.config
[1.427s] -- Up-to-date: /home/spkmak/vegabot_ws/install/vegabot_description/share/vegabot_description/models/aws_robomaker_residential_RoomCeiling_01/model.sdf
[1.428s] -- Up-to-date: /home/spkmak/vegabot_ws/install/vegabot_description/share/vegabot_description/models/aws_robomaker_residential_RoomCeiling_01/materials
[1.428s] -- Up-to-date: /home/spkmak/vegabot_ws/install/vegabot_description/share/vegabot_description/models/aws_robomaker_residential_RoomCeiling_01/materials/textures
[1.428s] -- Up-to-date: /home/spkmak/vegabot_ws/install/vegabot_description/share/vegabot_description/models/aws_robomaker_residential_RoomCeiling_01/materials/textures/aws_RoomCeiling_01.png
[1.428s] -- Up-to-date: /home/spkmak/vegabot_ws/install/vegabot_description/share/vegabot_description/models/aws_robomaker_residential_Tableware_01
[1.428s] -- Up-to-date: /home/spkmak/vegabot_ws/install/vegabot_description/share/vegabot_description/models/aws_robomaker_residential_Tableware_01/meshes
[1.428s] -- Up-to-date: /home/spkmak/vegabot_ws/install/vegabot_description/share/vegabot_description/models/aws_robomaker_residential_Tableware_01/meshes/aws_Tableware_01_collision.DAE
[1.428s] -- Up-to-date: /home/spkmak/vegabot_ws/install/vegabot_description/share/vegabot_description/models/aws_robomaker_residential_Tableware_01/meshes/aws_Tableware_01_visual.DAE
[1.429s] -- Up-to-date: /home/spkmak/vegabot_ws/install/vegabot_description/share/vegabot_description/models/aws_robomaker_residential_Tableware_01/model.config
[1.429s] -- Up-to-date: /home/spkmak/vegabot_ws/install/vegabot_description/share/vegabot_description/models/aws_robomaker_residential_Tableware_01/model.sdf
[1.429s] -- Up-to-date: /home/spkmak/vegabot_ws/install/vegabot_description/share/vegabot_description/models/aws_robomaker_residential_Tableware_01/materials
[1.429s] -- Up-to-date: /home/spkmak/vegabot_ws/install/vegabot_description/share/vegabot_description/models/aws_robomaker_residential_Tableware_01/materials/textures
[1.429s] -- Up-to-date: /home/spkmak/vegabot_ws/install/vegabot_description/share/vegabot_description/models/aws_robomaker_residential_Tableware_01/materials/textures/aws_Tableware_01.png
[1.429s] -- Up-to-date: /home/spkmak/vegabot_ws/install/vegabot_description/share/ament_index/resource_index/package_run_dependencies/vegabot_description
[1.430s] -- Up-to-date: /home/spkmak/vegabot_ws/install/vegabot_description/share/ament_index/resource_index/parent_prefix_path/vegabot_description
[1.430s] -- Up-to-date: /home/spkmak/vegabot_ws/install/vegabot_description/share/vegabot_description/environment/ament_prefix_path.sh
[1.430s] -- Up-to-date: /home/spkmak/vegabot_ws/install/vegabot_description/share/vegabot_description/environment/ament_prefix_path.dsv
[1.430s] -- Up-to-date: /home/spkmak/vegabot_ws/install/vegabot_description/share/vegabot_description/environment/path.sh
[1.430s] -- Up-to-date: /home/spkmak/vegabot_ws/install/vegabot_description/share/vegabot_description/environment/path.dsv
[1.430s] -- Up-to-date: /home/spkmak/vegabot_ws/install/vegabot_description/share/vegabot_description/local_setup.bash
[1.431s] -- Up-to-date: /home/spkmak/vegabot_ws/install/vegabot_description/share/vegabot_description/local_setup.sh
[1.431s] -- Up-to-date: /home/spkmak/vegabot_ws/install/vegabot_description/share/vegabot_description/local_setup.zsh
[1.431s] -- Up-to-date: /home/spkmak/vegabot_ws/install/vegabot_description/share/vegabot_description/local_setup.dsv
[1.431s] -- Installing: /home/spkmak/vegabot_ws/install/vegabot_description/share/vegabot_description/package.dsv
[1.431s] -- Up-to-date: /home/spkmak/vegabot_ws/install/vegabot_description/share/ament_index/resource_index/packages/vegabot_description
[1.431s] -- Up-to-date: /home/spkmak/vegabot_ws/install/vegabot_description/share/vegabot_description/cmake/vegabot_descriptionConfig.cmake
[1.431s] -- Up-to-date: /home/spkmak/vegabot_ws/install/vegabot_description/share/vegabot_description/cmake/vegabot_descriptionConfig-version.cmake
[1.432s] -- Up-to-date: /home/spkmak/vegabot_ws/install/vegabot_description/share/vegabot_description/package.xml
[1.432s] Invoked command in '/home/spkmak/vegabot_ws/build/vegabot_description' returned '0': CMAKE_PREFIX_PATH=${CMAKE_PREFIX_PATH}:/home/spkmak/ros2_ws/install/so_arm_100_bringup:/opt/ros/humble /home/spkmak/.local/bin/cmake --install /home/spkmak/vegabot_ws/build/vegabot_description
