[0.553s] Invoking command in '/home/spkmak/vegabot_ws/build/vegabot_description': CMAKE_PREFIX_PATH=${CMAKE_PREFIX_PATH}:/home/spkmak/ros2_ws/install/so_arm_100_bringup:/opt/ros/humble /home/spkmak/.local/bin/cmake --build /home/spkmak/vegabot_ws/build/vegabot_description -- -j6 -l6
[2.162s] Invoked command in '/home/spkmak/vegabot_ws/build/vegabot_description' returned '0': CMAKE_PREFIX_PATH=${CMAKE_PREFIX_PATH}:/home/spkmak/ros2_ws/install/so_arm_100_bringup:/opt/ros/humble /home/spkmak/.local/bin/cmake --build /home/spkmak/vegabot_ws/build/vegabot_description -- -j6 -l6
[2.187s] Invoking command in '/home/spkmak/vegabot_ws/build/vegabot_description': CMAKE_PREFIX_PATH=${CMAKE_PREFIX_PATH}:/home/spkmak/ros2_ws/install/so_arm_100_bringup:/opt/ros/humble /home/spkmak/.local/bin/cmake --install /home/spkmak/vegabot_ws/build/vegabot_description
[2.360s] -- Install configuration: ""
[2.361s] -- Up-to-date: /home/spkmak/vegabot_ws/install/vegabot_description/share/vegabot_description/urdf
[2.371s] -- Up-to-date: /home/spkmak/vegabot_ws/install/vegabot_description/share/vegabot_description/urdf/bot.urdf
[2.371s] -- Up-to-date: /home/spkmak/vegabot_ws/install/vegabot_description/share/vegabot_description/urdf/vegabot_gazebo.xacro
[2.372s] -- Up-to-date: /home/spkmak/vegabot_ws/install/vegabot_description/share/vegabot_description/urdf/vegabot_base.xacro
[2.372s] -- Up-to-date: /home/spkmak/vegabot_ws/install/vegabot_description/share/vegabot_description/urdf/bot_wheel.urdf
[2.372s] -- Up-to-date: /home/spkmak/vegabot_ws/install/vegabot_description/share/vegabot_description/urdf/vegabot_sensors.xacro
[2.373s] -- Up-to-date: /home/spkmak/vegabot_ws/install/vegabot_description/share/vegabot_description/urdf/vegabot.urdf.xacro
[2.373s] -- Up-to-date: /home/spkmak/vegabot_ws/install/vegabot_description/share/vegabot_description/urdf/template.urdf
[2.373s] -- Up-to-date: /home/spkmak/vegabot_ws/install/vegabot_description/share/vegabot_description/urdf/vegabot_ros2control.xacro
[2.373s] -- Up-to-date: /home/spkmak/vegabot_ws/install/vegabot_description/share/vegabot_description/rviz
[2.384s] -- Up-to-date: /home/spkmak/vegabot_ws/install/vegabot_description/share/vegabot_description/rviz/display.rviz
[2.385s] -- Up-to-date: /home/spkmak/vegabot_ws/install/vegabot_description/share/vegabot_description/launch
[2.392s] -- Up-to-date: /home/spkmak/vegabot_ws/install/vegabot_description/share/vegabot_description/launch/display.launch.py
[2.393s] -- Up-to-date: /home/spkmak/vegabot_ws/install/vegabot_description/share/vegabot_description/launch/gazebo.launch.py
[2.393s] -- Up-to-date: /home/spkmak/vegabot_ws/install/vegabot_description/share/vegabot_description/worlds
[2.396s] -- Up-to-date: /home/spkmak/vegabot_ws/install/vegabot_description/share/vegabot_description/worlds/empty.world
[2.396s] -- Up-to-date: /home/spkmak/vegabot_ws/install/vegabot_description/share/vegabot_description/worlds/small_house.world
[2.397s] -- Up-to-date: /home/spkmak/vegabot_ws/install/vegabot_description/share/vegabot_description/worlds/qr_maze.world
[2.397s] -- Up-to-date: /home/spkmak/vegabot_ws/install/vegabot_description/share/vegabot_description/photos
[2.399s] -- Up-to-date: /home/spkmak/vegabot_ws/install/vegabot_description/share/vegabot_description/photos/PortraitB_03.jpg
[2.400s] -- Up-to-date: /home/spkmak/vegabot_ws/install/vegabot_description/share/vegabot_description/photos/PortraitC_01.jpg
[2.401s] -- Up-to-date: /home/spkmak/vegabot_ws/install/vegabot_description/share/vegabot_description/photos/DeskPortraitC_01.jpg
[2.401s] -- Up-to-date: /home/spkmak/vegabot_ws/install/vegabot_description/share/vegabot_description/photos/DeskPortraitC_02.jpg
[2.403s] -- Up-to-date: /home/spkmak/vegabot_ws/install/vegabot_description/share/vegabot_description/photos/DeskPortraitD_02.jpg
[2.405s] -- Up-to-date: /home/spkmak/vegabot_ws/install/vegabot_description/share/vegabot_description/photos/PortraitA_01.jpg
[2.405s] -- Up-to-date: /home/spkmak/vegabot_ws/install/vegabot_description/share/vegabot_description/photos/PortraitE_01.jpg
[2.406s] -- Up-to-date: /home/spkmak/vegabot_ws/install/vegabot_description/share/vegabot_description/photos/PortraitB_02.jpg
[2.406s] -- Up-to-date: /home/spkmak/vegabot_ws/install/vegabot_description/share/vegabot_description/photos/DeskPortraitA_01.jpg
[2.406s] -- Up-to-date: /home/spkmak/vegabot_ws/install/vegabot_description/share/vegabot_description/photos/DeskPortraitB_01.jpg
[2.406s] -- Up-to-date: /home/spkmak/vegabot_ws/install/vegabot_description/share/vegabot_description/photos/DeskPortraitD_01.jpg
[2.407s] -- Up-to-date: /home/spkmak/vegabot_ws/install/vegabot_description/share/vegabot_description/photos/DeskPortraitA_02.jpg
[2.407s] -- Up-to-date: /home/spkmak/vegabot_ws/install/vegabot_description/share/vegabot_description/photos/PortraitE_02.jpg
[2.407s] -- Up-to-date: /home/spkmak/vegabot_ws/install/vegabot_description/share/vegabot_description/photos/DeskPortraitB_02.jpg
[2.407s] -- Up-to-date: /home/spkmak/vegabot_ws/install/vegabot_description/share/vegabot_description/photos/PortraitA_02.jpg
[2.407s] -- Up-to-date: /home/spkmak/vegabot_ws/install/vegabot_description/share/vegabot_description/photos/PortraitB_01.jpg
[2.408s] -- Up-to-date: /home/spkmak/vegabot_ws/install/vegabot_description/share/vegabot_description/photos/PortraitD_01.jpg
[2.408s] -- Up-to-date: /home/spkmak/vegabot_ws/install/vegabot_description/share/vegabot_description/photos/DeskPortraitD_03.jpg
[2.408s] -- Up-to-date: /home/spkmak/vegabot_ws/install/vegabot_description/share/vegabot_description/photos/DeskPortraitD_04.jpg
[2.408s] -- Up-to-date: /home/spkmak/vegabot_ws/install/vegabot_description/share/vegabot_description/photos/PortraitD_02.jpg
[2.409s] -- Up-to-date: /home/spkmak/vegabot_ws/install/vegabot_description/share/vegabot_description/meshes
[2.410s] -- Up-to-date: /home/spkmak/vegabot_ws/install/vegabot_description/share/vegabot_description/meshes/vegabot_base_link.stl
[2.410s] -- Up-to-date: /home/spkmak/vegabot_ws/install/vegabot_description/share/vegabot_description/meshes/vegabot_lidar.stl
[2.411s] -- Up-to-date: /home/spkmak/vegabot_ws/install/vegabot_description/share/vegabot_description/meshes/vegabot_right_wheel.stl
[2.411s] -- Up-to-date: /home/spkmak/vegabot_ws/install/vegabot_description/share/vegabot_description/meshes/rear_left_castor.stl
[2.411s] -- Up-to-date: /home/spkmak/vegabot_ws/install/vegabot_description/share/vegabot_description/meshes/front_left_castor.stl
[2.411s] -- Up-to-date: /home/spkmak/vegabot_ws/install/vegabot_description/share/vegabot_description/meshes/vegabot_camera.stl
[2.411s] -- Up-to-date: /home/spkmak/vegabot_ws/install/vegabot_description/share/vegabot_description/meshes/vegabot_left_wheel.stl
[2.412s] -- Up-to-date: /home/spkmak/vegabot_ws/install/vegabot_description/share/vegabot_description/meshes/rear_right_castor.stl
[2.412s] -- Up-to-date: /home/spkmak/vegabot_ws/install/vegabot_description/share/vegabot_description/meshes/vegabot_toplid.stl
[2.413s] -- Up-to-date: /home/spkmak/vegabot_ws/install/vegabot_description/share/vegabot_description/meshes/vegabot_imu.stl
[2.414s] -- Up-to-date: /home/spkmak/vegabot_ws/install/vegabot_description/share/vegabot_description/meshes/vegabot_dock.stl
[2.415s] -- Up-to-date: /home/spkmak/vegabot_ws/install/vegabot_description/share/vegabot_description/meshes/front_right_castor.stl
[2.415s] -- Up-to-date: /home/spkmak/vegabot_ws/install/vegabot_description/share/vegabot_description/photos
[2.415s] -- Up-to-date: /home/spkmak/vegabot_ws/install/vegabot_description/share/vegabot_description/photos/PortraitB_03.jpg
[2.415s] -- Up-to-date: /home/spkmak/vegabot_ws/install/vegabot_description/share/vegabot_description/photos/PortraitC_01.jpg
[2.416s] -- Up-to-date: /home/spkmak/vegabot_ws/install/vegabot_description/share/vegabot_description/photos/DeskPortraitC_01.jpg
[2.416s] -- Up-to-date: /home/spkmak/vegabot_ws/install/vegabot_description/share/vegabot_description/photos/DeskPortraitC_02.jpg
[2.417s] -- Up-to-date: /home/spkmak/vegabot_ws/install/vegabot_description/share/vegabot_description/photos/DeskPortraitD_02.jpg
[2.417s] -- Up-to-date: /home/spkmak/vegabot_ws/install/vegabot_description/share/vegabot_description/photos/PortraitA_01.jpg
[2.417s] -- Up-to-date: /home/spkmak/vegabot_ws/install/vegabot_description/share/vegabot_description/photos/PortraitE_01.jpg
[2.418s] -- Up-to-date: /home/spkmak/vegabot_ws/install/vegabot_description/share/vegabot_description/photos/PortraitB_02.jpg
[2.418s] -- Up-to-date: /home/spkmak/vegabot_ws/install/vegabot_description/share/vegabot_description/photos/DeskPortraitA_01.jpg
[2.419s] -- Up-to-date: /home/spkmak/vegabot_ws/install/vegabot_description/share/vegabot_description/photos/DeskPortraitB_01.jpg
[2.419s] -- Up-to-date: /home/spkmak/vegabot_ws/install/vegabot_description/share/vegabot_description/photos/DeskPortraitD_01.jpg
[2.419s] -- Up-to-date: /home/spkmak/vegabot_ws/install/vegabot_description/share/vegabot_description/photos/DeskPortraitA_02.jpg
[2.419s] -- Up-to-date: /home/spkmak/vegabot_ws/install/vegabot_description/share/vegabot_description/photos/PortraitE_02.jpg
[2.419s] -- Up-to-date: /home/spkmak/vegabot_ws/install/vegabot_description/share/vegabot_description/photos/DeskPortraitB_02.jpg
[2.420s] -- Up-to-date: /home/spkmak/vegabot_ws/install/vegabot_description/share/vegabot_description/photos/PortraitA_02.jpg
[2.420s] -- Up-to-date: /home/spkmak/vegabot_ws/install/vegabot_description/share/vegabot_description/photos/PortraitB_01.jpg
[2.420s] -- Up-to-date: /home/spkmak/vegabot_ws/install/vegabot_description/share/vegabot_description/photos/PortraitD_01.jpg
[2.421s] -- Up-to-date: /home/spkmak/vegabot_ws/install/vegabot_description/share/vegabot_description/photos/DeskPortraitD_03.jpg
[2.421s] -- Up-to-date: /home/spkmak/vegabot_ws/install/vegabot_description/share/vegabot_description/photos/DeskPortraitD_04.jpg
[2.421s] -- Up-to-date: /home/spkmak/vegabot_ws/install/vegabot_description/share/vegabot_description/photos/PortraitD_02.jpg
[2.422s] -- Up-to-date: /home/spkmak/vegabot_ws/install/vegabot_description/share/vegabot_description/models
[2.423s] -- Up-to-date: /home/spkmak/vegabot_ws/install/vegabot_description/share/vegabot_description/models/aws_robomaker_warehouse_ClutteringC_01
[2.424s] -- Up-to-date: /home/spkmak/vegabot_ws/install/vegabot_description/share/vegabot_description/models/aws_robomaker_warehouse_ClutteringC_01/meshes
[2.424s] -- Up-to-date: /home/spkmak/vegabot_ws/install/vegabot_description/share/vegabot_description/models/aws_robomaker_warehouse_ClutteringC_01/meshes/aws_robomaker_warehouse_ClutteringC_01_visual.DAE
[2.424s] -- Up-to-date: /home/spkmak/vegabot_ws/install/vegabot_description/share/vegabot_description/models/aws_robomaker_warehouse_ClutteringC_01/meshes/aws_robomaker_warehouse_ClutteringC_01_collision.DAE
[2.425s] -- Up-to-date: /home/spkmak/vegabot_ws/install/vegabot_description/share/vegabot_description/models/aws_robomaker_warehouse_ClutteringC_01/model.config
[2.425s] -- Up-to-date: /home/spkmak/vegabot_ws/install/vegabot_description/share/vegabot_description/models/aws_robomaker_warehouse_ClutteringC_01/model.sdf
[2.425s] -- Up-to-date: /home/spkmak/vegabot_ws/install/vegabot_description/share/vegabot_description/models/aws_robomaker_warehouse_ClutteringC_01/materials
[2.427s] -- Up-to-date: /home/spkmak/vegabot_ws/install/vegabot_description/share/vegabot_description/models/aws_robomaker_warehouse_ClutteringC_01/materials/textures
[2.432s] -- Up-to-date: /home/spkmak/vegabot_ws/install/vegabot_description/share/vegabot_description/models/aws_robomaker_warehouse_ClutteringC_01/materials/textures/aws_robomaker_warehouse_ClutteringC_02.png
[2.433s] -- Up-to-date: /home/spkmak/vegabot_ws/install/vegabot_description/share/vegabot_description/models/aws_robomaker_warehouse_ClutteringC_01/materials/textures/aws_robomaker_warehouse_ClutteringC_01.png
[2.433s] -- Up-to-date: /home/spkmak/vegabot_ws/install/vegabot_description/share/vegabot_description/models/aws_robomaker_residential_HouseWallB_01
[2.445s] -- Up-to-date: /home/spkmak/vegabot_ws/install/vegabot_description/share/vegabot_description/models/aws_robomaker_residential_HouseWallB_01/meshes
[2.446s] -- Up-to-date: /home/spkmak/vegabot_ws/install/vegabot_description/share/vegabot_description/models/aws_robomaker_residential_HouseWallB_01/meshes/aws_HouseWallB_01_collision.DAE
[2.446s] -- Up-to-date: /home/spkmak/vegabot_ws/install/vegabot_description/share/vegabot_description/models/aws_robomaker_residential_HouseWallB_01/meshes/aws_HouseWallB_01_visual.DAE
[2.446s] -- Up-to-date: /home/spkmak/vegabot_ws/install/vegabot_description/share/vegabot_description/models/aws_robomaker_residential_HouseWallB_01/model.config
[2.447s] -- Up-to-date: /home/spkmak/vegabot_ws/install/vegabot_description/share/vegabot_description/models/aws_robomaker_residential_HouseWallB_01/model.sdf
[2.447s] -- Up-to-date: /home/spkmak/vegabot_ws/install/vegabot_description/share/vegabot_description/models/aws_robomaker_residential_HouseWallB_01/materials
[2.448s] -- Up-to-date: /home/spkmak/vegabot_ws/install/vegabot_description/share/vegabot_description/models/aws_robomaker_residential_HouseWallB_01/materials/textures
[2.461s] -- Up-to-date: /home/spkmak/vegabot_ws/install/vegabot_description/share/vegabot_description/models/aws_robomaker_residential_HouseWallB_01/materials/textures/aws_HouseWallB_01.png
[2.461s] -- Up-to-date: /home/spkmak/vegabot_ws/install/vegabot_description/share/vegabot_description/models/aws_robomaker_residential_DeskPortraitD_02
[2.493s] -- Up-to-date: /home/spkmak/vegabot_ws/install/vegabot_description/share/vegabot_description/models/aws_robomaker_residential_DeskPortraitD_02/meshes
[2.513s] -- Up-to-date: /home/spkmak/vegabot_ws/install/vegabot_description/share/vegabot_description/models/aws_robomaker_residential_DeskPortraitD_02/meshes/aws_DeskPortraitD_01_collision.DAE
[2.513s] -- Up-to-date: /home/spkmak/vegabot_ws/install/vegabot_description/share/vegabot_description/models/aws_robomaker_residential_DeskPortraitD_02/meshes/aws_DeskPortraitD_01_visual.DAE
[2.514s] -- Up-to-date: /home/spkmak/vegabot_ws/install/vegabot_description/share/vegabot_description/models/aws_robomaker_residential_DeskPortraitD_02/model.config
[2.515s] -- Up-to-date: /home/spkmak/vegabot_ws/install/vegabot_description/share/vegabot_description/models/aws_robomaker_residential_DeskPortraitD_02/model.sdf
[2.515s] -- Up-to-date: /home/spkmak/vegabot_ws/install/vegabot_description/share/vegabot_description/models/aws_robomaker_residential_DeskPortraitD_02/materials
[2.550s] -- Up-to-date: /home/spkmak/vegabot_ws/install/vegabot_description/share/vegabot_description/models/aws_robomaker_residential_DeskPortraitD_02/materials/textures
[2.574s] -- Up-to-date: /home/spkmak/vegabot_ws/install/vegabot_description/share/vegabot_description/models/aws_robomaker_residential_DeskPortraitD_02/materials/textures/aws_DeskPortraitD_02.png
[2.575s] -- Up-to-date: /home/spkmak/vegabot_ws/install/vegabot_description/share/vegabot_description/models/aws_robomaker_residential_DeskPortraitD_02/materials/textures/aws_DeskPortraitD_01.png
[2.575s] -- Up-to-date: /home/spkmak/vegabot_ws/install/vegabot_description/share/vegabot_description/models/aws_robomaker_residential_FitnessEquipment_01
[2.606s] -- Up-to-date: /home/spkmak/vegabot_ws/install/vegabot_description/share/vegabot_description/models/aws_robomaker_residential_FitnessEquipment_01/meshes
[2.629s] -- Up-to-date: /home/spkmak/vegabot_ws/install/vegabot_description/share/vegabot_description/models/aws_robomaker_residential_FitnessEquipment_01/meshes/aws_FitnessEquipment_01_visual.DAE
[2.629s] -- Up-to-date: /home/spkmak/vegabot_ws/install/vegabot_description/share/vegabot_description/models/aws_robomaker_residential_FitnessEquipment_01/meshes/aws_FitnessEquipment_01_collision.DAE
[2.630s] -- Up-to-date: /home/spkmak/vegabot_ws/install/vegabot_description/share/vegabot_description/models/aws_robomaker_residential_FitnessEquipment_01/model.config
[2.630s] -- Up-to-date: /home/spkmak/vegabot_ws/install/vegabot_description/share/vegabot_description/models/aws_robomaker_residential_FitnessEquipment_01/model.sdf
[2.630s] -- Up-to-date: /home/spkmak/vegabot_ws/install/vegabot_description/share/vegabot_description/models/aws_robomaker_residential_FitnessEquipment_01/materials
[2.649s] -- Up-to-date: /home/spkmak/vegabot_ws/install/vegabot_description/share/vegabot_description/models/aws_robomaker_residential_FitnessEquipment_01/materials/textures
[2.650s] -- Up-to-date: /home/spkmak/vegabot_ws/install/vegabot_description/share/vegabot_description/models/aws_robomaker_residential_FitnessEquipment_01/materials/textures/aws_FitnessEquipment_01.png
[2.650s] -- Up-to-date: /home/spkmak/vegabot_ws/install/vegabot_description/share/vegabot_description/models/aws_robomaker_residential_Curtain_01
[2.651s] -- Up-to-date: /home/spkmak/vegabot_ws/install/vegabot_description/share/vegabot_description/models/aws_robomaker_residential_Curtain_01/meshes
[2.657s] -- Up-to-date: /home/spkmak/vegabot_ws/install/vegabot_description/share/vegabot_description/models/aws_robomaker_residential_Curtain_01/meshes/aws_Curtain_01_visual.DAE
[2.657s] -- Up-to-date: /home/spkmak/vegabot_ws/install/vegabot_description/share/vegabot_description/models/aws_robomaker_residential_Curtain_01/meshes/aws_Curtain_01_collision.DAE
[2.658s] -- Up-to-date: /home/spkmak/vegabot_ws/install/vegabot_description/share/vegabot_description/models/aws_robomaker_residential_Curtain_01/model.config
[2.658s] -- Up-to-date: /home/spkmak/vegabot_ws/install/vegabot_description/share/vegabot_description/models/aws_robomaker_residential_Curtain_01/model.sdf
[2.659s] -- Up-to-date: /home/spkmak/vegabot_ws/install/vegabot_description/share/vegabot_description/models/aws_robomaker_residential_Curtain_01/materials
[2.660s] -- Up-to-date: /home/spkmak/vegabot_ws/install/vegabot_description/share/vegabot_description/models/aws_robomaker_residential_Curtain_01/materials/textures
[2.667s] -- Up-to-date: /home/spkmak/vegabot_ws/install/vegabot_description/share/vegabot_description/models/aws_robomaker_residential_Curtain_01/materials/textures/aws_Curtain_01.png
[2.668s] -- Up-to-date: /home/spkmak/vegabot_ws/install/vegabot_description/share/vegabot_description/models/aws_robomaker_residential_TV_01
[2.669s] -- Up-to-date: /home/spkmak/vegabot_ws/install/vegabot_description/share/vegabot_description/models/aws_robomaker_residential_TV_01/meshes
[2.670s] -- Up-to-date: /home/spkmak/vegabot_ws/install/vegabot_description/share/vegabot_description/models/aws_robomaker_residential_TV_01/meshes/aws_TV_01_visual.DAE
[2.671s] -- Up-to-date: /home/spkmak/vegabot_ws/install/vegabot_description/share/vegabot_description/models/aws_robomaker_residential_TV_01/meshes/aws_TV_01_collision.DAE
[2.672s] -- Up-to-date: /home/spkmak/vegabot_ws/install/vegabot_description/share/vegabot_description/models/aws_robomaker_residential_TV_01/model.config
[2.672s] -- Up-to-date: /home/spkmak/vegabot_ws/install/vegabot_description/share/vegabot_description/models/aws_robomaker_residential_TV_01/model.sdf
[2.673s] -- Up-to-date: /home/spkmak/vegabot_ws/install/vegabot_description/share/vegabot_description/models/aws_robomaker_residential_TV_01/materials
[2.674s] -- Up-to-date: /home/spkmak/vegabot_ws/install/vegabot_description/share/vegabot_description/models/aws_robomaker_residential_TV_01/materials/textures
[2.683s] -- Up-to-date: /home/spkmak/vegabot_ws/install/vegabot_description/share/vegabot_description/models/aws_robomaker_residential_TV_01/materials/textures/aws_TV_01.png
[2.683s] -- Up-to-date: /home/spkmak/vegabot_ws/install/vegabot_description/share/vegabot_description/models/aws_robomaker_residential_PortraitB_03
[2.690s] -- Up-to-date: /home/spkmak/vegabot_ws/install/vegabot_description/share/vegabot_description/models/aws_robomaker_residential_PortraitB_03/meshes
[2.696s] -- Up-to-date: /home/spkmak/vegabot_ws/install/vegabot_description/share/vegabot_description/models/aws_robomaker_residential_PortraitB_03/meshes/aws_PortraitB_01_collision.DAE
[2.697s] -- Up-to-date: /home/spkmak/vegabot_ws/install/vegabot_description/share/vegabot_description/models/aws_robomaker_residential_PortraitB_03/meshes/aws_PortraitB_01_visual.DAE
[2.697s] -- Up-to-date: /home/spkmak/vegabot_ws/install/vegabot_description/share/vegabot_description/models/aws_robomaker_residential_PortraitB_03/model.config
[2.697s] -- Up-to-date: /home/spkmak/vegabot_ws/install/vegabot_description/share/vegabot_description/models/aws_robomaker_residential_PortraitB_03/model.sdf
[2.697s] -- Up-to-date: /home/spkmak/vegabot_ws/install/vegabot_description/share/vegabot_description/models/aws_robomaker_residential_PortraitB_03/materials
[2.699s] -- Up-to-date: /home/spkmak/vegabot_ws/install/vegabot_description/share/vegabot_description/models/aws_robomaker_residential_PortraitB_03/materials/textures
[2.700s] -- Up-to-date: /home/spkmak/vegabot_ws/install/vegabot_description/share/vegabot_description/models/aws_robomaker_residential_PortraitB_03/materials/textures/aws_PortraitB_02.png
[2.700s] -- Up-to-date: /home/spkmak/vegabot_ws/install/vegabot_description/share/vegabot_description/models/aws_robomaker_residential_PortraitB_03/materials/textures/aws_PortraitB_01.png
[2.700s] -- Up-to-date: /home/spkmak/vegabot_ws/install/vegabot_description/share/vegabot_description/models/aws_robomaker_residential_AirconditionerA_01
[2.703s] -- Up-to-date: /home/spkmak/vegabot_ws/install/vegabot_description/share/vegabot_description/models/aws_robomaker_residential_AirconditionerA_01/meshes
[2.717s] -- Up-to-date: /home/spkmak/vegabot_ws/install/vegabot_description/share/vegabot_description/models/aws_robomaker_residential_AirconditionerA_01/meshes/aws_AirconditionerA_01_visual.DAE
[2.717s] -- Up-to-date: /home/spkmak/vegabot_ws/install/vegabot_description/share/vegabot_description/models/aws_robomaker_residential_AirconditionerA_01/meshes/aws__Air conditioner_01.DAE
[2.717s] -- Up-to-date: /home/spkmak/vegabot_ws/install/vegabot_description/share/vegabot_description/models/aws_robomaker_residential_AirconditionerA_01/meshes/aws_AirconditionerA_01_collision.DAE
[2.718s] -- Up-to-date: /home/spkmak/vegabot_ws/install/vegabot_description/share/vegabot_description/models/aws_robomaker_residential_AirconditionerA_01/model.config
[2.718s] -- Up-to-date: /home/spkmak/vegabot_ws/install/vegabot_description/share/vegabot_description/models/aws_robomaker_residential_AirconditionerA_01/model.sdf
[2.718s] -- Up-to-date: /home/spkmak/vegabot_ws/install/vegabot_description/share/vegabot_description/models/aws_robomaker_residential_AirconditionerA_01/materials
[2.744s] -- Up-to-date: /home/spkmak/vegabot_ws/install/vegabot_description/share/vegabot_description/models/aws_robomaker_residential_AirconditionerA_01/materials/textures
[2.778s] -- Up-to-date: /home/spkmak/vegabot_ws/install/vegabot_description/share/vegabot_description/models/aws_robomaker_residential_AirconditionerA_01/materials/textures/aws_AirconditionerA_01.png
[2.778s] -- Up-to-date: /home/spkmak/vegabot_ws/install/vegabot_description/share/vegabot_description/models/aws_robomaker_residential_KitchenCabinet_01
[2.795s] -- Up-to-date: /home/spkmak/vegabot_ws/install/vegabot_description/share/vegabot_description/models/aws_robomaker_residential_KitchenCabinet_01/meshes
[2.799s] -- Up-to-date: /home/spkmak/vegabot_ws/install/vegabot_description/share/vegabot_description/models/aws_robomaker_residential_KitchenCabinet_01/meshes/aws_KitchenCabinet_01_collision.DAE
[2.799s] -- Up-to-date: /home/spkmak/vegabot_ws/install/vegabot_description/share/vegabot_description/models/aws_robomaker_residential_KitchenCabinet_01/meshes/aws_KitchenCabinet_01_visual.DAE
[2.800s] -- Up-to-date: /home/spkmak/vegabot_ws/install/vegabot_description/share/vegabot_description/models/aws_robomaker_residential_KitchenCabinet_01/model.config
[2.800s] -- Up-to-date: /home/spkmak/vegabot_ws/install/vegabot_description/share/vegabot_description/models/aws_robomaker_residential_KitchenCabinet_01/model.sdf
[2.800s] -- Up-to-date: /home/spkmak/vegabot_ws/install/vegabot_description/share/vegabot_description/models/aws_robomaker_residential_KitchenCabinet_01/materials
[2.804s] -- Up-to-date: /home/spkmak/vegabot_ws/install/vegabot_description/share/vegabot_description/models/aws_robomaker_residential_KitchenCabinet_01/materials/textures
[2.810s] -- Up-to-date: /home/spkmak/vegabot_ws/install/vegabot_description/share/vegabot_description/models/aws_robomaker_residential_KitchenCabinet_01/materials/textures/aws_KitchenCabinet_01.png
[2.811s] -- Up-to-date: /home/spkmak/vegabot_ws/install/vegabot_description/share/vegabot_description/models/aws_robomaker_residential_Ball_01
[2.811s] -- Up-to-date: /home/spkmak/vegabot_ws/install/vegabot_description/share/vegabot_description/models/aws_robomaker_residential_Ball_01/meshes
[2.812s] -- Up-to-date: /home/spkmak/vegabot_ws/install/vegabot_description/share/vegabot_description/models/aws_robomaker_residential_Ball_01/meshes/aws_Ball_01_collision.DAE
[2.812s] -- Up-to-date: /home/spkmak/vegabot_ws/install/vegabot_description/share/vegabot_description/models/aws_robomaker_residential_Ball_01/meshes/aws_Ball_01_visual.DAE
[2.813s] -- Up-to-date: /home/spkmak/vegabot_ws/install/vegabot_description/share/vegabot_description/models/aws_robomaker_residential_Ball_01/model.config
[2.813s] -- Up-to-date: /home/spkmak/vegabot_ws/install/vegabot_description/share/vegabot_description/models/aws_robomaker_residential_Ball_01/model.sdf
[2.813s] -- Up-to-date: /home/spkmak/vegabot_ws/install/vegabot_description/share/vegabot_description/models/aws_robomaker_residential_Ball_01/materials
[2.814s] -- Up-to-date: /home/spkmak/vegabot_ws/install/vegabot_description/share/vegabot_description/models/aws_robomaker_residential_Ball_01/materials/textures
[2.814s] -- Up-to-date: /home/spkmak/vegabot_ws/install/vegabot_description/share/vegabot_description/models/aws_robomaker_residential_Ball_01/materials/textures/aws_Ball_01.png
[2.815s] -- Up-to-date: /home/spkmak/vegabot_ws/install/vegabot_description/share/vegabot_description/models/aws_robomaker_residential_ChairD_01
[2.816s] -- Up-to-date: /home/spkmak/vegabot_ws/install/vegabot_description/share/vegabot_description/models/aws_robomaker_residential_ChairD_01/meshes
[2.816s] -- Up-to-date: /home/spkmak/vegabot_ws/install/vegabot_description/share/vegabot_description/models/aws_robomaker_residential_ChairD_01/meshes/aws_ChairD_01_collision.DAE
[2.816s] -- Up-to-date: /home/spkmak/vegabot_ws/install/vegabot_description/share/vegabot_description/models/aws_robomaker_residential_ChairD_01/meshes/aws_ChairD_01_visual.DAE
[2.816s] -- Up-to-date: /home/spkmak/vegabot_ws/install/vegabot_description/share/vegabot_description/models/aws_robomaker_residential_ChairD_01/model.config
[2.817s] -- Up-to-date: /home/spkmak/vegabot_ws/install/vegabot_description/share/vegabot_description/models/aws_robomaker_residential_ChairD_01/model.sdf
[2.817s] -- Up-to-date: /home/spkmak/vegabot_ws/install/vegabot_description/share/vegabot_description/models/aws_robomaker_residential_ChairD_01/materials
[2.817s] -- Up-to-date: /home/spkmak/vegabot_ws/install/vegabot_description/share/vegabot_description/models/aws_robomaker_residential_ChairD_01/materials/textures
[2.818s] -- Up-to-date: /home/spkmak/vegabot_ws/install/vegabot_description/share/vegabot_description/models/aws_robomaker_residential_ChairD_01/materials/textures/aws_ChairD_01.png
[2.818s] -- Up-to-date: /home/spkmak/vegabot_ws/install/vegabot_description/share/vegabot_description/models/marker0
[2.818s] -- Up-to-date: /home/spkmak/vegabot_ws/install/vegabot_description/share/vegabot_description/models/marker0/meshes
[2.819s] -- Up-to-date: /home/spkmak/vegabot_ws/install/vegabot_description/share/vegabot_description/models/marker0/meshes/Marker0.dae
[2.820s] -- Up-to-date: /home/spkmak/vegabot_ws/install/vegabot_description/share/vegabot_description/models/marker0/model.config
[2.820s] -- Up-to-date: /home/spkmak/vegabot_ws/install/vegabot_description/share/vegabot_description/models/marker0/model.sdf
[2.820s] -- Up-to-date: /home/spkmak/vegabot_ws/install/vegabot_description/share/vegabot_description/models/marker0/materials
[2.825s] -- Up-to-date: /home/spkmak/vegabot_ws/install/vegabot_description/share/vegabot_description/models/marker0/materials/textures
[2.825s] -- Up-to-date: /home/spkmak/vegabot_ws/install/vegabot_description/share/vegabot_description/models/marker0/materials/textures/Marker0.png
[2.826s] -- Up-to-date: /home/spkmak/vegabot_ws/install/vegabot_description/share/vegabot_description/models/aws_robomaker_residential_Handle_01
[2.826s] -- Up-to-date: /home/spkmak/vegabot_ws/install/vegabot_description/share/vegabot_description/models/aws_robomaker_residential_Handle_01/meshes
[2.827s] -- Up-to-date: /home/spkmak/vegabot_ws/install/vegabot_description/share/vegabot_description/models/aws_robomaker_residential_Handle_01/meshes/aws_Handle_01_visual.DAE
[2.827s] -- Up-to-date: /home/spkmak/vegabot_ws/install/vegabot_description/share/vegabot_description/models/aws_robomaker_residential_Handle_01/meshes/aws_ handle_01_collision.DAE
[2.827s] -- Up-to-date: /home/spkmak/vegabot_ws/install/vegabot_description/share/vegabot_description/models/aws_robomaker_residential_Handle_01/meshes/aws_Handle_01_collision.DAE
[2.827s] -- Up-to-date: /home/spkmak/vegabot_ws/install/vegabot_description/share/vegabot_description/models/aws_robomaker_residential_Handle_01/model.config
[2.828s] -- Up-to-date: /home/spkmak/vegabot_ws/install/vegabot_description/share/vegabot_description/models/aws_robomaker_residential_Handle_01/model.sdf
[2.828s] -- Up-to-date: /home/spkmak/vegabot_ws/install/vegabot_description/share/vegabot_description/models/aws_robomaker_residential_Handle_01/materials
[2.828s] -- Up-to-date: /home/spkmak/vegabot_ws/install/vegabot_description/share/vegabot_description/models/aws_robomaker_residential_Handle_01/materials/textures
[2.829s] -- Up-to-date: /home/spkmak/vegabot_ws/install/vegabot_description/share/vegabot_description/models/aws_robomaker_residential_Handle_01/materials/textures/aws_Handle_01.png
[2.829s] -- Up-to-date: /home/spkmak/vegabot_ws/install/vegabot_description/share/vegabot_description/models/aws_robomaker_residential_PortraitE_01
[2.830s] -- Up-to-date: /home/spkmak/vegabot_ws/install/vegabot_description/share/vegabot_description/models/aws_robomaker_residential_PortraitE_01/meshes
[2.831s] -- Up-to-date: /home/spkmak/vegabot_ws/install/vegabot_description/share/vegabot_description/models/aws_robomaker_residential_PortraitE_01/meshes/aws_PortraitE_01_collision.DAE
[2.831s] -- Up-to-date: /home/spkmak/vegabot_ws/install/vegabot_description/share/vegabot_description/models/aws_robomaker_residential_PortraitE_01/meshes/aws_PortraitE_01_visual.DAE
[2.831s] -- Up-to-date: /home/spkmak/vegabot_ws/install/vegabot_description/share/vegabot_description/models/aws_robomaker_residential_PortraitE_01/model.config
[2.831s] -- Up-to-date: /home/spkmak/vegabot_ws/install/vegabot_description/share/vegabot_description/models/aws_robomaker_residential_PortraitE_01/model.sdf
[2.832s] -- Up-to-date: /home/spkmak/vegabot_ws/install/vegabot_description/share/vegabot_description/models/aws_robomaker_residential_PortraitE_01/materials
[2.832s] -- Up-to-date: /home/spkmak/vegabot_ws/install/vegabot_description/share/vegabot_description/models/aws_robomaker_residential_PortraitE_01/materials/textures
[2.832s] -- Up-to-date: /home/spkmak/vegabot_ws/install/vegabot_description/share/vegabot_description/models/aws_robomaker_residential_PortraitE_01/materials/textures/aws_PortraitE_01.png
[2.832s] -- Up-to-date: /home/spkmak/vegabot_ws/install/vegabot_description/share/vegabot_description/models/aws_robomaker_residential_PortraitE_01/materials/textures/aws_PortraitE_02.png
[2.832s] -- Up-to-date: /home/spkmak/vegabot_ws/install/vegabot_description/share/vegabot_description/models/aws_robomaker_residential_Refrigerator_01
[2.832s] -- Up-to-date: /home/spkmak/vegabot_ws/install/vegabot_description/share/vegabot_description/models/aws_robomaker_residential_Refrigerator_01/meshes
[2.836s] -- Up-to-date: /home/spkmak/vegabot_ws/install/vegabot_description/share/vegabot_description/models/aws_robomaker_residential_Refrigerator_01/meshes/aws_Refrigerator_01_visual.DAE
[2.837s] -- Up-to-date: /home/spkmak/vegabot_ws/install/vegabot_description/share/vegabot_description/models/aws_robomaker_residential_Refrigerator_01/meshes/aws_Refrigerator_01_collision.DAE
[2.837s] -- Up-to-date: /home/spkmak/vegabot_ws/install/vegabot_description/share/vegabot_description/models/aws_robomaker_residential_Refrigerator_01/meshes/aws_Refrigerator_01.DAE
[2.837s] -- Up-to-date: /home/spkmak/vegabot_ws/install/vegabot_description/share/vegabot_description/models/aws_robomaker_residential_Refrigerator_01/model.config
[2.837s] -- Up-to-date: /home/spkmak/vegabot_ws/install/vegabot_description/share/vegabot_description/models/aws_robomaker_residential_Refrigerator_01/model.sdf
[2.837s] -- Up-to-date: /home/spkmak/vegabot_ws/install/vegabot_description/share/vegabot_description/models/aws_robomaker_residential_Refrigerator_01/materials
[2.837s] -- Up-to-date: /home/spkmak/vegabot_ws/install/vegabot_description/share/vegabot_description/models/aws_robomaker_residential_Refrigerator_01/materials/textures
[2.838s] -- Up-to-date: /home/spkmak/vegabot_ws/install/vegabot_description/share/vegabot_description/models/aws_robomaker_residential_Refrigerator_01/materials/textures/aws_Refrigerator_02.png
[2.838s] -- Up-to-date: /home/spkmak/vegabot_ws/install/vegabot_description/share/vegabot_description/models/aws_robomaker_residential_Refrigerator_01/materials/textures/aws_Refrigerator_01.png
[2.838s] -- Up-to-date: /home/spkmak/vegabot_ws/install/vegabot_description/share/vegabot_description/models/aws_robomaker_residential_TV_02
[2.840s] -- Up-to-date: /home/spkmak/vegabot_ws/install/vegabot_description/share/vegabot_description/models/aws_robomaker_residential_TV_02/meshes
[2.841s] -- Up-to-date: /home/spkmak/vegabot_ws/install/vegabot_description/share/vegabot_description/models/aws_robomaker_residential_TV_02/meshes/aws_TV_01_visual.DAE
[2.841s] -- Up-to-date: /home/spkmak/vegabot_ws/install/vegabot_description/share/vegabot_description/models/aws_robomaker_residential_TV_02/meshes/aws_TV_01_collision.DAE
[2.841s] -- Up-to-date: /home/spkmak/vegabot_ws/install/vegabot_description/share/vegabot_description/models/aws_robomaker_residential_TV_02/model.config
[2.841s] -- Up-to-date: /home/spkmak/vegabot_ws/install/vegabot_description/share/vegabot_description/models/aws_robomaker_residential_TV_02/model.sdf
[2.841s] -- Up-to-date: /home/spkmak/vegabot_ws/install/vegabot_description/share/vegabot_description/models/aws_robomaker_residential_TV_02/materials
[2.841s] -- Up-to-date: /home/spkmak/vegabot_ws/install/vegabot_description/share/vegabot_description/models/aws_robomaker_residential_TV_02/materials/textures
[2.842s] -- Up-to-date: /home/spkmak/vegabot_ws/install/vegabot_description/share/vegabot_description/models/aws_robomaker_residential_TV_02/materials/textures/aws_TV_01.png
[2.842s] -- Up-to-date: /home/spkmak/vegabot_ws/install/vegabot_description/share/vegabot_description/models/aws_robomaker_residential_FoldingDoor_01
[2.842s] -- Up-to-date: /home/spkmak/vegabot_ws/install/vegabot_description/share/vegabot_description/models/aws_robomaker_residential_FoldingDoor_01/meshes
[2.849s] -- Up-to-date: /home/spkmak/vegabot_ws/install/vegabot_description/share/vegabot_description/models/aws_robomaker_residential_FoldingDoor_01/meshes/aws_FoldingDoor_01_visual.DAE
[2.850s] -- Up-to-date: /home/spkmak/vegabot_ws/install/vegabot_description/share/vegabot_description/models/aws_robomaker_residential_FoldingDoor_01/meshes/aws_FoldingDoor_01_collision.DAE
[2.850s] -- Up-to-date: /home/spkmak/vegabot_ws/install/vegabot_description/share/vegabot_description/models/aws_robomaker_residential_FoldingDoor_01/model.config
[2.850s] -- Up-to-date: /home/spkmak/vegabot_ws/install/vegabot_description/share/vegabot_description/models/aws_robomaker_residential_FoldingDoor_01/model.sdf
[2.851s] -- Up-to-date: /home/spkmak/vegabot_ws/install/vegabot_description/share/vegabot_description/models/aws_robomaker_residential_FoldingDoor_01/materials
[2.851s] -- Up-to-date: /home/spkmak/vegabot_ws/install/vegabot_description/share/vegabot_description/models/aws_robomaker_residential_FoldingDoor_01/materials/textures
[2.851s] -- Up-to-date: /home/spkmak/vegabot_ws/install/vegabot_description/share/vegabot_description/models/aws_robomaker_residential_FoldingDoor_01/materials/textures/aws_FoldingDoor_01.png
[2.851s] -- Up-to-date: /home/spkmak/vegabot_ws/install/vegabot_description/share/vegabot_description/models/aws_robomaker_warehouse_Bucket_01
[2.853s] -- Up-to-date: /home/spkmak/vegabot_ws/install/vegabot_description/share/vegabot_description/models/aws_robomaker_warehouse_Bucket_01/meshes
[2.855s] -- Up-to-date: /home/spkmak/vegabot_ws/install/vegabot_description/share/vegabot_description/models/aws_robomaker_warehouse_Bucket_01/meshes/aws_robomaker_warehouse_Bucket_01_collision.DAE
[2.856s] -- Up-to-date: /home/spkmak/vegabot_ws/install/vegabot_description/share/vegabot_description/models/aws_robomaker_warehouse_Bucket_01/meshes/aws_robomaker_warehouse_Bucket_01_visual.DAE
[2.856s] -- Up-to-date: /home/spkmak/vegabot_ws/install/vegabot_description/share/vegabot_description/models/aws_robomaker_warehouse_Bucket_01/model.config
[2.856s] -- Up-to-date: /home/spkmak/vegabot_ws/install/vegabot_description/share/vegabot_description/models/aws_robomaker_warehouse_Bucket_01/model.sdf
[2.856s] -- Up-to-date: /home/spkmak/vegabot_ws/install/vegabot_description/share/vegabot_description/models/aws_robomaker_warehouse_Bucket_01/.DS_Store
[2.856s] -- Up-to-date: /home/spkmak/vegabot_ws/install/vegabot_description/share/vegabot_description/models/aws_robomaker_warehouse_Bucket_01/materials
[2.857s] -- Up-to-date: /home/spkmak/vegabot_ws/install/vegabot_description/share/vegabot_description/models/aws_robomaker_warehouse_Bucket_01/materials/textures
[2.862s] -- Up-to-date: /home/spkmak/vegabot_ws/install/vegabot_description/share/vegabot_description/models/aws_robomaker_warehouse_Bucket_01/materials/textures/aws_robomaker_warehouse_Bucket_01.png
[2.863s] -- Up-to-date: /home/spkmak/vegabot_ws/install/vegabot_description/share/vegabot_description/models/aws_robomaker_warehouse_Bucket_01/materials/.DS_Store
[2.863s] -- Up-to-date: /home/spkmak/vegabot_ws/install/vegabot_description/share/vegabot_description/models/aws_robomaker_residential_Board_01
[2.863s] -- Up-to-date: /home/spkmak/vegabot_ws/install/vegabot_description/share/vegabot_description/models/aws_robomaker_residential_Board_01/meshes
[2.871s] -- Up-to-date: /home/spkmak/vegabot_ws/install/vegabot_description/share/vegabot_description/models/aws_robomaker_residential_Board_01/meshes/aws_Board_01_visual.DAE
[2.872s] -- Up-to-date: /home/spkmak/vegabot_ws/install/vegabot_description/share/vegabot_description/models/aws_robomaker_residential_Board_01/meshes/aws_Board_01_collision.DAE
[2.872s] -- Up-to-date: /home/spkmak/vegabot_ws/install/vegabot_description/share/vegabot_description/models/aws_robomaker_residential_Board_01/model.config
[2.872s] -- Up-to-date: /home/spkmak/vegabot_ws/install/vegabot_description/share/vegabot_description/models/aws_robomaker_residential_Board_01/model.sdf
[2.872s] -- Up-to-date: /home/spkmak/vegabot_ws/install/vegabot_description/share/vegabot_description/models/aws_robomaker_residential_Board_01/materials
[2.889s] -- Up-to-date: /home/spkmak/vegabot_ws/install/vegabot_description/share/vegabot_description/models/aws_robomaker_residential_Board_01/materials/textures
[2.890s] -- Up-to-date: /home/spkmak/vegabot_ws/install/vegabot_description/share/vegabot_description/models/aws_robomaker_residential_Board_01/materials/textures/aws_Board_01.png
[2.890s] -- Up-to-date: /home/spkmak/vegabot_ws/install/vegabot_description/share/vegabot_description/models/aws_robomaker_warehouse_DeskC_01
[2.893s] -- Up-to-date: /home/spkmak/vegabot_ws/install/vegabot_description/share/vegabot_description/models/aws_robomaker_warehouse_DeskC_01/meshes
[2.896s] -- Up-to-date: /home/spkmak/vegabot_ws/install/vegabot_description/share/vegabot_description/models/aws_robomaker_warehouse_DeskC_01/meshes/aws_robomaker_warehouse_DeskC_01_visual.DAE
[2.896s] -- Up-to-date: /home/spkmak/vegabot_ws/install/vegabot_description/share/vegabot_description/models/aws_robomaker_warehouse_DeskC_01/meshes/aws_robomaker_warehouse_DeskC_01_collision.DAE
[2.897s] -- Up-to-date: /home/spkmak/vegabot_ws/install/vegabot_description/share/vegabot_description/models/aws_robomaker_warehouse_DeskC_01/model.config
[2.897s] -- Up-to-date: /home/spkmak/vegabot_ws/install/vegabot_description/share/vegabot_description/models/aws_robomaker_warehouse_DeskC_01/model.sdf
[2.897s] -- Up-to-date: /home/spkmak/vegabot_ws/install/vegabot_description/share/vegabot_description/models/aws_robomaker_warehouse_DeskC_01/materials
[2.905s] -- Up-to-date: /home/spkmak/vegabot_ws/install/vegabot_description/share/vegabot_description/models/aws_robomaker_warehouse_DeskC_01/materials/textures
[2.919s] -- Up-to-date: /home/spkmak/vegabot_ws/install/vegabot_description/share/vegabot_description/models/aws_robomaker_warehouse_DeskC_01/materials/textures/aws_robomaker_warehouse_DeskC_04.png
[2.919s] -- Up-to-date: /home/spkmak/vegabot_ws/install/vegabot_description/share/vegabot_description/models/aws_robomaker_warehouse_DeskC_01/materials/textures/aws_robomaker_warehouse_DeskC_02.png
[2.919s] -- Up-to-date: /home/spkmak/vegabot_ws/install/vegabot_description/share/vegabot_description/models/aws_robomaker_warehouse_DeskC_01/materials/textures/aws_robomaker_warehouse_DeskC_03.psd
[2.919s] -- Up-to-date: /home/spkmak/vegabot_ws/install/vegabot_description/share/vegabot_description/models/aws_robomaker_warehouse_DeskC_01/materials/textures/aws_robomaker_warehouse_DeskC_03.png
[2.920s] -- Up-to-date: /home/spkmak/vegabot_ws/install/vegabot_description/share/vegabot_description/models/aws_robomaker_warehouse_DeskC_01/materials/textures/aws_robomaker_warehouse_DeskC_01.png
[2.920s] -- Up-to-date: /home/spkmak/vegabot_ws/install/vegabot_description/share/vegabot_description/models/aws_robomaker_warehouse_DeskC_01/materials/.DS_Store
[2.920s] -- Up-to-date: /home/spkmak/vegabot_ws/install/vegabot_description/share/vegabot_description/models/aws_robomaker_residential_RoomWall_01
[2.920s] -- Up-to-date: /home/spkmak/vegabot_ws/install/vegabot_description/share/vegabot_description/models/aws_robomaker_residential_RoomWall_01/meshes
[2.921s] -- Up-to-date: /home/spkmak/vegabot_ws/install/vegabot_description/share/vegabot_description/models/aws_robomaker_residential_RoomWall_01/meshes/aws_RoomWall_01_visual.DAE
[2.922s] -- Up-to-date: /home/spkmak/vegabot_ws/install/vegabot_description/share/vegabot_description/models/aws_robomaker_residential_RoomWall_01/meshes/aws_RoomWall_01_collision.DAE
[2.922s] -- Up-to-date: /home/spkmak/vegabot_ws/install/vegabot_description/share/vegabot_description/models/aws_robomaker_residential_RoomWall_01/model.config
[2.922s] -- Up-to-date: /home/spkmak/vegabot_ws/install/vegabot_description/share/vegabot_description/models/aws_robomaker_residential_RoomWall_01/model.sdf
[2.922s] -- Up-to-date: /home/spkmak/vegabot_ws/install/vegabot_description/share/vegabot_description/models/aws_robomaker_residential_RoomWall_01/materials
[2.923s] -- Up-to-date: /home/spkmak/vegabot_ws/install/vegabot_description/share/vegabot_description/models/aws_robomaker_residential_RoomWall_01/materials/textures
[2.924s] -- Up-to-date: /home/spkmak/vegabot_ws/install/vegabot_description/share/vegabot_description/models/aws_robomaker_residential_RoomWall_01/materials/textures/aws_RoomWall_01.png
[2.924s] -- Up-to-date: /home/spkmak/vegabot_ws/install/vegabot_description/share/vegabot_description/models/maze_walls
[2.926s] -- Up-to-date: /home/spkmak/vegabot_ws/install/vegabot_description/share/vegabot_description/models/maze_walls/meshes
[2.928s] -- Up-to-date: /home/spkmak/vegabot_ws/install/vegabot_description/share/vegabot_description/models/maze_walls/meshes/maze_walls.dae
[2.929s] -- Up-to-date: /home/spkmak/vegabot_ws/install/vegabot_description/share/vegabot_description/models/maze_walls/model.config
[2.929s] -- Up-to-date: /home/spkmak/vegabot_ws/install/vegabot_description/share/vegabot_description/models/maze_walls/model.sdf
[2.929s] -- Up-to-date: /home/spkmak/vegabot_ws/install/vegabot_description/share/vegabot_description/models/aws_robomaker_residential_LightC_01
[2.932s] -- Up-to-date: /home/spkmak/vegabot_ws/install/vegabot_description/share/vegabot_description/models/aws_robomaker_residential_LightC_01/meshes
[2.932s] -- Up-to-date: /home/spkmak/vegabot_ws/install/vegabot_description/share/vegabot_description/models/aws_robomaker_residential_LightC_01/meshes/aws_LightC_01_visual.DAE
[2.933s] -- Up-to-date: /home/spkmak/vegabot_ws/install/vegabot_description/share/vegabot_description/models/aws_robomaker_residential_LightC_01/meshes/aws_LightC_01_collision.DAE
[2.933s] -- Up-to-date: /home/spkmak/vegabot_ws/install/vegabot_description/share/vegabot_description/models/aws_robomaker_residential_LightC_01/model.config
[2.933s] -- Up-to-date: /home/spkmak/vegabot_ws/install/vegabot_description/share/vegabot_description/models/aws_robomaker_residential_LightC_01/model.sdf
[2.934s] -- Up-to-date: /home/spkmak/vegabot_ws/install/vegabot_description/share/vegabot_description/models/aws_robomaker_residential_LightC_01/materials
[2.934s] -- Up-to-date: /home/spkmak/vegabot_ws/install/vegabot_description/share/vegabot_description/models/aws_robomaker_residential_LightC_01/materials/textures
[2.936s] -- Up-to-date: /home/spkmak/vegabot_ws/install/vegabot_description/share/vegabot_description/models/aws_robomaker_residential_LightC_01/materials/textures/aws_LightC_01.png
[2.937s] -- Up-to-date: /home/spkmak/vegabot_ws/install/vegabot_description/share/vegabot_description/models/aws_robomaker_residential_SofaB_01
[2.939s] -- Up-to-date: /home/spkmak/vegabot_ws/install/vegabot_description/share/vegabot_description/models/aws_robomaker_residential_SofaB_01/meshes
[2.941s] -- Up-to-date: /home/spkmak/vegabot_ws/install/vegabot_description/share/vegabot_description/models/aws_robomaker_residential_SofaB_01/meshes/aws_SofaB_01_visual.DAE
[2.941s] -- Up-to-date: /home/spkmak/vegabot_ws/install/vegabot_description/share/vegabot_description/models/aws_robomaker_residential_SofaB_01/meshes/aws_SofaB_01_collision.DAE
[2.941s] -- Up-to-date: /home/spkmak/vegabot_ws/install/vegabot_description/share/vegabot_description/models/aws_robomaker_residential_SofaB_01/model.config
[2.941s] -- Up-to-date: /home/spkmak/vegabot_ws/install/vegabot_description/share/vegabot_description/models/aws_robomaker_residential_SofaB_01/model.sdf
[2.942s] -- Up-to-date: /home/spkmak/vegabot_ws/install/vegabot_description/share/vegabot_description/models/aws_robomaker_residential_SofaB_01/materials
[2.942s] -- Up-to-date: /home/spkmak/vegabot_ws/install/vegabot_description/share/vegabot_description/models/aws_robomaker_residential_SofaB_01/materials/textures
[2.948s] -- Up-to-date: /home/spkmak/vegabot_ws/install/vegabot_description/share/vegabot_description/models/aws_robomaker_residential_SofaB_01/materials/textures/aws_SofaB_01.png
[2.948s] -- Up-to-date: /home/spkmak/vegabot_ws/install/vegabot_description/share/vegabot_description/models/aws_robomaker_residential_DeskPortraitD_01
[2.953s] -- Up-to-date: /home/spkmak/vegabot_ws/install/vegabot_description/share/vegabot_description/models/aws_robomaker_residential_DeskPortraitD_01/meshes
[2.957s] -- Up-to-date: /home/spkmak/vegabot_ws/install/vegabot_description/share/vegabot_description/models/aws_robomaker_residential_DeskPortraitD_01/meshes/aws_DeskPortraitD_01_collision.DAE
[2.957s] -- Up-to-date: /home/spkmak/vegabot_ws/install/vegabot_description/share/vegabot_description/models/aws_robomaker_residential_DeskPortraitD_01/meshes/aws_DeskPortraitD_01_visual.DAE
[2.957s] -- Up-to-date: /home/spkmak/vegabot_ws/install/vegabot_description/share/vegabot_description/models/aws_robomaker_residential_DeskPortraitD_01/model.config
[2.957s] -- Up-to-date: /home/spkmak/vegabot_ws/install/vegabot_description/share/vegabot_description/models/aws_robomaker_residential_DeskPortraitD_01/model.sdf
[2.958s] -- Up-to-date: /home/spkmak/vegabot_ws/install/vegabot_description/share/vegabot_description/models/aws_robomaker_residential_DeskPortraitD_01/materials
[2.958s] -- Up-to-date: /home/spkmak/vegabot_ws/install/vegabot_description/share/vegabot_description/models/aws_robomaker_residential_DeskPortraitD_01/materials/textures
[2.959s] -- Up-to-date: /home/spkmak/vegabot_ws/install/vegabot_description/share/vegabot_description/models/aws_robomaker_residential_DeskPortraitD_01/materials/textures/aws_DeskPortraitD_02.png
[2.959s] -- Up-to-date: /home/spkmak/vegabot_ws/install/vegabot_description/share/vegabot_description/models/aws_robomaker_residential_DeskPortraitD_01/materials/textures/aws_DeskPortraitD_01.png
[2.959s] -- Up-to-date: /home/spkmak/vegabot_ws/install/vegabot_description/share/vegabot_description/models/aws_robomaker_warehouse_ShelfF_01
[2.960s] -- Up-to-date: /home/spkmak/vegabot_ws/install/vegabot_description/share/vegabot_description/models/aws_robomaker_warehouse_ShelfF_01/meshes
[2.963s] -- Up-to-date: /home/spkmak/vegabot_ws/install/vegabot_description/share/vegabot_description/models/aws_robomaker_warehouse_ShelfF_01/meshes/aws_robomaker_warehouse_ShelfF_01_collision.DAE
[2.963s] -- Up-to-date: /home/spkmak/vegabot_ws/install/vegabot_description/share/vegabot_description/models/aws_robomaker_warehouse_ShelfF_01/meshes/aws_robomaker_warehouse_ShelfF_01_visual.DAE
[2.963s] -- Up-to-date: /home/spkmak/vegabot_ws/install/vegabot_description/share/vegabot_description/models/aws_robomaker_warehouse_ShelfF_01/model.config
[2.963s] -- Up-to-date: /home/spkmak/vegabot_ws/install/vegabot_description/share/vegabot_description/models/aws_robomaker_warehouse_ShelfF_01/model.sdf
[2.964s] -- Up-to-date: /home/spkmak/vegabot_ws/install/vegabot_description/share/vegabot_description/models/aws_robomaker_warehouse_ShelfF_01/materials
[2.964s] -- Up-to-date: /home/spkmak/vegabot_ws/install/vegabot_description/share/vegabot_description/models/aws_robomaker_warehouse_ShelfF_01/materials/textures
[2.969s] -- Up-to-date: /home/spkmak/vegabot_ws/install/vegabot_description/share/vegabot_description/models/aws_robomaker_warehouse_ShelfF_01/materials/textures/aws_robomaker_warehouse_ShelfF_02.png
[2.969s] -- Up-to-date: /home/spkmak/vegabot_ws/install/vegabot_description/share/vegabot_description/models/aws_robomaker_warehouse_ShelfF_01/materials/textures/aws_robomaker_warehouse_ShelfF_01.png
[2.969s] -- Up-to-date: /home/spkmak/vegabot_ws/install/vegabot_description/share/vegabot_description/models/aws_robomaker_warehouse_ShelfF_01/materials/textures/aws_robomaker_warehouse_ShelfF_03.png
[2.969s] -- Up-to-date: /home/spkmak/vegabot_ws/install/vegabot_description/share/vegabot_description/models/aws_robomaker_residential_Vase_01
[2.970s] -- Up-to-date: /home/spkmak/vegabot_ws/install/vegabot_description/share/vegabot_description/models/aws_robomaker_residential_Vase_01/meshes
[2.970s] -- Up-to-date: /home/spkmak/vegabot_ws/install/vegabot_description/share/vegabot_description/models/aws_robomaker_residential_Vase_01/meshes/aws_Vase_01_collision.DAE
[2.970s] -- Up-to-date: /home/spkmak/vegabot_ws/install/vegabot_description/share/vegabot_description/models/aws_robomaker_residential_Vase_01/meshes/aws_Vase_01_visual.DAE
[2.971s] -- Up-to-date: /home/spkmak/vegabot_ws/install/vegabot_description/share/vegabot_description/models/aws_robomaker_residential_Vase_01/model.config
[2.971s] -- Up-to-date: /home/spkmak/vegabot_ws/install/vegabot_description/share/vegabot_description/models/aws_robomaker_residential_Vase_01/model.sdf
[2.971s] -- Up-to-date: /home/spkmak/vegabot_ws/install/vegabot_description/share/vegabot_description/models/aws_robomaker_residential_Vase_01/materials
[2.971s] -- Up-to-date: /home/spkmak/vegabot_ws/install/vegabot_description/share/vegabot_description/models/aws_robomaker_residential_Vase_01/materials/textures
[2.974s] -- Up-to-date: /home/spkmak/vegabot_ws/install/vegabot_description/share/vegabot_description/models/aws_robomaker_residential_Vase_01/materials/textures/aws_Vase_01.png
[2.974s] -- Up-to-date: /home/spkmak/vegabot_ws/install/vegabot_description/share/vegabot_description/models/aws_robomaker_residential_PortraitE_02
[2.975s] -- Up-to-date: /home/spkmak/vegabot_ws/install/vegabot_description/share/vegabot_description/models/aws_robomaker_residential_PortraitE_02/meshes
[2.976s] -- Up-to-date: /home/spkmak/vegabot_ws/install/vegabot_description/share/vegabot_description/models/aws_robomaker_residential_PortraitE_02/meshes/aws_PortraitE_01_collision.DAE
[2.976s] -- Up-to-date: /home/spkmak/vegabot_ws/install/vegabot_description/share/vegabot_description/models/aws_robomaker_residential_PortraitE_02/meshes/aws_PortraitE_01_visual.DAE
[2.976s] -- Up-to-date: /home/spkmak/vegabot_ws/install/vegabot_description/share/vegabot_description/models/aws_robomaker_residential_PortraitE_02/model.config
[2.977s] -- Up-to-date: /home/spkmak/vegabot_ws/install/vegabot_description/share/vegabot_description/models/aws_robomaker_residential_PortraitE_02/model.sdf
[2.977s] -- Up-to-date: /home/spkmak/vegabot_ws/install/vegabot_description/share/vegabot_description/models/aws_robomaker_residential_PortraitE_02/materials
[2.980s] -- Up-to-date: /home/spkmak/vegabot_ws/install/vegabot_description/share/vegabot_description/models/aws_robomaker_residential_PortraitE_02/materials/textures
[2.981s] -- Up-to-date: /home/spkmak/vegabot_ws/install/vegabot_description/share/vegabot_description/models/aws_robomaker_residential_PortraitE_02/materials/textures/aws_PortraitE_01.png
[2.981s] -- Up-to-date: /home/spkmak/vegabot_ws/install/vegabot_description/share/vegabot_description/models/aws_robomaker_residential_PortraitE_02/materials/textures/aws_PortraitE_02.png
[2.981s] -- Up-to-date: /home/spkmak/vegabot_ws/install/vegabot_description/share/vegabot_description/models/aws_robomaker_residential_PortraitD_02
[2.982s] -- Up-to-date: /home/spkmak/vegabot_ws/install/vegabot_description/share/vegabot_description/models/aws_robomaker_residential_PortraitD_02/meshes
[2.984s] -- Up-to-date: /home/spkmak/vegabot_ws/install/vegabot_description/share/vegabot_description/models/aws_robomaker_residential_PortraitD_02/meshes/aws_PortraitD_01_visual.DAE
[2.984s] -- Up-to-date: /home/spkmak/vegabot_ws/install/vegabot_description/share/vegabot_description/models/aws_robomaker_residential_PortraitD_02/meshes/aws_PortraitD_01_collision.DAE
[2.985s] -- Up-to-date: /home/spkmak/vegabot_ws/install/vegabot_description/share/vegabot_description/models/aws_robomaker_residential_PortraitD_02/model.config
[2.985s] -- Up-to-date: /home/spkmak/vegabot_ws/install/vegabot_description/share/vegabot_description/models/aws_robomaker_residential_PortraitD_02/model.sdf
[2.985s] -- Up-to-date: /home/spkmak/vegabot_ws/install/vegabot_description/share/vegabot_description/models/aws_robomaker_residential_PortraitD_02/materials
[2.985s] -- Up-to-date: /home/spkmak/vegabot_ws/install/vegabot_description/share/vegabot_description/models/aws_robomaker_residential_PortraitD_02/materials/textures
[2.987s] -- Up-to-date: /home/spkmak/vegabot_ws/install/vegabot_description/share/vegabot_description/models/aws_robomaker_residential_PortraitD_02/materials/textures/aws_PortraitD_01.png
[2.987s] -- Up-to-date: /home/spkmak/vegabot_ws/install/vegabot_description/share/vegabot_description/models/aws_robomaker_residential_PortraitD_02/materials/textures/aws_PortraitD_02.png
[2.987s] -- Up-to-date: /home/spkmak/vegabot_ws/install/vegabot_description/share/vegabot_description/models/aws_robomaker_residential_PortraitA_02
[2.988s] -- Up-to-date: /home/spkmak/vegabot_ws/install/vegabot_description/share/vegabot_description/models/aws_robomaker_residential_PortraitA_02/meshes
[2.993s] -- Up-to-date: /home/spkmak/vegabot_ws/install/vegabot_description/share/vegabot_description/models/aws_robomaker_residential_PortraitA_02/meshes/aws_PortraitA_01_collision.DAE
[2.993s] -- Up-to-date: /home/spkmak/vegabot_ws/install/vegabot_description/share/vegabot_description/models/aws_robomaker_residential_PortraitA_02/meshes/aws_PortraitA_01_visual.DAE
[2.994s] -- Up-to-date: /home/spkmak/vegabot_ws/install/vegabot_description/share/vegabot_description/models/aws_robomaker_residential_PortraitA_02/model.config
[2.994s] -- Up-to-date: /home/spkmak/vegabot_ws/install/vegabot_description/share/vegabot_description/models/aws_robomaker_residential_PortraitA_02/model.sdf
[2.994s] -- Up-to-date: /home/spkmak/vegabot_ws/install/vegabot_description/share/vegabot_description/models/aws_robomaker_residential_PortraitA_02/materials
[2.994s] -- Up-to-date: /home/spkmak/vegabot_ws/install/vegabot_description/share/vegabot_description/models/aws_robomaker_residential_PortraitA_02/materials/textures
[2.995s] -- Up-to-date: /home/spkmak/vegabot_ws/install/vegabot_description/share/vegabot_description/models/aws_robomaker_residential_PortraitA_02/materials/textures/aws_PortraitA_02.png
[2.996s] -- Up-to-date: /home/spkmak/vegabot_ws/install/vegabot_description/share/vegabot_description/models/aws_robomaker_residential_PortraitA_02/materials/textures/aws_PortraitA_01.png
[2.996s] -- Up-to-date: /home/spkmak/vegabot_ws/install/vegabot_description/share/vegabot_description/models/aws_robomaker_warehouse_ClutteringD_01
[2.998s] -- Up-to-date: /home/spkmak/vegabot_ws/install/vegabot_description/share/vegabot_description/models/aws_robomaker_warehouse_ClutteringD_01/meshes
[3.000s] -- Up-to-date: /home/spkmak/vegabot_ws/install/vegabot_description/share/vegabot_description/models/aws_robomaker_warehouse_ClutteringD_01/meshes/aws_robomaker_warehouse_ClutteringD_01_visual.DAE
[3.000s] -- Up-to-date: /home/spkmak/vegabot_ws/install/vegabot_description/share/vegabot_description/models/aws_robomaker_warehouse_ClutteringD_01/meshes/aws_robomaker_warehouse_ClutteringD_01_collision.DAE
[3.001s] -- Up-to-date: /home/spkmak/vegabot_ws/install/vegabot_description/share/vegabot_description/models/aws_robomaker_warehouse_ClutteringD_01/model.config
[3.001s] -- Up-to-date: /home/spkmak/vegabot_ws/install/vegabot_description/share/vegabot_description/models/aws_robomaker_warehouse_ClutteringD_01/model.sdf
[3.001s] -- Up-to-date: /home/spkmak/vegabot_ws/install/vegabot_description/share/vegabot_description/models/aws_robomaker_warehouse_ClutteringD_01/materials
[3.002s] -- Up-to-date: /home/spkmak/vegabot_ws/install/vegabot_description/share/vegabot_description/models/aws_robomaker_warehouse_ClutteringD_01/materials/textures
[3.003s] -- Up-to-date: /home/spkmak/vegabot_ws/install/vegabot_description/share/vegabot_description/models/aws_robomaker_warehouse_ClutteringD_01/materials/textures/aws_robomaker_warehouse_ClutteringD_01.png
[3.004s] -- Up-to-date: /home/spkmak/vegabot_ws/install/vegabot_description/share/vegabot_description/models/aws_robomaker_warehouse_ClutteringD_01/materials/textures/aws_robomaker_warehouse_ClutteringD_02.png
[3.004s] -- Up-to-date: /home/spkmak/vegabot_ws/install/vegabot_description/share/vegabot_description/models/aws_robomaker_warehouse_PalletJackB_01
[3.005s] -- Up-to-date: /home/spkmak/vegabot_ws/install/vegabot_description/share/vegabot_description/models/aws_robomaker_warehouse_PalletJackB_01/meshes
[3.010s] -- Up-to-date: /home/spkmak/vegabot_ws/install/vegabot_description/share/vegabot_description/models/aws_robomaker_warehouse_PalletJackB_01/meshes/aws_robomaker_warehouse_PalletJackB_01_visual.DAE
[3.010s] -- Up-to-date: /home/spkmak/vegabot_ws/install/vegabot_description/share/vegabot_description/models/aws_robomaker_warehouse_PalletJackB_01/meshes/aws_robomaker_warehouse_PalletJackB_01_collision.DAE
[3.010s] -- Up-to-date: /home/spkmak/vegabot_ws/install/vegabot_description/share/vegabot_description/models/aws_robomaker_warehouse_PalletJackB_01/model.config
[3.010s] -- Up-to-date: /home/spkmak/vegabot_ws/install/vegabot_description/share/vegabot_description/models/aws_robomaker_warehouse_PalletJackB_01/model.sdf
[3.011s] -- Up-to-date: /home/spkmak/vegabot_ws/install/vegabot_description/share/vegabot_description/models/aws_robomaker_warehouse_PalletJackB_01/.DS_Store
[3.011s] -- Up-to-date: /home/spkmak/vegabot_ws/install/vegabot_description/share/vegabot_description/models/aws_robomaker_warehouse_PalletJackB_01/materials
[3.012s] -- Up-to-date: /home/spkmak/vegabot_ws/install/vegabot_description/share/vegabot_description/models/aws_robomaker_warehouse_PalletJackB_01/materials/textures
[3.016s] -- Up-to-date: /home/spkmak/vegabot_ws/install/vegabot_description/share/vegabot_description/models/aws_robomaker_warehouse_PalletJackB_01/materials/textures/aws_robomaker_warehouse_PalletJackB_02.png
[3.017s] -- Up-to-date: /home/spkmak/vegabot_ws/install/vegabot_description/share/vegabot_description/models/aws_robomaker_warehouse_PalletJackB_01/materials/textures/aws_robomaker_warehouse_PalletJackB_01.png
[3.017s] -- Up-to-date: /home/spkmak/vegabot_ws/install/vegabot_description/share/vegabot_description/models/aws_robomaker_warehouse_PalletJackB_01/materials/.DS_Store
[3.017s] -- Up-to-date: /home/spkmak/vegabot_ws/install/vegabot_description/share/vegabot_description/models/aws_robomaker_residential_Trash_01
[3.018s] -- Up-to-date: /home/spkmak/vegabot_ws/install/vegabot_description/share/vegabot_description/models/aws_robomaker_residential_Trash_01/meshes
[3.019s] -- Up-to-date: /home/spkmak/vegabot_ws/install/vegabot_description/share/vegabot_description/models/aws_robomaker_residential_Trash_01/meshes/aws_Trash_01_visual.DAE
[3.019s] -- Up-to-date: /home/spkmak/vegabot_ws/install/vegabot_description/share/vegabot_description/models/aws_robomaker_residential_Trash_01/meshes/aws_Trash_01_collision.DAE
[3.019s] -- Up-to-date: /home/spkmak/vegabot_ws/install/vegabot_description/share/vegabot_description/models/aws_robomaker_residential_Trash_01/model.config
[3.020s] -- Up-to-date: /home/spkmak/vegabot_ws/install/vegabot_description/share/vegabot_description/models/aws_robomaker_residential_Trash_01/model.sdf
[3.020s] -- Up-to-date: /home/spkmak/vegabot_ws/install/vegabot_description/share/vegabot_description/models/aws_robomaker_residential_Trash_01/materials
[3.020s] -- Up-to-date: /home/spkmak/vegabot_ws/install/vegabot_description/share/vegabot_description/models/aws_robomaker_residential_Trash_01/materials/textures
[3.020s] -- Up-to-date: /home/spkmak/vegabot_ws/install/vegabot_description/share/vegabot_description/models/aws_robomaker_residential_Trash_01/materials/textures/aws_Trash_01.png
[3.021s] -- Up-to-date: /home/spkmak/vegabot_ws/install/vegabot_description/share/vegabot_description/models/aws_robomaker_warehouse_WallB_01
[3.021s] -- Up-to-date: /home/spkmak/vegabot_ws/install/vegabot_description/share/vegabot_description/models/aws_robomaker_warehouse_WallB_01/meshes
[3.023s] -- Up-to-date: /home/spkmak/vegabot_ws/install/vegabot_description/share/vegabot_description/models/aws_robomaker_warehouse_WallB_01/meshes/aws_robomaker_warehouse_WallB_01_collision.DAE
[3.024s] -- Up-to-date: /home/spkmak/vegabot_ws/install/vegabot_description/share/vegabot_description/models/aws_robomaker_warehouse_WallB_01/meshes/aws_robomaker_warehouse_WallB_01_visual.DAE
[3.024s] -- Up-to-date: /home/spkmak/vegabot_ws/install/vegabot_description/share/vegabot_description/models/aws_robomaker_warehouse_WallB_01/model.config
[3.025s] -- Up-to-date: /home/spkmak/vegabot_ws/install/vegabot_description/share/vegabot_description/models/aws_robomaker_warehouse_WallB_01/model.sdf
[3.025s] -- Up-to-date: /home/spkmak/vegabot_ws/install/vegabot_description/share/vegabot_description/models/aws_robomaker_warehouse_WallB_01/materials
[3.025s] -- Up-to-date: /home/spkmak/vegabot_ws/install/vegabot_description/share/vegabot_description/models/aws_robomaker_warehouse_WallB_01/materials/textures
[3.026s] -- Up-to-date: /home/spkmak/vegabot_ws/install/vegabot_description/share/vegabot_description/models/aws_robomaker_warehouse_WallB_01/materials/textures/aws_robomaker_warehouse_WallB_01.png
[3.026s] -- Up-to-date: /home/spkmak/vegabot_ws/install/vegabot_description/share/vegabot_description/models/aws_robomaker_warehouse_GroundB_01
[3.033s] -- Up-to-date: /home/spkmak/vegabot_ws/install/vegabot_description/share/vegabot_description/models/aws_robomaker_warehouse_GroundB_01/meshes
[3.034s] -- Up-to-date: /home/spkmak/vegabot_ws/install/vegabot_description/share/vegabot_description/models/aws_robomaker_warehouse_GroundB_01/meshes/aws_robomaker_warehouse_GroundB_01_visual.DAE
[3.034s] -- Up-to-date: /home/spkmak/vegabot_ws/install/vegabot_description/share/vegabot_description/models/aws_robomaker_warehouse_GroundB_01/meshes/aws_robomaker_warehouse_GroundB_01_collision.DAE
[3.034s] -- Up-to-date: /home/spkmak/vegabot_ws/install/vegabot_description/share/vegabot_description/models/aws_robomaker_warehouse_GroundB_01/model.config
[3.035s] -- Up-to-date: /home/spkmak/vegabot_ws/install/vegabot_description/share/vegabot_description/models/aws_robomaker_warehouse_GroundB_01/model.sdf
[3.035s] -- Up-to-date: /home/spkmak/vegabot_ws/install/vegabot_description/share/vegabot_description/models/aws_robomaker_warehouse_GroundB_01/materials
[3.035s] -- Up-to-date: /home/spkmak/vegabot_ws/install/vegabot_description/share/vegabot_description/models/aws_robomaker_warehouse_GroundB_01/materials/textures
[3.037s] -- Up-to-date: /home/spkmak/vegabot_ws/install/vegabot_description/share/vegabot_description/models/aws_robomaker_warehouse_GroundB_01/materials/textures/aws_robomaker_warehouse_GroundB_01.png
[3.037s] -- Up-to-date: /home/spkmak/vegabot_ws/install/vegabot_description/share/vegabot_description/models/aws_robomaker_warehouse_GroundB_01/materials/textures/aws_robomaker_warehouse_GroundB_02.png
[3.037s] -- Up-to-date: /home/spkmak/vegabot_ws/install/vegabot_description/share/vegabot_description/models/aws_robomaker_residential_DeskPortraitA_01
[3.038s] -- Up-to-date: /home/spkmak/vegabot_ws/install/vegabot_description/share/vegabot_description/models/aws_robomaker_residential_DeskPortraitA_01/meshes
[3.042s] -- Up-to-date: /home/spkmak/vegabot_ws/install/vegabot_description/share/vegabot_description/models/aws_robomaker_residential_DeskPortraitA_01/meshes/aws_DeskPortraitA_01_collision.DAE
[3.042s] -- Up-to-date: /home/spkmak/vegabot_ws/install/vegabot_description/share/vegabot_description/models/aws_robomaker_residential_DeskPortraitA_01/meshes/aws_DeskPortraitA_01_visual.DAE
[3.042s] -- Up-to-date: /home/spkmak/vegabot_ws/install/vegabot_description/share/vegabot_description/models/aws_robomaker_residential_DeskPortraitA_01/model.config
[3.043s] -- Up-to-date: /home/spkmak/vegabot_ws/install/vegabot_description/share/vegabot_description/models/aws_robomaker_residential_DeskPortraitA_01/model.sdf
[3.043s] -- Up-to-date: /home/spkmak/vegabot_ws/install/vegabot_description/share/vegabot_description/models/aws_robomaker_residential_DeskPortraitA_01/materials
[3.043s] -- Up-to-date: /home/spkmak/vegabot_ws/install/vegabot_description/share/vegabot_description/models/aws_robomaker_residential_DeskPortraitA_01/materials/textures
[3.047s] -- Up-to-date: /home/spkmak/vegabot_ws/install/vegabot_description/share/vegabot_description/models/aws_robomaker_residential_DeskPortraitA_01/materials/textures/aws_DeskPortraitA_02.png
[3.047s] -- Up-to-date: /home/spkmak/vegabot_ws/install/vegabot_description/share/vegabot_description/models/aws_robomaker_residential_DeskPortraitA_01/materials/textures/aws_DeskPortraitA_01.png
[3.047s] -- Up-to-date: /home/spkmak/vegabot_ws/install/vegabot_description/share/vegabot_description/models/aws_robomaker_warehouse_ShelfD_01
[3.052s] -- Up-to-date: /home/spkmak/vegabot_ws/install/vegabot_description/share/vegabot_description/models/aws_robomaker_warehouse_ShelfD_01/meshes
[3.053s] -- Up-to-date: /home/spkmak/vegabot_ws/install/vegabot_description/share/vegabot_description/models/aws_robomaker_warehouse_ShelfD_01/meshes/aws_robomaker_warehouse_ShelfD_01_collision.DAE
[3.053s] -- Up-to-date: /home/spkmak/vegabot_ws/install/vegabot_description/share/vegabot_description/models/aws_robomaker_warehouse_ShelfD_01/meshes/aws_robomaker_warehouse_ShelfD_01_visual.DAE
[3.053s] -- Up-to-date: /home/spkmak/vegabot_ws/install/vegabot_description/share/vegabot_description/models/aws_robomaker_warehouse_ShelfD_01/model.config
[3.053s] -- Up-to-date: /home/spkmak/vegabot_ws/install/vegabot_description/share/vegabot_description/models/aws_robomaker_warehouse_ShelfD_01/model.sdf
[3.054s] -- Up-to-date: /home/spkmak/vegabot_ws/install/vegabot_description/share/vegabot_description/models/aws_robomaker_warehouse_ShelfD_01/materials
[3.054s] -- Up-to-date: /home/spkmak/vegabot_ws/install/vegabot_description/share/vegabot_description/models/aws_robomaker_warehouse_ShelfD_01/materials/textures
[3.059s] -- Up-to-date: /home/spkmak/vegabot_ws/install/vegabot_description/share/vegabot_description/models/aws_robomaker_warehouse_ShelfD_01/materials/textures/aws_robomaker_warehouse_ShelfD_01.png
[3.059s] -- Up-to-date: /home/spkmak/vegabot_ws/install/vegabot_description/share/vegabot_description/models/aws_robomaker_warehouse_ShelfD_01/materials/textures/aws_robomaker_warehouse_ShelfD_04.png
[3.060s] -- Up-to-date: /home/spkmak/vegabot_ws/install/vegabot_description/share/vegabot_description/models/aws_robomaker_warehouse_ShelfD_01/materials/textures/aws_robomaker_warehouse_ShelfD_03.png
[3.060s] -- Up-to-date: /home/spkmak/vegabot_ws/install/vegabot_description/share/vegabot_description/models/aws_robomaker_warehouse_ShelfD_01/materials/textures/aws_robomaker_warehouse_ShelfD_02.png
[3.060s] -- Up-to-date: /home/spkmak/vegabot_ws/install/vegabot_description/share/vegabot_description/models/aws_robomaker_residential_FloorB_01
[3.060s] -- Up-to-date: /home/spkmak/vegabot_ws/install/vegabot_description/share/vegabot_description/models/aws_robomaker_residential_FloorB_01/meshes
[3.061s] -- Up-to-date: /home/spkmak/vegabot_ws/install/vegabot_description/share/vegabot_description/models/aws_robomaker_residential_FloorB_01/meshes/aws_FloorB_01_collision.DAE
[3.062s] -- Up-to-date: /home/spkmak/vegabot_ws/install/vegabot_description/share/vegabot_description/models/aws_robomaker_residential_FloorB_01/meshes/aws_FloorB_01_visual.DAE
[3.062s] -- Up-to-date: /home/spkmak/vegabot_ws/install/vegabot_description/share/vegabot_description/models/aws_robomaker_residential_FloorB_01/model.config
[3.062s] -- Up-to-date: /home/spkmak/vegabot_ws/install/vegabot_description/share/vegabot_description/models/aws_robomaker_residential_FloorB_01/model.sdf
[3.063s] -- Up-to-date: /home/spkmak/vegabot_ws/install/vegabot_description/share/vegabot_description/models/aws_robomaker_residential_FloorB_01/materials
[3.063s] -- Up-to-date: /home/spkmak/vegabot_ws/install/vegabot_description/share/vegabot_description/models/aws_robomaker_residential_FloorB_01/materials/textures
[3.063s] -- Up-to-date: /home/spkmak/vegabot_ws/install/vegabot_description/share/vegabot_description/models/aws_robomaker_residential_FloorB_01/materials/textures/aws_FloorB_01.png
[3.063s] -- Up-to-date: /home/spkmak/vegabot_ws/install/vegabot_description/share/vegabot_description/models/aws_robomaker_residential_Quilt_01
[3.068s] -- Up-to-date: /home/spkmak/vegabot_ws/install/vegabot_description/share/vegabot_description/models/aws_robomaker_residential_Quilt_01/meshes
[3.069s] -- Up-to-date: /home/spkmak/vegabot_ws/install/vegabot_description/share/vegabot_description/models/aws_robomaker_residential_Quilt_01/meshes/aws_Quilt_01_collision.DAE
[3.069s] -- Up-to-date: /home/spkmak/vegabot_ws/install/vegabot_description/share/vegabot_description/models/aws_robomaker_residential_Quilt_01/meshes/aws_Quilt_01_visual.DAE
[3.070s] -- Up-to-date: /home/spkmak/vegabot_ws/install/vegabot_description/share/vegabot_description/models/aws_robomaker_residential_Quilt_01/model.config
[3.070s] -- Up-to-date: /home/spkmak/vegabot_ws/install/vegabot_description/share/vegabot_description/models/aws_robomaker_residential_Quilt_01/model.sdf
[3.070s] -- Up-to-date: /home/spkmak/vegabot_ws/install/vegabot_description/share/vegabot_description/models/aws_robomaker_residential_Quilt_01/materials
[3.074s] -- Up-to-date: /home/spkmak/vegabot_ws/install/vegabot_description/share/vegabot_description/models/aws_robomaker_residential_Quilt_01/materials/textures
[3.077s] -- Up-to-date: /home/spkmak/vegabot_ws/install/vegabot_description/share/vegabot_description/models/aws_robomaker_residential_Quilt_01/materials/textures/aws_Quilt_01.png
[3.077s] -- Up-to-date: /home/spkmak/vegabot_ws/install/vegabot_description/share/vegabot_description/models/aws_robomaker_residential_Carpet_01
[3.078s] -- Up-to-date: /home/spkmak/vegabot_ws/install/vegabot_description/share/vegabot_description/models/aws_robomaker_residential_Carpet_01/meshes
[3.079s] -- Up-to-date: /home/spkmak/vegabot_ws/install/vegabot_description/share/vegabot_description/models/aws_robomaker_residential_Carpet_01/meshes/aws_Carpet_01_collision.DAE
[3.079s] -- Up-to-date: /home/spkmak/vegabot_ws/install/vegabot_description/share/vegabot_description/models/aws_robomaker_residential_Carpet_01/meshes/aws_Carpet_01_visual.DAE
[3.079s] -- Up-to-date: /home/spkmak/vegabot_ws/install/vegabot_description/share/vegabot_description/models/aws_robomaker_residential_Carpet_01/model.config
[3.079s] -- Up-to-date: /home/spkmak/vegabot_ws/install/vegabot_description/share/vegabot_description/models/aws_robomaker_residential_Carpet_01/model.sdf
[3.079s] -- Up-to-date: /home/spkmak/vegabot_ws/install/vegabot_description/share/vegabot_description/models/aws_robomaker_residential_Carpet_01/materials
[3.080s] -- Up-to-date: /home/spkmak/vegabot_ws/install/vegabot_description/share/vegabot_description/models/aws_robomaker_residential_Carpet_01/materials/textures
[3.080s] -- Up-to-date: /home/spkmak/vegabot_ws/install/vegabot_description/share/vegabot_description/models/aws_robomaker_residential_Carpet_01/materials/textures/aws_Carpet_01.png
[3.080s] -- Up-to-date: /home/spkmak/vegabot_ws/install/vegabot_description/share/vegabot_description/models/aws_robomaker_residential_ShoeRack_01
[3.081s] -- Up-to-date: /home/spkmak/vegabot_ws/install/vegabot_description/share/vegabot_description/models/aws_robomaker_residential_ShoeRack_01/meshes
[3.085s] -- Up-to-date: /home/spkmak/vegabot_ws/install/vegabot_description/share/vegabot_description/models/aws_robomaker_residential_ShoeRack_01/meshes/aws_ShoeRack_01_collision.DAE
[3.085s] -- Up-to-date: /home/spkmak/vegabot_ws/install/vegabot_description/share/vegabot_description/models/aws_robomaker_residential_ShoeRack_01/meshes/aws_ShoeRack_01_visual.DAE
[3.085s] -- Up-to-date: /home/spkmak/vegabot_ws/install/vegabot_description/share/vegabot_description/models/aws_robomaker_residential_ShoeRack_01/model.config
[3.085s] -- Up-to-date: /home/spkmak/vegabot_ws/install/vegabot_description/share/vegabot_description/models/aws_robomaker_residential_ShoeRack_01/model.sdf
[3.085s] -- Up-to-date: /home/spkmak/vegabot_ws/install/vegabot_description/share/vegabot_description/models/aws_robomaker_residential_ShoeRack_01/materials
[3.087s] -- Up-to-date: /home/spkmak/vegabot_ws/install/vegabot_description/share/vegabot_description/models/aws_robomaker_residential_ShoeRack_01/materials/textures
[3.092s] -- Up-to-date: /home/spkmak/vegabot_ws/install/vegabot_description/share/vegabot_description/models/aws_robomaker_residential_ShoeRack_01/materials/textures/aws_ShoeRack_01.png
[3.092s] -- Up-to-date: /home/spkmak/vegabot_ws/install/vegabot_description/share/vegabot_description/models/aws_robomaker_residential_TVCabinet_01
[3.093s] -- Up-to-date: /home/spkmak/vegabot_ws/install/vegabot_description/share/vegabot_description/models/aws_robomaker_residential_TVCabinet_01/meshes
[3.095s] -- Up-to-date: /home/spkmak/vegabot_ws/install/vegabot_description/share/vegabot_description/models/aws_robomaker_residential_TVCabinet_01/meshes/aws_TVCabinet_01_collision.DAE
[3.095s] -- Up-to-date: /home/spkmak/vegabot_ws/install/vegabot_description/share/vegabot_description/models/aws_robomaker_residential_TVCabinet_01/meshes/aws_TVCabinet_01_visual.DAE
[3.095s] -- Up-to-date: /home/spkmak/vegabot_ws/install/vegabot_description/share/vegabot_description/models/aws_robomaker_residential_TVCabinet_01/model.config
[3.096s] -- Up-to-date: /home/spkmak/vegabot_ws/install/vegabot_description/share/vegabot_description/models/aws_robomaker_residential_TVCabinet_01/model.sdf
[3.096s] -- Up-to-date: /home/spkmak/vegabot_ws/install/vegabot_description/share/vegabot_description/models/aws_robomaker_residential_TVCabinet_01/materials
[3.096s] -- Up-to-date: /home/spkmak/vegabot_ws/install/vegabot_description/share/vegabot_description/models/aws_robomaker_residential_TVCabinet_01/materials/textures
[3.097s] -- Up-to-date: /home/spkmak/vegabot_ws/install/vegabot_description/share/vegabot_description/models/aws_robomaker_residential_TVCabinet_01/materials/textures/aws_TVCabinet_01.png
[3.097s] -- Up-to-date: /home/spkmak/vegabot_ws/install/vegabot_description/share/vegabot_description/models/aws_robomaker_residential_DeskPortraitA_02
[3.097s] -- Up-to-date: /home/spkmak/vegabot_ws/install/vegabot_description/share/vegabot_description/models/aws_robomaker_residential_DeskPortraitA_02/meshes
[3.098s] -- Up-to-date: /home/spkmak/vegabot_ws/install/vegabot_description/share/vegabot_description/models/aws_robomaker_residential_DeskPortraitA_02/meshes/aws_DeskPortraitA_01_collision.DAE
[3.098s] -- Up-to-date: /home/spkmak/vegabot_ws/install/vegabot_description/share/vegabot_description/models/aws_robomaker_residential_DeskPortraitA_02/meshes/aws_DeskPortraitA_01_visual.DAE
[3.098s] -- Up-to-date: /home/spkmak/vegabot_ws/install/vegabot_description/share/vegabot_description/models/aws_robomaker_residential_DeskPortraitA_02/model.config
[3.098s] -- Up-to-date: /home/spkmak/vegabot_ws/install/vegabot_description/share/vegabot_description/models/aws_robomaker_residential_DeskPortraitA_02/model.sdf
[3.098s] -- Up-to-date: /home/spkmak/vegabot_ws/install/vegabot_description/share/vegabot_description/models/aws_robomaker_residential_DeskPortraitA_02/materials
[3.102s] -- Up-to-date: /home/spkmak/vegabot_ws/install/vegabot_description/share/vegabot_description/models/aws_robomaker_residential_DeskPortraitA_02/materials/textures
[3.102s] -- Up-to-date: /home/spkmak/vegabot_ws/install/vegabot_description/share/vegabot_description/models/aws_robomaker_residential_DeskPortraitA_02/materials/textures/aws_DeskPortraitA_02.png
[3.103s] -- Up-to-date: /home/spkmak/vegabot_ws/install/vegabot_description/share/vegabot_description/models/aws_robomaker_residential_DeskPortraitA_02/materials/textures/aws_DeskPortraitA_01.png
[3.103s] -- Up-to-date: /home/spkmak/vegabot_ws/install/vegabot_description/share/vegabot_description/models/aws_robomaker_warehouse_ShelfE_01
[3.109s] -- Up-to-date: /home/spkmak/vegabot_ws/install/vegabot_description/share/vegabot_description/models/aws_robomaker_warehouse_ShelfE_01/meshes
[3.110s] -- Up-to-date: /home/spkmak/vegabot_ws/install/vegabot_description/share/vegabot_description/models/aws_robomaker_warehouse_ShelfE_01/meshes/aws_robomaker_warehouse_ShelfE_01_collision.DAE
[3.111s] -- Up-to-date: /home/spkmak/vegabot_ws/install/vegabot_description/share/vegabot_description/models/aws_robomaker_warehouse_ShelfE_01/meshes/aws_robomaker_warehouse_ShelfE_01_visual.DAE
[3.111s] -- Up-to-date: /home/spkmak/vegabot_ws/install/vegabot_description/share/vegabot_description/models/aws_robomaker_warehouse_ShelfE_01/model.config
[3.112s] -- Up-to-date: /home/spkmak/vegabot_ws/install/vegabot_description/share/vegabot_description/models/aws_robomaker_warehouse_ShelfE_01/model.sdf
[3.112s] -- Up-to-date: /home/spkmak/vegabot_ws/install/vegabot_description/share/vegabot_description/models/aws_robomaker_warehouse_ShelfE_01/.DS_Store
[3.112s] -- Up-to-date: /home/spkmak/vegabot_ws/install/vegabot_description/share/vegabot_description/models/aws_robomaker_warehouse_ShelfE_01/materials
[3.112s] -- Up-to-date: /home/spkmak/vegabot_ws/install/vegabot_description/share/vegabot_description/models/aws_robomaker_warehouse_ShelfE_01/materials/textures
[3.113s] -- Up-to-date: /home/spkmak/vegabot_ws/install/vegabot_description/share/vegabot_description/models/aws_robomaker_warehouse_ShelfE_01/materials/textures/aws_robomaker_warehouse_ShelfE_03.png
[3.113s] -- Up-to-date: /home/spkmak/vegabot_ws/install/vegabot_description/share/vegabot_description/models/aws_robomaker_warehouse_ShelfE_01/materials/textures/aws_robomaker_warehouse_ShelfE_01.png
[3.113s] -- Up-to-date: /home/spkmak/vegabot_ws/install/vegabot_description/share/vegabot_description/models/aws_robomaker_warehouse_ShelfE_01/materials/textures/aws_robomaker_warehouse_ShelfE_04.png
[3.114s] -- Up-to-date: /home/spkmak/vegabot_ws/install/vegabot_description/share/vegabot_description/models/aws_robomaker_warehouse_ShelfE_01/materials/textures/aws_robomaker_warehouse_ShelfE_02.png
[3.114s] -- Up-to-date: /home/spkmak/vegabot_ws/install/vegabot_description/share/vegabot_description/models/aws_robomaker_warehouse_ShelfE_01/materials/.DS_Store
[3.114s] -- Up-to-date: /home/spkmak/vegabot_ws/install/vegabot_description/share/vegabot_description/models/aws_robomaker_residential_CookingBench_01
[3.114s] -- Up-to-date: /home/spkmak/vegabot_ws/install/vegabot_description/share/vegabot_description/models/aws_robomaker_residential_CookingBench_01/meshes
[3.115s] -- Up-to-date: /home/spkmak/vegabot_ws/install/vegabot_description/share/vegabot_description/models/aws_robomaker_residential_CookingBench_01/meshes/aws_CookingBench_01.DAE
[3.115s] -- Up-to-date: /home/spkmak/vegabot_ws/install/vegabot_description/share/vegabot_description/models/aws_robomaker_residential_CookingBench_01/meshes/aws_CookingBench_01_collision.DAE
[3.115s] -- Up-to-date: /home/spkmak/vegabot_ws/install/vegabot_description/share/vegabot_description/models/aws_robomaker_residential_CookingBench_01/meshes/aws_CookingBench_01_visual.DAE
[3.115s] -- Up-to-date: /home/spkmak/vegabot_ws/install/vegabot_description/share/vegabot_description/models/aws_robomaker_residential_CookingBench_01/model.config
[3.115s] -- Up-to-date: /home/spkmak/vegabot_ws/install/vegabot_description/share/vegabot_description/models/aws_robomaker_residential_CookingBench_01/model.sdf
[3.116s] -- Up-to-date: /home/spkmak/vegabot_ws/install/vegabot_description/share/vegabot_description/models/aws_robomaker_residential_CookingBench_01/materials
[3.116s] -- Up-to-date: /home/spkmak/vegabot_ws/install/vegabot_description/share/vegabot_description/models/aws_robomaker_residential_CookingBench_01/materials/textures
[3.117s] -- Up-to-date: /home/spkmak/vegabot_ws/install/vegabot_description/share/vegabot_description/models/aws_robomaker_residential_CookingBench_01/materials/textures/aws_CookingBench_01.png
[3.117s] -- Up-to-date: /home/spkmak/vegabot_ws/install/vegabot_description/share/vegabot_description/models/aws_robomaker_residential_Sofa_01
[3.121s] -- Up-to-date: /home/spkmak/vegabot_ws/install/vegabot_description/share/vegabot_description/models/aws_robomaker_residential_Sofa_01/meshes
[3.122s] -- Up-to-date: /home/spkmak/vegabot_ws/install/vegabot_description/share/vegabot_description/models/aws_robomaker_residential_Sofa_01/meshes/aws_Sofa_01_collision.DAE
[3.122s] -- Up-to-date: /home/spkmak/vegabot_ws/install/vegabot_description/share/vegabot_description/models/aws_robomaker_residential_Sofa_01/meshes/aws_Sofa_01_visual.DAE
[3.123s] -- Up-to-date: /home/spkmak/vegabot_ws/install/vegabot_description/share/vegabot_description/models/aws_robomaker_residential_Sofa_01/meshes/aws_Sofa_01.DAE
[3.124s] -- Up-to-date: /home/spkmak/vegabot_ws/install/vegabot_description/share/vegabot_description/models/aws_robomaker_residential_Sofa_01/model.config
[3.124s] -- Up-to-date: /home/spkmak/vegabot_ws/install/vegabot_description/share/vegabot_description/models/aws_robomaker_residential_Sofa_01/model.sdf
[3.124s] -- Up-to-date: /home/spkmak/vegabot_ws/install/vegabot_description/share/vegabot_description/models/aws_robomaker_residential_Sofa_01/materials
[3.124s] -- Up-to-date: /home/spkmak/vegabot_ws/install/vegabot_description/share/vegabot_description/models/aws_robomaker_residential_Sofa_01/materials/textures
[3.125s] -- Up-to-date: /home/spkmak/vegabot_ws/install/vegabot_description/share/vegabot_description/models/aws_robomaker_residential_Sofa_01/materials/textures/aws_Sofa_01.png
[3.125s] -- Up-to-date: /home/spkmak/vegabot_ws/install/vegabot_description/share/vegabot_description/models/aws_robomaker_residential_Wardrobe_01
[3.128s] -- Up-to-date: /home/spkmak/vegabot_ws/install/vegabot_description/share/vegabot_description/models/aws_robomaker_residential_Wardrobe_01/meshes
[3.129s] -- Up-to-date: /home/spkmak/vegabot_ws/install/vegabot_description/share/vegabot_description/models/aws_robomaker_residential_Wardrobe_01/meshes/aws_Wardrobe_01_collision.DAE
[3.129s] -- Up-to-date: /home/spkmak/vegabot_ws/install/vegabot_description/share/vegabot_description/models/aws_robomaker_residential_Wardrobe_01/meshes/aws_Wardrobe_01_visual.DAE
[3.129s] -- Up-to-date: /home/spkmak/vegabot_ws/install/vegabot_description/share/vegabot_description/models/aws_robomaker_residential_Wardrobe_01/model.config
[3.129s] -- Up-to-date: /home/spkmak/vegabot_ws/install/vegabot_description/share/vegabot_description/models/aws_robomaker_residential_Wardrobe_01/model.sdf
[3.129s] -- Up-to-date: /home/spkmak/vegabot_ws/install/vegabot_description/share/vegabot_description/models/aws_robomaker_residential_Wardrobe_01/materials
[3.130s] -- Up-to-date: /home/spkmak/vegabot_ws/install/vegabot_description/share/vegabot_description/models/aws_robomaker_residential_Wardrobe_01/materials/textures
[3.131s] -- Up-to-date: /home/spkmak/vegabot_ws/install/vegabot_description/share/vegabot_description/models/aws_robomaker_residential_Wardrobe_01/materials/textures/aws_Wardrobe_01.png
[3.131s] -- Up-to-date: /home/spkmak/vegabot_ws/install/vegabot_description/share/vegabot_description/models/aws_robomaker_residential_SeasoningBox_01
[3.131s] -- Up-to-date: /home/spkmak/vegabot_ws/install/vegabot_description/share/vegabot_description/models/aws_robomaker_residential_SeasoningBox_01/meshes
[3.133s] -- Up-to-date: /home/spkmak/vegabot_ws/install/vegabot_description/share/vegabot_description/models/aws_robomaker_residential_SeasoningBox_01/meshes/aws_SeasoningBox_01_visual.DAE
[3.133s] -- Up-to-date: /home/spkmak/vegabot_ws/install/vegabot_description/share/vegabot_description/models/aws_robomaker_residential_SeasoningBox_01/meshes/aws_SeasoningBox_01_collision.DAE
[3.133s] -- Up-to-date: /home/spkmak/vegabot_ws/install/vegabot_description/share/vegabot_description/models/aws_robomaker_residential_SeasoningBox_01/model.config
[3.133s] -- Up-to-date: /home/spkmak/vegabot_ws/install/vegabot_description/share/vegabot_description/models/aws_robomaker_residential_SeasoningBox_01/model.sdf
[3.133s] -- Up-to-date: /home/spkmak/vegabot_ws/install/vegabot_description/share/vegabot_description/models/aws_robomaker_residential_SeasoningBox_01/materials
[3.133s] -- Up-to-date: /home/spkmak/vegabot_ws/install/vegabot_description/share/vegabot_description/models/aws_robomaker_residential_SeasoningBox_01/materials/textures
[3.134s] -- Up-to-date: /home/spkmak/vegabot_ws/install/vegabot_description/share/vegabot_description/models/aws_robomaker_residential_SeasoningBox_01/materials/textures/aws_SeasoningBox_01.png
[3.135s] -- Up-to-date: /home/spkmak/vegabot_ws/install/vegabot_description/share/vegabot_description/models/aws_robomaker_residential_ReadingDesk_01
[3.135s] -- Up-to-date: /home/spkmak/vegabot_ws/install/vegabot_description/share/vegabot_description/models/aws_robomaker_residential_ReadingDesk_01/meshes
[3.136s] -- Up-to-date: /home/spkmak/vegabot_ws/install/vegabot_description/share/vegabot_description/models/aws_robomaker_residential_ReadingDesk_01/meshes/aws_ReadingDesk_01_visual.DAE
[3.136s] -- Up-to-date: /home/spkmak/vegabot_ws/install/vegabot_description/share/vegabot_description/models/aws_robomaker_residential_ReadingDesk_01/meshes/aws_ReadingDesk_01_collision.DAE
[3.136s] -- Up-to-date: /home/spkmak/vegabot_ws/install/vegabot_description/share/vegabot_description/models/aws_robomaker_residential_ReadingDesk_01/model.config
[3.136s] -- Up-to-date: /home/spkmak/vegabot_ws/install/vegabot_description/share/vegabot_description/models/aws_robomaker_residential_ReadingDesk_01/model.sdf
[3.136s] -- Up-to-date: /home/spkmak/vegabot_ws/install/vegabot_description/share/vegabot_description/models/aws_robomaker_residential_ReadingDesk_01/materials
[3.141s] -- Up-to-date: /home/spkmak/vegabot_ws/install/vegabot_description/share/vegabot_description/models/aws_robomaker_residential_ReadingDesk_01/materials/textures
[3.141s] -- Up-to-date: /home/spkmak/vegabot_ws/install/vegabot_description/share/vegabot_description/models/aws_robomaker_residential_ReadingDesk_01/materials/textures/aws_ReadingDesk_01.png
[3.141s] -- Up-to-date: /home/spkmak/vegabot_ws/install/vegabot_description/share/vegabot_description/models/aws_robomaker_residential_Chandelier_01
[3.141s] -- Up-to-date: /home/spkmak/vegabot_ws/install/vegabot_description/share/vegabot_description/models/aws_robomaker_residential_Chandelier_01/meshes
[3.142s] -- Up-to-date: /home/spkmak/vegabot_ws/install/vegabot_description/share/vegabot_description/models/aws_robomaker_residential_Chandelier_01/meshes/aws_Chandelier_01_visual.DAE
[3.142s] -- Up-to-date: /home/spkmak/vegabot_ws/install/vegabot_description/share/vegabot_description/models/aws_robomaker_residential_Chandelier_01/meshes/aws_Chandelier_01.DAE
[3.143s] -- Up-to-date: /home/spkmak/vegabot_ws/install/vegabot_description/share/vegabot_description/models/aws_robomaker_residential_Chandelier_01/meshes/aws_Chandelier_01_collision.DAE
[3.143s] -- Up-to-date: /home/spkmak/vegabot_ws/install/vegabot_description/share/vegabot_description/models/aws_robomaker_residential_Chandelier_01/model.config
[3.143s] -- Up-to-date: /home/spkmak/vegabot_ws/install/vegabot_description/share/vegabot_description/models/aws_robomaker_residential_Chandelier_01/model.sdf
[3.143s] -- Up-to-date: /home/spkmak/vegabot_ws/install/vegabot_description/share/vegabot_description/models/aws_robomaker_residential_Chandelier_01/materials
[3.144s] -- Up-to-date: /home/spkmak/vegabot_ws/install/vegabot_description/share/vegabot_description/models/aws_robomaker_residential_Chandelier_01/materials/textures
[3.145s] -- Up-to-date: /home/spkmak/vegabot_ws/install/vegabot_description/share/vegabot_description/models/aws_robomaker_residential_Chandelier_01/materials/textures/aws_Chandelier_01.png
[3.145s] -- Up-to-date: /home/spkmak/vegabot_ws/install/vegabot_description/share/vegabot_description/models/marker1
[3.147s] -- Up-to-date: /home/spkmak/vegabot_ws/install/vegabot_description/share/vegabot_description/models/marker1/meshes
[3.151s] -- Up-to-date: /home/spkmak/vegabot_ws/install/vegabot_description/share/vegabot_description/models/marker1/meshes/Marker1.dae
[3.152s] -- Up-to-date: /home/spkmak/vegabot_ws/install/vegabot_description/share/vegabot_description/models/marker1/model.config
[3.152s] -- Up-to-date: /home/spkmak/vegabot_ws/install/vegabot_description/share/vegabot_description/models/marker1/model.sdf
[3.153s] -- Up-to-date: /home/spkmak/vegabot_ws/install/vegabot_description/share/vegabot_description/models/marker1/materials
[3.154s] -- Up-to-date: /home/spkmak/vegabot_ws/install/vegabot_description/share/vegabot_description/models/marker1/materials/textures
[3.155s] -- Up-to-date: /home/spkmak/vegabot_ws/install/vegabot_description/share/vegabot_description/models/marker1/materials/textures/Marker1.png
[3.156s] -- Up-to-date: /home/spkmak/vegabot_ws/install/vegabot_description/share/vegabot_description/models/aws_robomaker_residential_DeskPortraitB_01
[3.156s] -- Up-to-date: /home/spkmak/vegabot_ws/install/vegabot_description/share/vegabot_description/models/aws_robomaker_residential_DeskPortraitB_01/meshes
[3.156s] -- Up-to-date: /home/spkmak/vegabot_ws/install/vegabot_description/share/vegabot_description/models/aws_robomaker_residential_DeskPortraitB_01/meshes/aws_DeskPortraitB_01_collision.DAE
[3.157s] -- Up-to-date: /home/spkmak/vegabot_ws/install/vegabot_description/share/vegabot_description/models/aws_robomaker_residential_DeskPortraitB_01/meshes/aws_DeskPortraitB_01_visual.DAE
[3.157s] -- Up-to-date: /home/spkmak/vegabot_ws/install/vegabot_description/share/vegabot_description/models/aws_robomaker_residential_DeskPortraitB_01/model.config
[3.158s] -- Up-to-date: /home/spkmak/vegabot_ws/install/vegabot_description/share/vegabot_description/models/aws_robomaker_residential_DeskPortraitB_01/model.sdf
[3.158s] -- Up-to-date: /home/spkmak/vegabot_ws/install/vegabot_description/share/vegabot_description/models/aws_robomaker_residential_DeskPortraitB_01/materials
[3.158s] -- Up-to-date: /home/spkmak/vegabot_ws/install/vegabot_description/share/vegabot_description/models/aws_robomaker_residential_DeskPortraitB_01/materials/textures
[3.158s] -- Up-to-date: /home/spkmak/vegabot_ws/install/vegabot_description/share/vegabot_description/models/aws_robomaker_residential_DeskPortraitB_01/materials/textures/aws_DeskPortraitB_02.png
[3.158s] -- Up-to-date: /home/spkmak/vegabot_ws/install/vegabot_description/share/vegabot_description/models/aws_robomaker_residential_DeskPortraitB_01/materials/textures/aws_DeskPortraitB_01.png
[3.159s] -- Up-to-date: /home/spkmak/vegabot_ws/install/vegabot_description/share/vegabot_description/models/aws_robomaker_residential_DeskPortraitC_02
[3.159s] -- Up-to-date: /home/spkmak/vegabot_ws/install/vegabot_description/share/vegabot_description/models/aws_robomaker_residential_DeskPortraitC_02/meshes
[3.160s] -- Up-to-date: /home/spkmak/vegabot_ws/install/vegabot_description/share/vegabot_description/models/aws_robomaker_residential_DeskPortraitC_02/meshes/aws_DeskPortraitC_01_collision.DAE
[3.160s] -- Up-to-date: /home/spkmak/vegabot_ws/install/vegabot_description/share/vegabot_description/models/aws_robomaker_residential_DeskPortraitC_02/meshes/aws_DeskPortraitC_01_visual.DAE
[3.160s] -- Up-to-date: /home/spkmak/vegabot_ws/install/vegabot_description/share/vegabot_description/models/aws_robomaker_residential_DeskPortraitC_02/model.config
[3.160s] -- Up-to-date: /home/spkmak/vegabot_ws/install/vegabot_description/share/vegabot_description/models/aws_robomaker_residential_DeskPortraitC_02/model.sdf
[3.160s] -- Up-to-date: /home/spkmak/vegabot_ws/install/vegabot_description/share/vegabot_description/models/aws_robomaker_residential_DeskPortraitC_02/materials
[3.161s] -- Up-to-date: /home/spkmak/vegabot_ws/install/vegabot_description/share/vegabot_description/models/aws_robomaker_residential_DeskPortraitC_02/materials/textures
[3.161s] -- Up-to-date: /home/spkmak/vegabot_ws/install/vegabot_description/share/vegabot_description/models/aws_robomaker_residential_DeskPortraitC_02/materials/textures/aws_DeskPortraitC_01.png
[3.161s] -- Up-to-date: /home/spkmak/vegabot_ws/install/vegabot_description/share/vegabot_description/models/aws_robomaker_residential_DeskPortraitC_02/materials/textures/aws_DeskPortraitC_02.png
[3.162s] -- Up-to-date: /home/spkmak/vegabot_ws/install/vegabot_description/share/vegabot_description/models/aws_robomaker_residential_SofaC_01
[3.162s] -- Up-to-date: /home/spkmak/vegabot_ws/install/vegabot_description/share/vegabot_description/models/aws_robomaker_residential_SofaC_01/meshes
[3.162s] -- Up-to-date: /home/spkmak/vegabot_ws/install/vegabot_description/share/vegabot_description/models/aws_robomaker_residential_SofaC_01/meshes/aws_SofaC_01_collision.DAE
[3.162s] -- Up-to-date: /home/spkmak/vegabot_ws/install/vegabot_description/share/vegabot_description/models/aws_robomaker_residential_SofaC_01/meshes/aws_SofaC_01_visual.DAE
[3.162s] -- Up-to-date: /home/spkmak/vegabot_ws/install/vegabot_description/share/vegabot_description/models/aws_robomaker_residential_SofaC_01/model.config
[3.163s] -- Up-to-date: /home/spkmak/vegabot_ws/install/vegabot_description/share/vegabot_description/models/aws_robomaker_residential_SofaC_01/model.sdf
[3.163s] -- Up-to-date: /home/spkmak/vegabot_ws/install/vegabot_description/share/vegabot_description/models/aws_robomaker_residential_SofaC_01/materials
[3.163s] -- Up-to-date: /home/spkmak/vegabot_ws/install/vegabot_description/share/vegabot_description/models/aws_robomaker_residential_SofaC_01/materials/textures
[3.163s] -- Up-to-date: /home/spkmak/vegabot_ws/install/vegabot_description/share/vegabot_description/models/aws_robomaker_residential_SofaC_01/materials/textures/aws_SofaC_01.png
[3.163s] -- Up-to-date: /home/spkmak/vegabot_ws/install/vegabot_description/share/vegabot_description/models/marker2
[3.164s] -- Up-to-date: /home/spkmak/vegabot_ws/install/vegabot_description/share/vegabot_description/models/marker2/meshes
[3.164s] -- Up-to-date: /home/spkmak/vegabot_ws/install/vegabot_description/share/vegabot_description/models/marker2/meshes/Marker2.png
[3.164s] -- Up-to-date: /home/spkmak/vegabot_ws/install/vegabot_description/share/vegabot_description/models/marker2/meshes/Marker2.dae
[3.164s] -- Up-to-date: /home/spkmak/vegabot_ws/install/vegabot_description/share/vegabot_description/models/marker2/model.config
[3.164s] -- Up-to-date: /home/spkmak/vegabot_ws/install/vegabot_description/share/vegabot_description/models/marker2/model.sdf
[3.165s] -- Up-to-date: /home/spkmak/vegabot_ws/install/vegabot_description/share/vegabot_description/models/marker2/materials
[3.165s] -- Up-to-date: /home/spkmak/vegabot_ws/install/vegabot_description/share/vegabot_description/models/marker2/materials/textures
[3.165s] -- Up-to-date: /home/spkmak/vegabot_ws/install/vegabot_description/share/vegabot_description/models/marker2/materials/textures/Marker2.png
[3.165s] -- Up-to-date: /home/spkmak/vegabot_ws/install/vegabot_description/share/vegabot_description/models/aws_robomaker_residential_DeskPortraitD_03
[3.166s] -- Up-to-date: /home/spkmak/vegabot_ws/install/vegabot_description/share/vegabot_description/models/aws_robomaker_residential_DeskPortraitD_03/meshes
[3.166s] -- Up-to-date: /home/spkmak/vegabot_ws/install/vegabot_description/share/vegabot_description/models/aws_robomaker_residential_DeskPortraitD_03/meshes/aws_DeskPortraitD_01_collision.DAE
[3.166s] -- Up-to-date: /home/spkmak/vegabot_ws/install/vegabot_description/share/vegabot_description/models/aws_robomaker_residential_DeskPortraitD_03/meshes/aws_DeskPortraitD_01_visual.DAE
[3.166s] -- Up-to-date: /home/spkmak/vegabot_ws/install/vegabot_description/share/vegabot_description/models/aws_robomaker_residential_DeskPortraitD_03/model.config
[3.166s] -- Up-to-date: /home/spkmak/vegabot_ws/install/vegabot_description/share/vegabot_description/models/aws_robomaker_residential_DeskPortraitD_03/model.sdf
[3.167s] -- Up-to-date: /home/spkmak/vegabot_ws/install/vegabot_description/share/vegabot_description/models/aws_robomaker_residential_DeskPortraitD_03/materials
[3.167s] -- Up-to-date: /home/spkmak/vegabot_ws/install/vegabot_description/share/vegabot_description/models/aws_robomaker_residential_DeskPortraitD_03/materials/textures
[3.168s] -- Up-to-date: /home/spkmak/vegabot_ws/install/vegabot_description/share/vegabot_description/models/aws_robomaker_residential_DeskPortraitD_03/materials/textures/aws_DeskPortraitD_02.png
[3.169s] -- Up-to-date: /home/spkmak/vegabot_ws/install/vegabot_description/share/vegabot_description/models/aws_robomaker_residential_DeskPortraitD_03/materials/textures/aws_DeskPortraitD_01.png
[3.169s] -- Up-to-date: /home/spkmak/vegabot_ws/install/vegabot_description/share/vegabot_description/models/aws_robomaker_residential_PortraitA_01
[3.170s] -- Up-to-date: /home/spkmak/vegabot_ws/install/vegabot_description/share/vegabot_description/models/aws_robomaker_residential_PortraitA_01/meshes
[3.170s] -- Up-to-date: /home/spkmak/vegabot_ws/install/vegabot_description/share/vegabot_description/models/aws_robomaker_residential_PortraitA_01/meshes/aws_PortraitA_01_collision.DAE
[3.170s] -- Up-to-date: /home/spkmak/vegabot_ws/install/vegabot_description/share/vegabot_description/models/aws_robomaker_residential_PortraitA_01/meshes/aws_PortraitA_01_visual.DAE
[3.170s] -- Up-to-date: /home/spkmak/vegabot_ws/install/vegabot_description/share/vegabot_description/models/aws_robomaker_residential_PortraitA_01/model.config
[3.170s] -- Up-to-date: /home/spkmak/vegabot_ws/install/vegabot_description/share/vegabot_description/models/aws_robomaker_residential_PortraitA_01/model.sdf
[3.171s] -- Up-to-date: /home/spkmak/vegabot_ws/install/vegabot_description/share/vegabot_description/models/aws_robomaker_residential_PortraitA_01/materials
[3.171s] -- Up-to-date: /home/spkmak/vegabot_ws/install/vegabot_description/share/vegabot_description/models/aws_robomaker_residential_PortraitA_01/materials/textures
[3.172s] -- Up-to-date: /home/spkmak/vegabot_ws/install/vegabot_description/share/vegabot_description/models/aws_robomaker_residential_PortraitA_01/materials/textures/aws_PortraitA_02.png
[3.172s] -- Up-to-date: /home/spkmak/vegabot_ws/install/vegabot_description/share/vegabot_description/models/aws_robomaker_residential_PortraitA_01/materials/textures/aws_PortraitA_01.png
[3.172s] -- Up-to-date: /home/spkmak/vegabot_ws/install/vegabot_description/share/vegabot_description/models/aws_robomaker_residential_FoldingDoor_02
[3.173s] -- Up-to-date: /home/spkmak/vegabot_ws/install/vegabot_description/share/vegabot_description/models/aws_robomaker_residential_FoldingDoor_02/meshes
[3.173s] -- Up-to-date: /home/spkmak/vegabot_ws/install/vegabot_description/share/vegabot_description/models/aws_robomaker_residential_FoldingDoor_02/meshes/aws_FoldingDoor_02_collision.DAE
[3.173s] -- Up-to-date: /home/spkmak/vegabot_ws/install/vegabot_description/share/vegabot_description/models/aws_robomaker_residential_FoldingDoor_02/meshes/aws_FoldingDoor_02_visual.DAE
[3.173s] -- Up-to-date: /home/spkmak/vegabot_ws/install/vegabot_description/share/vegabot_description/models/aws_robomaker_residential_FoldingDoor_02/model.config
[3.173s] -- Up-to-date: /home/spkmak/vegabot_ws/install/vegabot_description/share/vegabot_description/models/aws_robomaker_residential_FoldingDoor_02/model.sdf
[3.173s] -- Up-to-date: /home/spkmak/vegabot_ws/install/vegabot_description/share/vegabot_description/models/aws_robomaker_residential_FoldingDoor_02/materials
[3.174s] -- Up-to-date: /home/spkmak/vegabot_ws/install/vegabot_description/share/vegabot_description/models/aws_robomaker_residential_FoldingDoor_02/materials/textures
[3.174s] -- Up-to-date: /home/spkmak/vegabot_ws/install/vegabot_description/share/vegabot_description/models/aws_robomaker_residential_FoldingDoor_02/materials/textures/aws_FoldingDoor_02.png
[3.174s] -- Up-to-date: /home/spkmak/vegabot_ws/install/vegabot_description/share/vegabot_description/models/aws_robomaker_residential_SecurityCamera_01
[3.174s] -- Up-to-date: /home/spkmak/vegabot_ws/install/vegabot_description/share/vegabot_description/models/aws_robomaker_residential_SecurityCamera_01/meshes
[3.175s] -- Up-to-date: /home/spkmak/vegabot_ws/install/vegabot_description/share/vegabot_description/models/aws_robomaker_residential_SecurityCamera_01/meshes/aws_SecurityCamera_01_collision.DAE
[3.175s] -- Up-to-date: /home/spkmak/vegabot_ws/install/vegabot_description/share/vegabot_description/models/aws_robomaker_residential_SecurityCamera_01/meshes/aws_SecurityCamera_01_visual.DAE
[3.175s] -- Up-to-date: /home/spkmak/vegabot_ws/install/vegabot_description/share/vegabot_description/models/aws_robomaker_residential_SecurityCamera_01/model.config
[3.175s] -- Up-to-date: /home/spkmak/vegabot_ws/install/vegabot_description/share/vegabot_description/models/aws_robomaker_residential_SecurityCamera_01/model.sdf
[3.175s] -- Up-to-date: /home/spkmak/vegabot_ws/install/vegabot_description/share/vegabot_description/models/aws_robomaker_residential_SecurityCamera_01/materials
[3.176s] -- Up-to-date: /home/spkmak/vegabot_ws/install/vegabot_description/share/vegabot_description/models/aws_robomaker_residential_SecurityCamera_01/materials/textures
[3.177s] -- Up-to-date: /home/spkmak/vegabot_ws/install/vegabot_description/share/vegabot_description/models/aws_robomaker_residential_SecurityCamera_01/materials/textures/aws_SecurityCamera_01.png
[3.177s] -- Up-to-date: /home/spkmak/vegabot_ws/install/vegabot_description/share/vegabot_description/models/aws_robomaker_residential_Bed_01
[3.178s] -- Up-to-date: /home/spkmak/vegabot_ws/install/vegabot_description/share/vegabot_description/models/aws_robomaker_residential_Bed_01/meshes
[3.178s] -- Up-to-date: /home/spkmak/vegabot_ws/install/vegabot_description/share/vegabot_description/models/aws_robomaker_residential_Bed_01/meshes/aws_Bed_01_visual.DAE
[3.179s] -- Up-to-date: /home/spkmak/vegabot_ws/install/vegabot_description/share/vegabot_description/models/aws_robomaker_residential_Bed_01/meshes/aws_Bed_01_collision.DAE
[3.179s] -- Up-to-date: /home/spkmak/vegabot_ws/install/vegabot_description/share/vegabot_description/models/aws_robomaker_residential_Bed_01/model.config
[3.179s] -- Up-to-date: /home/spkmak/vegabot_ws/install/vegabot_description/share/vegabot_description/models/aws_robomaker_residential_Bed_01/model.sdf
[3.179s] -- Up-to-date: /home/spkmak/vegabot_ws/install/vegabot_description/share/vegabot_description/models/aws_robomaker_residential_Bed_01/materials
[3.180s] -- Up-to-date: /home/spkmak/vegabot_ws/install/vegabot_description/share/vegabot_description/models/aws_robomaker_residential_Bed_01/materials/textures
[3.180s] -- Up-to-date: /home/spkmak/vegabot_ws/install/vegabot_description/share/vegabot_description/models/aws_robomaker_residential_Bed_01/materials/textures/aws_BedB_01.png
[3.181s] -- Up-to-date: /home/spkmak/vegabot_ws/install/vegabot_description/share/vegabot_description/models/aws_robomaker_residential_Bed_01/materials/textures/aws_Bed_01.png
[3.181s] -- Up-to-date: /home/spkmak/vegabot_ws/install/vegabot_description/share/vegabot_description/models/aws_robomaker_residential_Bed_01/materials/textures/aws_BedA_01.png
[3.181s] -- Up-to-date: /home/spkmak/vegabot_ws/install/vegabot_description/share/vegabot_description/models/aws_robomaker_residential_Bed_01/materials/textures/aws_BedC_01.png
[3.181s] -- Up-to-date: /home/spkmak/vegabot_ws/install/vegabot_description/share/vegabot_description/models/aws_robomaker_warehouse_TrashCanC_01
[3.181s] -- Up-to-date: /home/spkmak/vegabot_ws/install/vegabot_description/share/vegabot_description/models/aws_robomaker_warehouse_TrashCanC_01/meshes
[3.182s] -- Up-to-date: /home/spkmak/vegabot_ws/install/vegabot_description/share/vegabot_description/models/aws_robomaker_warehouse_TrashCanC_01/meshes/aws_robomaker_warehouse_TrashCanC_01_visual.DAE
[3.183s] -- Up-to-date: /home/spkmak/vegabot_ws/install/vegabot_description/share/vegabot_description/models/aws_robomaker_warehouse_TrashCanC_01/meshes/aws_robomaker_warehouse_TrashCanC_01_collision.DAE
[3.183s] -- Up-to-date: /home/spkmak/vegabot_ws/install/vegabot_description/share/vegabot_description/models/aws_robomaker_warehouse_TrashCanC_01/model.config
[3.183s] -- Up-to-date: /home/spkmak/vegabot_ws/install/vegabot_description/share/vegabot_description/models/aws_robomaker_warehouse_TrashCanC_01/model.sdf
[3.183s] -- Up-to-date: /home/spkmak/vegabot_ws/install/vegabot_description/share/vegabot_description/models/aws_robomaker_warehouse_TrashCanC_01/materials
[3.184s] -- Up-to-date: /home/spkmak/vegabot_ws/install/vegabot_description/share/vegabot_description/models/aws_robomaker_warehouse_TrashCanC_01/materials/textures
[3.185s] -- Up-to-date: /home/spkmak/vegabot_ws/install/vegabot_description/share/vegabot_description/models/aws_robomaker_warehouse_TrashCanC_01/materials/textures/aws_robomaker_warehouse_TrashCanC_01.png
[3.186s] -- Up-to-date: /home/spkmak/vegabot_ws/install/vegabot_description/share/vegabot_description/models/aws_robomaker_residential_Pillow_01
[3.187s] -- Up-to-date: /home/spkmak/vegabot_ws/install/vegabot_description/share/vegabot_description/models/aws_robomaker_residential_Pillow_01/meshes
[3.190s] -- Up-to-date: /home/spkmak/vegabot_ws/install/vegabot_description/share/vegabot_description/models/aws_robomaker_residential_Pillow_01/meshes/aws_Pillow_01_collision.DAE
[3.190s] -- Up-to-date: /home/spkmak/vegabot_ws/install/vegabot_description/share/vegabot_description/models/aws_robomaker_residential_Pillow_01/meshes/aws_Pillow_01_visual.DAE
[3.190s] -- Up-to-date: /home/spkmak/vegabot_ws/install/vegabot_description/share/vegabot_description/models/aws_robomaker_residential_Pillow_01/model.config
[3.190s] -- Up-to-date: /home/spkmak/vegabot_ws/install/vegabot_description/share/vegabot_description/models/aws_robomaker_residential_Pillow_01/model.sdf
[3.190s] -- Up-to-date: /home/spkmak/vegabot_ws/install/vegabot_description/share/vegabot_description/models/aws_robomaker_residential_Pillow_01/materials
[3.193s] -- Up-to-date: /home/spkmak/vegabot_ws/install/vegabot_description/share/vegabot_description/models/aws_robomaker_residential_Pillow_01/materials/textures
[3.196s] -- Up-to-date: /home/spkmak/vegabot_ws/install/vegabot_description/share/vegabot_description/models/aws_robomaker_residential_Pillow_01/materials/textures/aws_Pillow_01.png
[3.196s] -- Up-to-date: /home/spkmak/vegabot_ws/install/vegabot_description/share/vegabot_description/models/aws_robomaker_warehouse_ClutteringA_01
[3.197s] -- Up-to-date: /home/spkmak/vegabot_ws/install/vegabot_description/share/vegabot_description/models/aws_robomaker_warehouse_ClutteringA_01/meshes
[3.202s] -- Up-to-date: /home/spkmak/vegabot_ws/install/vegabot_description/share/vegabot_description/models/aws_robomaker_warehouse_ClutteringA_01/meshes/aws_robomaker_warehouse_ClutteringA_01_visual.DAE
[3.202s] -- Up-to-date: /home/spkmak/vegabot_ws/install/vegabot_description/share/vegabot_description/models/aws_robomaker_warehouse_ClutteringA_01/meshes/aws_robomaker_warehouse_ClutteringA_01_collision.DAE
[3.202s] -- Up-to-date: /home/spkmak/vegabot_ws/install/vegabot_description/share/vegabot_description/models/aws_robomaker_warehouse_ClutteringA_01/model.config
[3.202s] -- Up-to-date: /home/spkmak/vegabot_ws/install/vegabot_description/share/vegabot_description/models/aws_robomaker_warehouse_ClutteringA_01/model.sdf
[3.202s] -- Up-to-date: /home/spkmak/vegabot_ws/install/vegabot_description/share/vegabot_description/models/aws_robomaker_warehouse_ClutteringA_01/.DS_Store
[3.202s] -- Up-to-date: /home/spkmak/vegabot_ws/install/vegabot_description/share/vegabot_description/models/aws_robomaker_warehouse_ClutteringA_01/materials
[3.204s] -- Up-to-date: /home/spkmak/vegabot_ws/install/vegabot_description/share/vegabot_description/models/aws_robomaker_warehouse_ClutteringA_01/materials/textures
[3.206s] -- Up-to-date: /home/spkmak/vegabot_ws/install/vegabot_description/share/vegabot_description/models/aws_robomaker_warehouse_ClutteringA_01/materials/textures/aws_robomaker_warehouse_ClutteringA_01.png
[3.206s] -- Up-to-date: /home/spkmak/vegabot_ws/install/vegabot_description/share/vegabot_description/models/aws_robomaker_warehouse_ClutteringA_01/materials/textures/aws_robomaker_warehouse_ClutteringA_03.png
[3.207s] -- Up-to-date: /home/spkmak/vegabot_ws/install/vegabot_description/share/vegabot_description/models/aws_robomaker_warehouse_ClutteringA_01/materials/textures/aws_robomaker_warehouse_ClutteringA_02.png
[3.207s] -- Up-to-date: /home/spkmak/vegabot_ws/install/vegabot_description/share/vegabot_description/models/aws_robomaker_warehouse_ClutteringA_01/materials/textures/.DS_Store
[3.207s] -- Up-to-date: /home/spkmak/vegabot_ws/install/vegabot_description/share/vegabot_description/models/aws_robomaker_warehouse_ClutteringA_01/materials/.DS_Store
[3.207s] -- Up-to-date: /home/spkmak/vegabot_ws/install/vegabot_description/share/vegabot_description/models/aws_robomaker_residential_CoffeeTable_01
[3.212s] -- Up-to-date: /home/spkmak/vegabot_ws/install/vegabot_description/share/vegabot_description/models/aws_robomaker_residential_CoffeeTable_01/meshes
[3.212s] -- Up-to-date: /home/spkmak/vegabot_ws/install/vegabot_description/share/vegabot_description/models/aws_robomaker_residential_CoffeeTable_01/meshes/aws_CoffeeTable_01_collision.DAE
[3.213s] -- Up-to-date: /home/spkmak/vegabot_ws/install/vegabot_description/share/vegabot_description/models/aws_robomaker_residential_CoffeeTable_01/meshes/aws_CoffeeTable_01_visual.DAE
[3.213s] -- Up-to-date: /home/spkmak/vegabot_ws/install/vegabot_description/share/vegabot_description/models/aws_robomaker_residential_CoffeeTable_01/model.config
[3.213s] -- Up-to-date: /home/spkmak/vegabot_ws/install/vegabot_description/share/vegabot_description/models/aws_robomaker_residential_CoffeeTable_01/model.sdf
[3.213s] -- Up-to-date: /home/spkmak/vegabot_ws/install/vegabot_description/share/vegabot_description/models/aws_robomaker_residential_CoffeeTable_01/materials
[3.213s] -- Up-to-date: /home/spkmak/vegabot_ws/install/vegabot_description/share/vegabot_description/models/aws_robomaker_residential_CoffeeTable_01/materials/textures
[3.214s] -- Up-to-date: /home/spkmak/vegabot_ws/install/vegabot_description/share/vegabot_description/models/aws_robomaker_residential_CoffeeTable_01/materials/textures/aws_CoffeeTable_01.png
[3.214s] -- Up-to-date: /home/spkmak/vegabot_ws/install/vegabot_description/share/vegabot_description/models/aws_robomaker_residential_BalconyTable_01
[3.215s] -- Up-to-date: /home/spkmak/vegabot_ws/install/vegabot_description/share/vegabot_description/models/aws_robomaker_residential_BalconyTable_01/meshes
[3.216s] -- Up-to-date: /home/spkmak/vegabot_ws/install/vegabot_description/share/vegabot_description/models/aws_robomaker_residential_BalconyTable_01/meshes/aws_BalconyTable_01_collision.DAE
[3.216s] -- Up-to-date: /home/spkmak/vegabot_ws/install/vegabot_description/share/vegabot_description/models/aws_robomaker_residential_BalconyTable_01/meshes/aws_BalconyTable_01_visual.DAE
[3.216s] -- Up-to-date: /home/spkmak/vegabot_ws/install/vegabot_description/share/vegabot_description/models/aws_robomaker_residential_BalconyTable_01/model.config
[3.216s] -- Up-to-date: /home/spkmak/vegabot_ws/install/vegabot_description/share/vegabot_description/models/aws_robomaker_residential_BalconyTable_01/model.sdf
[3.217s] -- Up-to-date: /home/spkmak/vegabot_ws/install/vegabot_description/share/vegabot_description/models/aws_robomaker_residential_BalconyTable_01/materials
[3.217s] -- Up-to-date: /home/spkmak/vegabot_ws/install/vegabot_description/share/vegabot_description/models/aws_robomaker_residential_BalconyTable_01/materials/textures
[3.218s] -- Up-to-date: /home/spkmak/vegabot_ws/install/vegabot_description/share/vegabot_description/models/aws_robomaker_residential_BalconyTable_01/materials/textures/aws_BalconyTable_01.png
[3.219s] -- Up-to-date: /home/spkmak/vegabot_ws/install/vegabot_description/share/vegabot_description/models/aws_robomaker_residential_Rangehood_01
[3.220s] -- Up-to-date: /home/spkmak/vegabot_ws/install/vegabot_description/share/vegabot_description/models/aws_robomaker_residential_Rangehood_01/meshes
[3.221s] -- Up-to-date: /home/spkmak/vegabot_ws/install/vegabot_description/share/vegabot_description/models/aws_robomaker_residential_Rangehood_01/meshes/aws_Rangehood_01_visual.DAE
[3.221s] -- Up-to-date: /home/spkmak/vegabot_ws/install/vegabot_description/share/vegabot_description/models/aws_robomaker_residential_Rangehood_01/meshes/aws_Rangehood_01_collision.DAE
[3.221s] -- Up-to-date: /home/spkmak/vegabot_ws/install/vegabot_description/share/vegabot_description/models/aws_robomaker_residential_Rangehood_01/model.config
[3.222s] -- Up-to-date: /home/spkmak/vegabot_ws/install/vegabot_description/share/vegabot_description/models/aws_robomaker_residential_Rangehood_01/model.sdf
[3.223s] -- Up-to-date: /home/spkmak/vegabot_ws/install/vegabot_description/share/vegabot_description/models/aws_robomaker_residential_Rangehood_01/materials
[3.223s] -- Up-to-date: /home/spkmak/vegabot_ws/install/vegabot_description/share/vegabot_description/models/aws_robomaker_residential_Rangehood_01/materials/textures
[3.223s] -- Up-to-date: /home/spkmak/vegabot_ws/install/vegabot_description/share/vegabot_description/models/aws_robomaker_residential_Rangehood_01/materials/textures/aws_Rangehood_01.png
[3.223s] -- Up-to-date: /home/spkmak/vegabot_ws/install/vegabot_description/share/vegabot_description/models/aws_robomaker_residential_DeskPortraitD_04
[3.223s] -- Up-to-date: /home/spkmak/vegabot_ws/install/vegabot_description/share/vegabot_description/models/aws_robomaker_residential_DeskPortraitD_04/meshes
[3.224s] -- Up-to-date: /home/spkmak/vegabot_ws/install/vegabot_description/share/vegabot_description/models/aws_robomaker_residential_DeskPortraitD_04/meshes/aws_DeskPortraitD_01_collision.DAE
[3.224s] -- Up-to-date: /home/spkmak/vegabot_ws/install/vegabot_description/share/vegabot_description/models/aws_robomaker_residential_DeskPortraitD_04/meshes/aws_DeskPortraitD_01_visual.DAE
[3.224s] -- Up-to-date: /home/spkmak/vegabot_ws/install/vegabot_description/share/vegabot_description/models/aws_robomaker_residential_DeskPortraitD_04/model.config
[3.224s] -- Up-to-date: /home/spkmak/vegabot_ws/install/vegabot_description/share/vegabot_description/models/aws_robomaker_residential_DeskPortraitD_04/model.sdf
[3.224s] -- Up-to-date: /home/spkmak/vegabot_ws/install/vegabot_description/share/vegabot_description/models/aws_robomaker_residential_DeskPortraitD_04/materials
[3.225s] -- Up-to-date: /home/spkmak/vegabot_ws/install/vegabot_description/share/vegabot_description/models/aws_robomaker_residential_DeskPortraitD_04/materials/textures
[3.225s] -- Up-to-date: /home/spkmak/vegabot_ws/install/vegabot_description/share/vegabot_description/models/aws_robomaker_residential_DeskPortraitD_04/materials/textures/aws_DeskPortraitD_02.png
[3.225s] -- Up-to-date: /home/spkmak/vegabot_ws/install/vegabot_description/share/vegabot_description/models/aws_robomaker_residential_DeskPortraitD_04/materials/textures/aws_DeskPortraitD_01.png
[3.225s] -- Up-to-date: /home/spkmak/vegabot_ws/install/vegabot_description/share/vegabot_description/models/aws_robomaker_residential_PortraitB_01
[3.226s] -- Up-to-date: /home/spkmak/vegabot_ws/install/vegabot_description/share/vegabot_description/models/aws_robomaker_residential_PortraitB_01/meshes
[3.227s] -- Up-to-date: /home/spkmak/vegabot_ws/install/vegabot_description/share/vegabot_description/models/aws_robomaker_residential_PortraitB_01/meshes/aws_PortraitB_01_collision.DAE
[3.227s] -- Up-to-date: /home/spkmak/vegabot_ws/install/vegabot_description/share/vegabot_description/models/aws_robomaker_residential_PortraitB_01/meshes/aws_PortraitB_01_visual.DAE
[3.227s] -- Up-to-date: /home/spkmak/vegabot_ws/install/vegabot_description/share/vegabot_description/models/aws_robomaker_residential_PortraitB_01/model.config
[3.227s] -- Up-to-date: /home/spkmak/vegabot_ws/install/vegabot_description/share/vegabot_description/models/aws_robomaker_residential_PortraitB_01/model.sdf
[3.227s] -- Up-to-date: /home/spkmak/vegabot_ws/install/vegabot_description/share/vegabot_description/models/aws_robomaker_residential_PortraitB_01/materials
[3.231s] -- Up-to-date: /home/spkmak/vegabot_ws/install/vegabot_description/share/vegabot_description/models/aws_robomaker_residential_PortraitB_01/materials/textures
[3.232s] -- Up-to-date: /home/spkmak/vegabot_ws/install/vegabot_description/share/vegabot_description/models/aws_robomaker_residential_PortraitB_01/materials/textures/aws_PortraitB_02.png
[3.232s] -- Up-to-date: /home/spkmak/vegabot_ws/install/vegabot_description/share/vegabot_description/models/aws_robomaker_residential_PortraitB_01/materials/textures/aws_PortraitB_01.png
[3.233s] -- Up-to-date: /home/spkmak/vegabot_ws/install/vegabot_description/share/vegabot_description/models/aws_robomaker_warehouse_RoofB_01
[3.234s] -- Up-to-date: /home/spkmak/vegabot_ws/install/vegabot_description/share/vegabot_description/models/aws_robomaker_warehouse_RoofB_01/meshes
[3.235s] -- Up-to-date: /home/spkmak/vegabot_ws/install/vegabot_description/share/vegabot_description/models/aws_robomaker_warehouse_RoofB_01/meshes/aws_robomaker_warehouse_RoofB_01_visual.DAE
[3.236s] -- Up-to-date: /home/spkmak/vegabot_ws/install/vegabot_description/share/vegabot_description/models/aws_robomaker_warehouse_RoofB_01/meshes/aws_robomaker_warehouse_RoofB_01_collision.DAE
[3.236s] -- Up-to-date: /home/spkmak/vegabot_ws/install/vegabot_description/share/vegabot_description/models/aws_robomaker_warehouse_RoofB_01/model.config
[3.236s] -- Up-to-date: /home/spkmak/vegabot_ws/install/vegabot_description/share/vegabot_description/models/aws_robomaker_warehouse_RoofB_01/model.sdf
[3.236s] -- Up-to-date: /home/spkmak/vegabot_ws/install/vegabot_description/share/vegabot_description/models/aws_robomaker_warehouse_RoofB_01/materials
[3.237s] -- Up-to-date: /home/spkmak/vegabot_ws/install/vegabot_description/share/vegabot_description/models/aws_robomaker_warehouse_RoofB_01/materials/textures
[3.239s] -- Up-to-date: /home/spkmak/vegabot_ws/install/vegabot_description/share/vegabot_description/models/aws_robomaker_warehouse_RoofB_01/materials/textures/aws_robomaker_warehouse_RoofB_01.png
[3.240s] -- Up-to-date: /home/spkmak/vegabot_ws/install/vegabot_description/share/vegabot_description/models/aws_robomaker_residential_DeskPortraitC_01
[3.245s] -- Up-to-date: /home/spkmak/vegabot_ws/install/vegabot_description/share/vegabot_description/models/aws_robomaker_residential_DeskPortraitC_01/meshes
[3.246s] -- Up-to-date: /home/spkmak/vegabot_ws/install/vegabot_description/share/vegabot_description/models/aws_robomaker_residential_DeskPortraitC_01/meshes/aws_DeskPortraitC_01_collision.DAE
[3.246s] -- Up-to-date: /home/spkmak/vegabot_ws/install/vegabot_description/share/vegabot_description/models/aws_robomaker_residential_DeskPortraitC_01/meshes/aws_DeskPortraitC_01_visual.DAE
[3.247s] -- Up-to-date: /home/spkmak/vegabot_ws/install/vegabot_description/share/vegabot_description/models/aws_robomaker_residential_DeskPortraitC_01/model.config
[3.247s] -- Up-to-date: /home/spkmak/vegabot_ws/install/vegabot_description/share/vegabot_description/models/aws_robomaker_residential_DeskPortraitC_01/model.sdf
[3.247s] -- Up-to-date: /home/spkmak/vegabot_ws/install/vegabot_description/share/vegabot_description/models/aws_robomaker_residential_DeskPortraitC_01/materials
[3.247s] -- Up-to-date: /home/spkmak/vegabot_ws/install/vegabot_description/share/vegabot_description/models/aws_robomaker_residential_DeskPortraitC_01/materials/textures
[3.248s] -- Up-to-date: /home/spkmak/vegabot_ws/install/vegabot_description/share/vegabot_description/models/aws_robomaker_residential_DeskPortraitC_01/materials/textures/aws_DeskPortraitC_01.png
[3.249s] -- Up-to-date: /home/spkmak/vegabot_ws/install/vegabot_description/share/vegabot_description/models/aws_robomaker_residential_DeskPortraitC_01/materials/textures/aws_DeskPortraitC_02.png
[3.251s] -- Up-to-date: /home/spkmak/vegabot_ws/install/vegabot_description/share/vegabot_description/models/aws_robomaker_residential_ChairA_01
[3.251s] -- Up-to-date: /home/spkmak/vegabot_ws/install/vegabot_description/share/vegabot_description/models/aws_robomaker_residential_ChairA_01/meshes
[3.252s] -- Up-to-date: /home/spkmak/vegabot_ws/install/vegabot_description/share/vegabot_description/models/aws_robomaker_residential_ChairA_01/meshes/aws_ChairA_01_collision.DAE
[3.252s] -- Up-to-date: /home/spkmak/vegabot_ws/install/vegabot_description/share/vegabot_description/models/aws_robomaker_residential_ChairA_01/meshes/aws_ChairA_01_visual.DAE
[3.253s] -- Up-to-date: /home/spkmak/vegabot_ws/install/vegabot_description/share/vegabot_description/models/aws_robomaker_residential_ChairA_01/model.config
[3.254s] -- Up-to-date: /home/spkmak/vegabot_ws/install/vegabot_description/share/vegabot_description/models/aws_robomaker_residential_ChairA_01/model.sdf
[3.254s] -- Up-to-date: /home/spkmak/vegabot_ws/install/vegabot_description/share/vegabot_description/models/aws_robomaker_residential_ChairA_01/materials
[3.255s] -- Up-to-date: /home/spkmak/vegabot_ws/install/vegabot_description/share/vegabot_description/models/aws_robomaker_residential_ChairA_01/materials/textures
[3.255s] -- Up-to-date: /home/spkmak/vegabot_ws/install/vegabot_description/share/vegabot_description/models/aws_robomaker_residential_ChairA_01/materials/textures/aws_ChairA_01.png
[3.256s] -- Up-to-date: /home/spkmak/vegabot_ws/install/vegabot_description/share/vegabot_description/models/aws_robomaker_residential_PortraitD_01
[3.259s] -- Up-to-date: /home/spkmak/vegabot_ws/install/vegabot_description/share/vegabot_description/models/aws_robomaker_residential_PortraitD_01/meshes
[3.259s] -- Up-to-date: /home/spkmak/vegabot_ws/install/vegabot_description/share/vegabot_description/models/aws_robomaker_residential_PortraitD_01/meshes/aws_PortraitD_01_visual.DAE
[3.260s] -- Up-to-date: /home/spkmak/vegabot_ws/install/vegabot_description/share/vegabot_description/models/aws_robomaker_residential_PortraitD_01/meshes/aws_PortraitD_01_collision.DAE
[3.260s] -- Up-to-date: /home/spkmak/vegabot_ws/install/vegabot_description/share/vegabot_description/models/aws_robomaker_residential_PortraitD_01/model.config
[3.260s] -- Up-to-date: /home/spkmak/vegabot_ws/install/vegabot_description/share/vegabot_description/models/aws_robomaker_residential_PortraitD_01/model.sdf
[3.260s] -- Up-to-date: /home/spkmak/vegabot_ws/install/vegabot_description/share/vegabot_description/models/aws_robomaker_residential_PortraitD_01/materials
[3.265s] -- Up-to-date: /home/spkmak/vegabot_ws/install/vegabot_description/share/vegabot_description/models/aws_robomaker_residential_PortraitD_01/materials/textures
[3.265s] -- Up-to-date: /home/spkmak/vegabot_ws/install/vegabot_description/share/vegabot_description/models/aws_robomaker_residential_PortraitD_01/materials/textures/aws_PortraitD_01.png
[3.266s] -- Up-to-date: /home/spkmak/vegabot_ws/install/vegabot_description/share/vegabot_description/models/aws_robomaker_residential_PortraitD_01/materials/textures/aws_PortraitD_02.png
[3.266s] -- Up-to-date: /home/spkmak/vegabot_ws/install/vegabot_description/share/vegabot_description/models/aws_robomaker_warehouse_Lamp_01
[3.270s] -- Up-to-date: /home/spkmak/vegabot_ws/install/vegabot_description/share/vegabot_description/models/aws_robomaker_warehouse_Lamp_01/meshes
[3.275s] -- Up-to-date: /home/spkmak/vegabot_ws/install/vegabot_description/share/vegabot_description/models/aws_robomaker_warehouse_Lamp_01/meshes/aws_robomaker_warehouse_Lamp_01_visual.DAE
[3.275s] -- Up-to-date: /home/spkmak/vegabot_ws/install/vegabot_description/share/vegabot_description/models/aws_robomaker_warehouse_Lamp_01/meshes/aws_robomaker_warehouse_Lamp_01_collision.DAE
[3.275s] -- Up-to-date: /home/spkmak/vegabot_ws/install/vegabot_description/share/vegabot_description/models/aws_robomaker_warehouse_Lamp_01/model.config
[3.275s] -- Up-to-date: /home/spkmak/vegabot_ws/install/vegabot_description/share/vegabot_description/models/aws_robomaker_warehouse_Lamp_01/model.sdf
[3.275s] -- Up-to-date: /home/spkmak/vegabot_ws/install/vegabot_description/share/vegabot_description/models/aws_robomaker_warehouse_Lamp_01/materials
[3.280s] -- Up-to-date: /home/spkmak/vegabot_ws/install/vegabot_description/share/vegabot_description/models/aws_robomaker_warehouse_Lamp_01/materials/textures
[3.282s] -- Up-to-date: /home/spkmak/vegabot_ws/install/vegabot_description/share/vegabot_description/models/aws_robomaker_warehouse_Lamp_01/materials/textures/aws_robomaker_warehouse_Lamp_01.png
[3.282s] -- Up-to-date: /home/spkmak/vegabot_ws/install/vegabot_description/share/vegabot_description/models/aws_robomaker_residential_KitchenTable_01
[3.286s] -- Up-to-date: /home/spkmak/vegabot_ws/install/vegabot_description/share/vegabot_description/models/aws_robomaker_residential_KitchenTable_01/meshes
[3.287s] -- Up-to-date: /home/spkmak/vegabot_ws/install/vegabot_description/share/vegabot_description/models/aws_robomaker_residential_KitchenTable_01/meshes/aws_KitchenTable_01_visual.DAE
[3.287s] -- Up-to-date: /home/spkmak/vegabot_ws/install/vegabot_description/share/vegabot_description/models/aws_robomaker_residential_KitchenTable_01/meshes/aws_KitchenTable_01_collision.DAE
[3.287s] -- Up-to-date: /home/spkmak/vegabot_ws/install/vegabot_description/share/vegabot_description/models/aws_robomaker_residential_KitchenTable_01/model.config
[3.287s] -- Up-to-date: /home/spkmak/vegabot_ws/install/vegabot_description/share/vegabot_description/models/aws_robomaker_residential_KitchenTable_01/model.sdf
[3.287s] -- Up-to-date: /home/spkmak/vegabot_ws/install/vegabot_description/share/vegabot_description/models/aws_robomaker_residential_KitchenTable_01/materials
[3.288s] -- Up-to-date: /home/spkmak/vegabot_ws/install/vegabot_description/share/vegabot_description/models/aws_robomaker_residential_KitchenTable_01/materials/textures
[3.288s] -- Up-to-date: /home/spkmak/vegabot_ws/install/vegabot_description/share/vegabot_description/models/aws_robomaker_residential_KitchenTable_01/materials/textures/aws_KitchenTable_01.png
[3.289s] -- Up-to-date: /home/spkmak/vegabot_ws/install/vegabot_description/share/vegabot_description/models/vegabot_dock
[3.291s] -- Up-to-date: /home/spkmak/vegabot_ws/install/vegabot_description/share/vegabot_description/models/vegabot_dock/meshes
[3.297s] -- Up-to-date: /home/spkmak/vegabot_ws/install/vegabot_description/share/vegabot_description/models/vegabot_dock/meshes/vegabot_dock.stl
[3.300s] -- Up-to-date: /home/spkmak/vegabot_ws/install/vegabot_description/share/vegabot_description/models/vegabot_dock/model.config
[3.300s] -- Up-to-date: /home/spkmak/vegabot_ws/install/vegabot_description/share/vegabot_description/models/vegabot_dock/model.sdf
[3.301s] -- Up-to-date: /home/spkmak/vegabot_ws/install/vegabot_description/share/vegabot_description/models/aws_robomaker_residential_Dumbbell_01
[3.303s] -- Up-to-date: /home/spkmak/vegabot_ws/install/vegabot_description/share/vegabot_description/models/aws_robomaker_residential_Dumbbell_01/meshes
[3.305s] -- Up-to-date: /home/spkmak/vegabot_ws/install/vegabot_description/share/vegabot_description/models/aws_robomaker_residential_Dumbbell_01/meshes/aws_Dumbbell_01_collision.DAE
[3.305s] -- Up-to-date: /home/spkmak/vegabot_ws/install/vegabot_description/share/vegabot_description/models/aws_robomaker_residential_Dumbbell_01/meshes/aws_Dumbbell_01_visual.DAE
[3.305s] -- Up-to-date: /home/spkmak/vegabot_ws/install/vegabot_description/share/vegabot_description/models/aws_robomaker_residential_Dumbbell_01/model.config
[3.306s] -- Up-to-date: /home/spkmak/vegabot_ws/install/vegabot_description/share/vegabot_description/models/aws_robomaker_residential_Dumbbell_01/model.sdf
[3.306s] -- Up-to-date: /home/spkmak/vegabot_ws/install/vegabot_description/share/vegabot_description/models/aws_robomaker_residential_Dumbbell_01/materials
[3.306s] -- Up-to-date: /home/spkmak/vegabot_ws/install/vegabot_description/share/vegabot_description/models/aws_robomaker_residential_Dumbbell_01/materials/textures
[3.306s] -- Up-to-date: /home/spkmak/vegabot_ws/install/vegabot_description/share/vegabot_description/models/aws_robomaker_residential_Dumbbell_01/materials/textures/aws_Dumbbell_01.png
[3.307s] -- Up-to-date: /home/spkmak/vegabot_ws/install/vegabot_description/share/vegabot_description/models/aws_robomaker_residential_PortraitB_02
[3.307s] -- Up-to-date: /home/spkmak/vegabot_ws/install/vegabot_description/share/vegabot_description/models/aws_robomaker_residential_PortraitB_02/meshes
[3.308s] -- Up-to-date: /home/spkmak/vegabot_ws/install/vegabot_description/share/vegabot_description/models/aws_robomaker_residential_PortraitB_02/meshes/aws_PortraitB_01_collision.DAE
[3.308s] -- Up-to-date: /home/spkmak/vegabot_ws/install/vegabot_description/share/vegabot_description/models/aws_robomaker_residential_PortraitB_02/meshes/aws_PortraitB_01_visual.DAE
[3.308s] -- Up-to-date: /home/spkmak/vegabot_ws/install/vegabot_description/share/vegabot_description/models/aws_robomaker_residential_PortraitB_02/model.config
[3.308s] -- Up-to-date: /home/spkmak/vegabot_ws/install/vegabot_description/share/vegabot_description/models/aws_robomaker_residential_PortraitB_02/model.sdf
[3.309s] -- Up-to-date: /home/spkmak/vegabot_ws/install/vegabot_description/share/vegabot_description/models/aws_robomaker_residential_PortraitB_02/materials
[3.309s] -- Up-to-date: /home/spkmak/vegabot_ws/install/vegabot_description/share/vegabot_description/models/aws_robomaker_residential_PortraitB_02/materials/textures
[3.310s] -- Up-to-date: /home/spkmak/vegabot_ws/install/vegabot_description/share/vegabot_description/models/aws_robomaker_residential_PortraitB_02/materials/textures/aws_PortraitB_02.png
[3.310s] -- Up-to-date: /home/spkmak/vegabot_ws/install/vegabot_description/share/vegabot_description/models/aws_robomaker_residential_PortraitB_02/materials/textures/aws_PortraitB_01.png
[3.310s] -- Up-to-date: /home/spkmak/vegabot_ws/install/vegabot_description/share/vegabot_description/models/aws_robomaker_residential_Door_01
[3.311s] -- Up-to-date: /home/spkmak/vegabot_ws/install/vegabot_description/share/vegabot_description/models/aws_robomaker_residential_Door_01/meshes
[3.311s] -- Up-to-date: /home/spkmak/vegabot_ws/install/vegabot_description/share/vegabot_description/models/aws_robomaker_residential_Door_01/meshes/aws_Door_01_collision.DAE
[3.312s] -- Up-to-date: /home/spkmak/vegabot_ws/install/vegabot_description/share/vegabot_description/models/aws_robomaker_residential_Door_01/meshes/aws_Door_01_visual.DAE
[3.312s] -- Up-to-date: /home/spkmak/vegabot_ws/install/vegabot_description/share/vegabot_description/models/aws_robomaker_residential_Door_01/model.config
[3.312s] -- Up-to-date: /home/spkmak/vegabot_ws/install/vegabot_description/share/vegabot_description/models/aws_robomaker_residential_Door_01/model.sdf
[3.312s] -- Up-to-date: /home/spkmak/vegabot_ws/install/vegabot_description/share/vegabot_description/models/aws_robomaker_residential_Door_01/materials
[3.312s] -- Up-to-date: /home/spkmak/vegabot_ws/install/vegabot_description/share/vegabot_description/models/aws_robomaker_residential_Door_01/materials/textures
[3.313s] -- Up-to-date: /home/spkmak/vegabot_ws/install/vegabot_description/share/vegabot_description/models/aws_robomaker_residential_Door_01/materials/textures/aws_Door_01.png
[3.314s] -- Up-to-date: /home/spkmak/vegabot_ws/install/vegabot_description/share/vegabot_description/models/aws_robomaker_residential_RoomWindow_01
[3.317s] -- Up-to-date: /home/spkmak/vegabot_ws/install/vegabot_description/share/vegabot_description/models/aws_robomaker_residential_RoomWindow_01/meshes
[3.318s] -- Up-to-date: /home/spkmak/vegabot_ws/install/vegabot_description/share/vegabot_description/models/aws_robomaker_residential_RoomWindow_01/meshes/aws_RoomWindow_01_collision.DAE
[3.318s] -- Up-to-date: /home/spkmak/vegabot_ws/install/vegabot_description/share/vegabot_description/models/aws_robomaker_residential_RoomWindow_01/meshes/aws_RoomWindow_01_visual.DAE
[3.319s] -- Up-to-date: /home/spkmak/vegabot_ws/install/vegabot_description/share/vegabot_description/models/aws_robomaker_residential_RoomWindow_01/model.config
[3.319s] -- Up-to-date: /home/spkmak/vegabot_ws/install/vegabot_description/share/vegabot_description/models/aws_robomaker_residential_RoomWindow_01/model.sdf
[3.319s] -- Up-to-date: /home/spkmak/vegabot_ws/install/vegabot_description/share/vegabot_description/models/aws_robomaker_residential_RoomWindow_01/materials
[3.322s] -- Up-to-date: /home/spkmak/vegabot_ws/install/vegabot_description/share/vegabot_description/models/aws_robomaker_residential_RoomWindow_01/materials/textures
[3.323s] -- Up-to-date: /home/spkmak/vegabot_ws/install/vegabot_description/share/vegabot_description/models/aws_robomaker_residential_RoomWindow_01/materials/textures/aws_RoomWindow_01.png
[3.323s] -- Up-to-date: /home/spkmak/vegabot_ws/install/vegabot_description/share/vegabot_description/models/aws_robomaker_residential_DeskPortraitB_02
[3.324s] -- Up-to-date: /home/spkmak/vegabot_ws/install/vegabot_description/share/vegabot_description/models/aws_robomaker_residential_DeskPortraitB_02/meshes
[3.325s] -- Up-to-date: /home/spkmak/vegabot_ws/install/vegabot_description/share/vegabot_description/models/aws_robomaker_residential_DeskPortraitB_02/meshes/aws_DeskPortraitB_01_collision.DAE
[3.325s] -- Up-to-date: /home/spkmak/vegabot_ws/install/vegabot_description/share/vegabot_description/models/aws_robomaker_residential_DeskPortraitB_02/meshes/aws_DeskPortraitB_01_visual.DAE
[3.325s] -- Up-to-date: /home/spkmak/vegabot_ws/install/vegabot_description/share/vegabot_description/models/aws_robomaker_residential_DeskPortraitB_02/model.config
[3.325s] -- Up-to-date: /home/spkmak/vegabot_ws/install/vegabot_description/share/vegabot_description/models/aws_robomaker_residential_DeskPortraitB_02/model.sdf
[3.325s] -- Up-to-date: /home/spkmak/vegabot_ws/install/vegabot_description/share/vegabot_description/models/aws_robomaker_residential_DeskPortraitB_02/materials
[3.325s] -- Up-to-date: /home/spkmak/vegabot_ws/install/vegabot_description/share/vegabot_description/models/aws_robomaker_residential_DeskPortraitB_02/materials/textures
[3.326s] -- Up-to-date: /home/spkmak/vegabot_ws/install/vegabot_description/share/vegabot_description/models/aws_robomaker_residential_DeskPortraitB_02/materials/textures/aws_DeskPortraitB_02.png
[3.326s] -- Up-to-date: /home/spkmak/vegabot_ws/install/vegabot_description/share/vegabot_description/models/aws_robomaker_residential_DeskPortraitB_02/materials/textures/aws_DeskPortraitB_01.png
[3.326s] -- Up-to-date: /home/spkmak/vegabot_ws/install/vegabot_description/share/vegabot_description/models/aws_robomaker_residential_AirconditionerB_01
[3.333s] -- Up-to-date: /home/spkmak/vegabot_ws/install/vegabot_description/share/vegabot_description/models/aws_robomaker_residential_AirconditionerB_01/meshes
[3.334s] -- Up-to-date: /home/spkmak/vegabot_ws/install/vegabot_description/share/vegabot_description/models/aws_robomaker_residential_AirconditionerB_01/meshes/aws_AirconditionerB_01_collision.DAE
[3.334s] -- Up-to-date: /home/spkmak/vegabot_ws/install/vegabot_description/share/vegabot_description/models/aws_robomaker_residential_AirconditionerB_01/meshes/aws_AirconditionerB_01_visual.DAE
[3.334s] -- Up-to-date: /home/spkmak/vegabot_ws/install/vegabot_description/share/vegabot_description/models/aws_robomaker_residential_AirconditionerB_01/model.config
[3.334s] -- Up-to-date: /home/spkmak/vegabot_ws/install/vegabot_description/share/vegabot_description/models/aws_robomaker_residential_AirconditionerB_01/model.sdf
[3.334s] -- Up-to-date: /home/spkmak/vegabot_ws/install/vegabot_description/share/vegabot_description/models/aws_robomaker_residential_AirconditionerB_01/materials
[3.340s] -- Up-to-date: /home/spkmak/vegabot_ws/install/vegabot_description/share/vegabot_description/models/aws_robomaker_residential_AirconditionerB_01/materials/textures
[3.341s] -- Up-to-date: /home/spkmak/vegabot_ws/install/vegabot_description/share/vegabot_description/models/aws_robomaker_residential_AirconditionerB_01/materials/textures/aws_AirconditionerB_01.png
[3.341s] -- Up-to-date: /home/spkmak/vegabot_ws/install/vegabot_description/share/vegabot_description/models/aws_robomaker_residential_KitchenUtensils_01
[3.342s] -- Up-to-date: /home/spkmak/vegabot_ws/install/vegabot_description/share/vegabot_description/models/aws_robomaker_residential_KitchenUtensils_01/meshes
[3.343s] -- Up-to-date: /home/spkmak/vegabot_ws/install/vegabot_description/share/vegabot_description/models/aws_robomaker_residential_KitchenUtensils_01/meshes/aws_KitchenUtensils_01_collision.DAE
[3.343s] -- Up-to-date: /home/spkmak/vegabot_ws/install/vegabot_description/share/vegabot_description/models/aws_robomaker_residential_KitchenUtensils_01/meshes/aws_KitchenUtensils_01_visual.DAE
[3.344s] -- Up-to-date: /home/spkmak/vegabot_ws/install/vegabot_description/share/vegabot_description/models/aws_robomaker_residential_KitchenUtensils_01/model.config
[3.344s] -- Up-to-date: /home/spkmak/vegabot_ws/install/vegabot_description/share/vegabot_description/models/aws_robomaker_residential_KitchenUtensils_01/model.sdf
[3.344s] -- Up-to-date: /home/spkmak/vegabot_ws/install/vegabot_description/share/vegabot_description/models/aws_robomaker_residential_KitchenUtensils_01/materials
[3.349s] -- Up-to-date: /home/spkmak/vegabot_ws/install/vegabot_description/share/vegabot_description/models/aws_robomaker_residential_KitchenUtensils_01/materials/textures
[3.349s] -- Up-to-date: /home/spkmak/vegabot_ws/install/vegabot_description/share/vegabot_description/models/aws_robomaker_residential_KitchenUtensils_01/materials/textures/aws_KitchenUtensils_01.png
[3.350s] -- Up-to-date: /home/spkmak/vegabot_ws/install/vegabot_description/share/vegabot_description/models/aws_robomaker_residential_NightStand_01
[3.351s] -- Up-to-date: /home/spkmak/vegabot_ws/install/vegabot_description/share/vegabot_description/models/aws_robomaker_residential_NightStand_01/meshes
[3.352s] -- Up-to-date: /home/spkmak/vegabot_ws/install/vegabot_description/share/vegabot_description/models/aws_robomaker_residential_NightStand_01/meshes/aws_NightStand_01_visual.DAE
[3.353s] -- Up-to-date: /home/spkmak/vegabot_ws/install/vegabot_description/share/vegabot_description/models/aws_robomaker_residential_NightStand_01/meshes/aws_NightStand_01_collision.DAE
[3.354s] -- Up-to-date: /home/spkmak/vegabot_ws/install/vegabot_description/share/vegabot_description/models/aws_robomaker_residential_NightStand_01/model.config
[3.354s] -- Up-to-date: /home/spkmak/vegabot_ws/install/vegabot_description/share/vegabot_description/models/aws_robomaker_residential_NightStand_01/model.sdf
[3.354s] -- Up-to-date: /home/spkmak/vegabot_ws/install/vegabot_description/share/vegabot_description/models/aws_robomaker_residential_NightStand_01/materials
[3.358s] -- Up-to-date: /home/spkmak/vegabot_ws/install/vegabot_description/share/vegabot_description/models/aws_robomaker_residential_NightStand_01/materials/textures
[3.359s] -- Up-to-date: /home/spkmak/vegabot_ws/install/vegabot_description/share/vegabot_description/models/aws_robomaker_residential_NightStand_01/materials/textures/aws_NightStand_01.png
[3.360s] -- Up-to-date: /home/spkmak/vegabot_ws/install/vegabot_description/share/vegabot_description/models/aws_robomaker_residential_Tablet_01
[3.360s] -- Up-to-date: /home/spkmak/vegabot_ws/install/vegabot_description/share/vegabot_description/models/aws_robomaker_residential_Tablet_01/meshes
[3.362s] -- Up-to-date: /home/spkmak/vegabot_ws/install/vegabot_description/share/vegabot_description/models/aws_robomaker_residential_Tablet_01/meshes/aws_Tablet_01_collision.DAE
[3.363s] -- Up-to-date: /home/spkmak/vegabot_ws/install/vegabot_description/share/vegabot_description/models/aws_robomaker_residential_Tablet_01/meshes/aws_Tablet_01_visual.DAE
[3.364s] -- Up-to-date: /home/spkmak/vegabot_ws/install/vegabot_description/share/vegabot_description/models/aws_robomaker_residential_Tablet_01/model.config
[3.364s] -- Up-to-date: /home/spkmak/vegabot_ws/install/vegabot_description/share/vegabot_description/models/aws_robomaker_residential_Tablet_01/model.sdf
[3.364s] -- Up-to-date: /home/spkmak/vegabot_ws/install/vegabot_description/share/vegabot_description/models/aws_robomaker_residential_Tablet_01/materials
[3.365s] -- Up-to-date: /home/spkmak/vegabot_ws/install/vegabot_description/share/vegabot_description/models/aws_robomaker_residential_Tablet_01/materials/textures
[3.365s] -- Up-to-date: /home/spkmak/vegabot_ws/install/vegabot_description/share/vegabot_description/models/aws_robomaker_residential_Tablet_01/materials/textures/aws_Tablet_01_nologo.png
[3.365s] -- Up-to-date: /home/spkmak/vegabot_ws/install/vegabot_description/share/vegabot_description/models/aws_robomaker_residential_PortraitC_01
[3.365s] -- Up-to-date: /home/spkmak/vegabot_ws/install/vegabot_description/share/vegabot_description/models/aws_robomaker_residential_PortraitC_01/meshes
[3.365s] -- Up-to-date: /home/spkmak/vegabot_ws/install/vegabot_description/share/vegabot_description/models/aws_robomaker_residential_PortraitC_01/meshes/aws_PortraitC_01_collision.DAE
[3.365s] -- Up-to-date: /home/spkmak/vegabot_ws/install/vegabot_description/share/vegabot_description/models/aws_robomaker_residential_PortraitC_01/meshes/aws_PortraitC_01_visual.DAE
[3.366s] -- Up-to-date: /home/spkmak/vegabot_ws/install/vegabot_description/share/vegabot_description/models/aws_robomaker_residential_PortraitC_01/model.config
[3.366s] -- Up-to-date: /home/spkmak/vegabot_ws/install/vegabot_description/share/vegabot_description/models/aws_robomaker_residential_PortraitC_01/model.sdf
[3.366s] -- Up-to-date: /home/spkmak/vegabot_ws/install/vegabot_description/share/vegabot_description/models/aws_robomaker_residential_PortraitC_01/materials
[3.369s] -- Up-to-date: /home/spkmak/vegabot_ws/install/vegabot_description/share/vegabot_description/models/aws_robomaker_residential_PortraitC_01/materials/textures
[3.369s] -- Up-to-date: /home/spkmak/vegabot_ws/install/vegabot_description/share/vegabot_description/models/aws_robomaker_residential_PortraitC_01/materials/textures/aws_PortraitC_01.png
[3.369s] -- Up-to-date: /home/spkmak/vegabot_ws/install/vegabot_description/share/vegabot_description/models/aws_robomaker_residential_PortraitC_01/materials/textures/aws_PortraitC_02.png
[3.370s] -- Up-to-date: /home/spkmak/vegabot_ws/install/vegabot_description/share/vegabot_description/models/aws_robomaker_residential_RoomCeiling_01
[3.370s] -- Up-to-date: /home/spkmak/vegabot_ws/install/vegabot_description/share/vegabot_description/models/aws_robomaker_residential_RoomCeiling_01/meshes
[3.372s] -- Up-to-date: /home/spkmak/vegabot_ws/install/vegabot_description/share/vegabot_description/models/aws_robomaker_residential_RoomCeiling_01/meshes/aws_RoomCeiling_01_visual.DAE
[3.373s] -- Up-to-date: /home/spkmak/vegabot_ws/install/vegabot_description/share/vegabot_description/models/aws_robomaker_residential_RoomCeiling_01/meshes/aws_RoomCeiling_01_collision.DAE
[3.373s] -- Up-to-date: /home/spkmak/vegabot_ws/install/vegabot_description/share/vegabot_description/models/aws_robomaker_residential_RoomCeiling_01/model.config
[3.373s] -- Up-to-date: /home/spkmak/vegabot_ws/install/vegabot_description/share/vegabot_description/models/aws_robomaker_residential_RoomCeiling_01/model.sdf
[3.373s] -- Up-to-date: /home/spkmak/vegabot_ws/install/vegabot_description/share/vegabot_description/models/aws_robomaker_residential_RoomCeiling_01/materials
[3.376s] -- Up-to-date: /home/spkmak/vegabot_ws/install/vegabot_description/share/vegabot_description/models/aws_robomaker_residential_RoomCeiling_01/materials/textures
[3.378s] -- Up-to-date: /home/spkmak/vegabot_ws/install/vegabot_description/share/vegabot_description/models/aws_robomaker_residential_RoomCeiling_01/materials/textures/aws_RoomCeiling_01.png
[3.378s] -- Up-to-date: /home/spkmak/vegabot_ws/install/vegabot_description/share/vegabot_description/models/aws_robomaker_residential_Tableware_01
[3.379s] -- Up-to-date: /home/spkmak/vegabot_ws/install/vegabot_description/share/vegabot_description/models/aws_robomaker_residential_Tableware_01/meshes
[3.379s] -- Up-to-date: /home/spkmak/vegabot_ws/install/vegabot_description/share/vegabot_description/models/aws_robomaker_residential_Tableware_01/meshes/aws_Tableware_01_collision.DAE
[3.379s] -- Up-to-date: /home/spkmak/vegabot_ws/install/vegabot_description/share/vegabot_description/models/aws_robomaker_residential_Tableware_01/meshes/aws_Tableware_01_visual.DAE
[3.380s] -- Up-to-date: /home/spkmak/vegabot_ws/install/vegabot_description/share/vegabot_description/models/aws_robomaker_residential_Tableware_01/model.config
[3.380s] -- Up-to-date: /home/spkmak/vegabot_ws/install/vegabot_description/share/vegabot_description/models/aws_robomaker_residential_Tableware_01/model.sdf
[3.380s] -- Up-to-date: /home/spkmak/vegabot_ws/install/vegabot_description/share/vegabot_description/models/aws_robomaker_residential_Tableware_01/materials
[3.383s] -- Up-to-date: /home/spkmak/vegabot_ws/install/vegabot_description/share/vegabot_description/models/aws_robomaker_residential_Tableware_01/materials/textures
[3.384s] -- Up-to-date: /home/spkmak/vegabot_ws/install/vegabot_description/share/vegabot_description/models/aws_robomaker_residential_Tableware_01/materials/textures/aws_Tableware_01.png
[3.385s] -- Up-to-date: /home/spkmak/vegabot_ws/install/vegabot_description/share/ament_index/resource_index/package_run_dependencies/vegabot_description
[3.390s] -- Up-to-date: /home/spkmak/vegabot_ws/install/vegabot_description/share/ament_index/resource_index/parent_prefix_path/vegabot_description
[3.390s] -- Up-to-date: /home/spkmak/vegabot_ws/install/vegabot_description/share/vegabot_description/environment/ament_prefix_path.sh
[3.391s] -- Up-to-date: /home/spkmak/vegabot_ws/install/vegabot_description/share/vegabot_description/environment/ament_prefix_path.dsv
[3.392s] -- Up-to-date: /home/spkmak/vegabot_ws/install/vegabot_description/share/vegabot_description/environment/path.sh
[3.392s] -- Up-to-date: /home/spkmak/vegabot_ws/install/vegabot_description/share/vegabot_description/environment/path.dsv
[3.392s] -- Up-to-date: /home/spkmak/vegabot_ws/install/vegabot_description/share/vegabot_description/local_setup.bash
[3.393s] -- Up-to-date: /home/spkmak/vegabot_ws/install/vegabot_description/share/vegabot_description/local_setup.sh
[3.393s] -- Up-to-date: /home/spkmak/vegabot_ws/install/vegabot_description/share/vegabot_description/local_setup.zsh
[3.393s] -- Up-to-date: /home/spkmak/vegabot_ws/install/vegabot_description/share/vegabot_description/local_setup.dsv
[3.393s] -- Installing: /home/spkmak/vegabot_ws/install/vegabot_description/share/vegabot_description/package.dsv
[3.397s] -- Up-to-date: /home/spkmak/vegabot_ws/install/vegabot_description/share/ament_index/resource_index/packages/vegabot_description
[3.397s] -- Up-to-date: /home/spkmak/vegabot_ws/install/vegabot_description/share/vegabot_description/cmake/vegabot_descriptionConfig.cmake
[3.398s] -- Up-to-date: /home/spkmak/vegabot_ws/install/vegabot_description/share/vegabot_description/cmake/vegabot_descriptionConfig-version.cmake
[3.398s] -- Up-to-date: /home/spkmak/vegabot_ws/install/vegabot_description/share/vegabot_description/package.xml
[3.404s] Invoked command in '/home/spkmak/vegabot_ws/build/vegabot_description' returned '0': CMAKE_PREFIX_PATH=${CMAKE_PREFIX_PATH}:/home/spkmak/ros2_ws/install/so_arm_100_bringup:/opt/ros/humble /home/spkmak/.local/bin/cmake --install /home/spkmak/vegabot_ws/build/vegabot_description
