[0.040s] Invoking command in '/home/spkmak/vegabot_ws/build/vegabot_description': CMAKE_PREFIX_PATH=${CMAKE_PREFIX_PATH}:/home/spkmak/ros2_ws/install/so_arm_100_bringup:/opt/ros/humble /home/spkmak/.local/bin/cmake --build /home/spkmak/vegabot_ws/build/vegabot_description -- -j6 -l6
[1.211s] -- Found ament_cmake: 1.3.14 (/opt/ros/humble/share/ament_cmake/cmake)
[2.215s] -- Found ament_lint_auto: 0.12.15 (/opt/ros/humble/share/ament_lint_auto/cmake)
[2.662s] -- Added test 'flake8' to check Python code syntax and style conventions
[2.691s] -- Added test 'lint_cmake' to check CMake code style
[2.708s] -- Added test 'pep257' to check Python code against some of the docstring style conventions in PEP 257
[2.799s] -- Added test 'xmllint' to check XML markup files
[2.803s] -- Configuring done (2.2s)
[2.823s] -- Generating done (0.0s)
[2.897s] -- Build files have been written to: /home/spkmak/vegabot_ws/build/vegabot_description
[2.925s] Invoked command in '/home/spkmak/vegabot_ws/build/vegabot_description' returned '0': CMAKE_PREFIX_PATH=${CMAKE_PREFIX_PATH}:/home/spkmak/ros2_ws/install/so_arm_100_bringup:/opt/ros/humble /home/spkmak/.local/bin/cmake --build /home/spkmak/vegabot_ws/build/vegabot_description -- -j6 -l6
[3.016s] Invoking command in '/home/spkmak/vegabot_ws/build/vegabot_description': CMAKE_PREFIX_PATH=${CMAKE_PREFIX_PATH}:/home/spkmak/ros2_ws/install/so_arm_100_bringup:/opt/ros/humble /home/spkmak/.local/bin/cmake --install /home/spkmak/vegabot_ws/build/vegabot_description
[3.161s] -- Install configuration: ""
[3.342s] -- Up-to-date: /home/spkmak/vegabot_ws/install/vegabot_description/share/vegabot_description/urdf
[3.342s] -- Up-to-date: /home/spkmak/vegabot_ws/install/vegabot_description/share/vegabot_description/urdf/bot.urdf
[3.343s] -- Up-to-date: /home/spkmak/vegabot_ws/install/vegabot_description/share/vegabot_description/urdf/vegabot_gazebo.xacro
[3.343s] -- Up-to-date: /home/spkmak/vegabot_ws/install/vegabot_description/share/vegabot_description/urdf/vegabot_base.xacro
[3.343s] -- Up-to-date: /home/spkmak/vegabot_ws/install/vegabot_description/share/vegabot_description/urdf/bot_wheel.urdf
[3.343s] -- Up-to-date: /home/spkmak/vegabot_ws/install/vegabot_description/share/vegabot_description/urdf/vegabot_sensors.xacro
[3.343s] -- Up-to-date: /home/spkmak/vegabot_ws/install/vegabot_description/share/vegabot_description/urdf/vegabot.urdf.xacro
[3.343s] -- Up-to-date: /home/spkmak/vegabot_ws/install/vegabot_description/share/vegabot_description/urdf/template.urdf
[3.343s] -- Up-to-date: /home/spkmak/vegabot_ws/install/vegabot_description/share/vegabot_description/urdf/vegabot_ros2control.xacro
[3.344s] -- Up-to-date: /home/spkmak/vegabot_ws/install/vegabot_description/share/vegabot_description/rviz
[3.344s] -- Up-to-date: /home/spkmak/vegabot_ws/install/vegabot_description/share/vegabot_description/rviz/display.rviz
[3.344s] -- Up-to-date: /home/spkmak/vegabot_ws/install/vegabot_description/share/vegabot_description/launch
[3.344s] -- Up-to-date: /home/spkmak/vegabot_ws/install/vegabot_description/share/vegabot_description/launch/display.launch.py
[3.344s] -- Up-to-date: /home/spkmak/vegabot_ws/install/vegabot_description/share/vegabot_description/launch/gazebo.launch.py
[3.344s] -- Up-to-date: /home/spkmak/vegabot_ws/install/vegabot_description/share/vegabot_description/worlds
[3.344s] -- Up-to-date: /home/spkmak/vegabot_ws/install/vegabot_description/share/vegabot_description/worlds/empty.world
[3.344s] -- Up-to-date: /home/spkmak/vegabot_ws/install/vegabot_description/share/vegabot_description/worlds/small_house.world
[3.345s] -- Up-to-date: /home/spkmak/vegabot_ws/install/vegabot_description/share/vegabot_description/worlds/qr_maze.world
[3.345s] -- Up-to-date: /home/spkmak/vegabot_ws/install/vegabot_description/share/vegabot_description/photos
[3.345s] -- Up-to-date: /home/spkmak/vegabot_ws/install/vegabot_description/share/vegabot_description/photos/PortraitB_03.jpg
[3.345s] -- Up-to-date: /home/spkmak/vegabot_ws/install/vegabot_description/share/vegabot_description/photos/PortraitC_01.jpg
[3.345s] -- Up-to-date: /home/spkmak/vegabot_ws/install/vegabot_description/share/vegabot_description/photos/DeskPortraitC_01.jpg
[3.346s] -- Up-to-date: /home/spkmak/vegabot_ws/install/vegabot_description/share/vegabot_description/photos/DeskPortraitC_02.jpg
[3.346s] -- Up-to-date: /home/spkmak/vegabot_ws/install/vegabot_description/share/vegabot_description/photos/DeskPortraitD_02.jpg
[3.346s] -- Up-to-date: /home/spkmak/vegabot_ws/install/vegabot_description/share/vegabot_description/photos/PortraitA_01.jpg
[3.346s] -- Up-to-date: /home/spkmak/vegabot_ws/install/vegabot_description/share/vegabot_description/photos/PortraitE_01.jpg
[3.346s] -- Up-to-date: /home/spkmak/vegabot_ws/install/vegabot_description/share/vegabot_description/photos/PortraitB_02.jpg
[3.346s] -- Up-to-date: /home/spkmak/vegabot_ws/install/vegabot_description/share/vegabot_description/photos/DeskPortraitA_01.jpg
[3.347s] -- Up-to-date: /home/spkmak/vegabot_ws/install/vegabot_description/share/vegabot_description/photos/DeskPortraitB_01.jpg
[3.347s] -- Up-to-date: /home/spkmak/vegabot_ws/install/vegabot_description/share/vegabot_description/photos/DeskPortraitD_01.jpg
[3.347s] -- Up-to-date: /home/spkmak/vegabot_ws/install/vegabot_description/share/vegabot_description/photos/DeskPortraitA_02.jpg
[3.347s] -- Up-to-date: /home/spkmak/vegabot_ws/install/vegabot_description/share/vegabot_description/photos/PortraitE_02.jpg
[3.347s] -- Up-to-date: /home/spkmak/vegabot_ws/install/vegabot_description/share/vegabot_description/photos/DeskPortraitB_02.jpg
[3.347s] -- Up-to-date: /home/spkmak/vegabot_ws/install/vegabot_description/share/vegabot_description/photos/PortraitA_02.jpg
[3.347s] -- Up-to-date: /home/spkmak/vegabot_ws/install/vegabot_description/share/vegabot_description/photos/PortraitB_01.jpg
[3.348s] -- Up-to-date: /home/spkmak/vegabot_ws/install/vegabot_description/share/vegabot_description/photos/PortraitD_01.jpg
[3.348s] -- Up-to-date: /home/spkmak/vegabot_ws/install/vegabot_description/share/vegabot_description/photos/DeskPortraitD_03.jpg
[3.348s] -- Up-to-date: /home/spkmak/vegabot_ws/install/vegabot_description/share/vegabot_description/photos/DeskPortraitD_04.jpg
[3.348s] -- Up-to-date: /home/spkmak/vegabot_ws/install/vegabot_description/share/vegabot_description/photos/PortraitD_02.jpg
[3.348s] -- Up-to-date: /home/spkmak/vegabot_ws/install/vegabot_description/share/vegabot_description/meshes
[3.348s] -- Up-to-date: /home/spkmak/vegabot_ws/install/vegabot_description/share/vegabot_description/meshes/vegabot_base_link.stl
[3.348s] -- Up-to-date: /home/spkmak/vegabot_ws/install/vegabot_description/share/vegabot_description/meshes/vegabot_lidar.stl
[3.348s] -- Up-to-date: /home/spkmak/vegabot_ws/install/vegabot_description/share/vegabot_description/meshes/vegabot_right_wheel.stl
[3.349s] -- Up-to-date: /home/spkmak/vegabot_ws/install/vegabot_description/share/vegabot_description/meshes/rear_left_castor.stl
[3.349s] -- Up-to-date: /home/spkmak/vegabot_ws/install/vegabot_description/share/vegabot_description/meshes/front_left_castor.stl
[3.349s] -- Up-to-date: /home/spkmak/vegabot_ws/install/vegabot_description/share/vegabot_description/meshes/vegabot_camera.stl
[3.349s] -- Up-to-date: /home/spkmak/vegabot_ws/install/vegabot_description/share/vegabot_description/meshes/vegabot_left_wheel.stl
[3.349s] -- Up-to-date: /home/spkmak/vegabot_ws/install/vegabot_description/share/vegabot_description/meshes/rear_right_castor.stl
[3.349s] -- Up-to-date: /home/spkmak/vegabot_ws/install/vegabot_description/share/vegabot_description/meshes/vegabot_toplid.stl
[3.349s] -- Up-to-date: /home/spkmak/vegabot_ws/install/vegabot_description/share/vegabot_description/meshes/vegabot_imu.stl
[3.349s] -- Up-to-date: /home/spkmak/vegabot_ws/install/vegabot_description/share/vegabot_description/meshes/vegabot_dock.stl
[3.350s] -- Up-to-date: /home/spkmak/vegabot_ws/install/vegabot_description/share/vegabot_description/meshes/front_right_castor.stl
[3.350s] -- Up-to-date: /home/spkmak/vegabot_ws/install/vegabot_description/share/vegabot_description/photos
[3.350s] -- Up-to-date: /home/spkmak/vegabot_ws/install/vegabot_description/share/vegabot_description/photos/PortraitB_03.jpg
[3.350s] -- Up-to-date: /home/spkmak/vegabot_ws/install/vegabot_description/share/vegabot_description/photos/PortraitC_01.jpg
[3.350s] -- Up-to-date: /home/spkmak/vegabot_ws/install/vegabot_description/share/vegabot_description/photos/DeskPortraitC_01.jpg
[3.350s] -- Up-to-date: /home/spkmak/vegabot_ws/install/vegabot_description/share/vegabot_description/photos/DeskPortraitC_02.jpg
[3.350s] -- Up-to-date: /home/spkmak/vegabot_ws/install/vegabot_description/share/vegabot_description/photos/DeskPortraitD_02.jpg
[3.351s] -- Up-to-date: /home/spkmak/vegabot_ws/install/vegabot_description/share/vegabot_description/photos/PortraitA_01.jpg
[3.351s] -- Up-to-date: /home/spkmak/vegabot_ws/install/vegabot_description/share/vegabot_description/photos/PortraitE_01.jpg
[3.351s] -- Up-to-date: /home/spkmak/vegabot_ws/install/vegabot_description/share/vegabot_description/photos/PortraitB_02.jpg
[3.351s] -- Up-to-date: /home/spkmak/vegabot_ws/install/vegabot_description/share/vegabot_description/photos/DeskPortraitA_01.jpg
[3.351s] -- Up-to-date: /home/spkmak/vegabot_ws/install/vegabot_description/share/vegabot_description/photos/DeskPortraitB_01.jpg
[3.352s] -- Up-to-date: /home/spkmak/vegabot_ws/install/vegabot_description/share/vegabot_description/photos/DeskPortraitD_01.jpg
[3.352s] -- Up-to-date: /home/spkmak/vegabot_ws/install/vegabot_description/share/vegabot_description/photos/DeskPortraitA_02.jpg
[3.352s] -- Up-to-date: /home/spkmak/vegabot_ws/install/vegabot_description/share/vegabot_description/photos/PortraitE_02.jpg
[3.352s] -- Up-to-date: /home/spkmak/vegabot_ws/install/vegabot_description/share/vegabot_description/photos/DeskPortraitB_02.jpg
[3.352s] -- Up-to-date: /home/spkmak/vegabot_ws/install/vegabot_description/share/vegabot_description/photos/PortraitA_02.jpg
[3.353s] -- Up-to-date: /home/spkmak/vegabot_ws/install/vegabot_description/share/vegabot_description/photos/PortraitB_01.jpg
[3.353s] -- Up-to-date: /home/spkmak/vegabot_ws/install/vegabot_description/share/vegabot_description/photos/PortraitD_01.jpg
[3.353s] -- Up-to-date: /home/spkmak/vegabot_ws/install/vegabot_description/share/vegabot_description/photos/DeskPortraitD_03.jpg
[3.353s] -- Up-to-date: /home/spkmak/vegabot_ws/install/vegabot_description/share/vegabot_description/photos/DeskPortraitD_04.jpg
[3.353s] -- Up-to-date: /home/spkmak/vegabot_ws/install/vegabot_description/share/vegabot_description/photos/PortraitD_02.jpg
[3.354s] -- Up-to-date: /home/spkmak/vegabot_ws/install/vegabot_description/share/vegabot_description/models
[3.354s] -- Up-to-date: /home/spkmak/vegabot_ws/install/vegabot_description/share/vegabot_description/models/aws_robomaker_warehouse_ClutteringC_01
[3.354s] -- Up-to-date: /home/spkmak/vegabot_ws/install/vegabot_description/share/vegabot_description/models/aws_robomaker_warehouse_ClutteringC_01/meshes
[3.354s] -- Up-to-date: /home/spkmak/vegabot_ws/install/vegabot_description/share/vegabot_description/models/aws_robomaker_warehouse_ClutteringC_01/meshes/aws_robomaker_warehouse_ClutteringC_01_visual.DAE
[3.355s] -- Up-to-date: /home/spkmak/vegabot_ws/install/vegabot_description/share/vegabot_description/models/aws_robomaker_warehouse_ClutteringC_01/meshes/aws_robomaker_warehouse_ClutteringC_01_collision.DAE
[3.355s] -- Up-to-date: /home/spkmak/vegabot_ws/install/vegabot_description/share/vegabot_description/models/aws_robomaker_warehouse_ClutteringC_01/model.config
[3.355s] -- Up-to-date: /home/spkmak/vegabot_ws/install/vegabot_description/share/vegabot_description/models/aws_robomaker_warehouse_ClutteringC_01/model.sdf
[3.355s] -- Up-to-date: /home/spkmak/vegabot_ws/install/vegabot_description/share/vegabot_description/models/aws_robomaker_warehouse_ClutteringC_01/materials
[3.356s] -- Up-to-date: /home/spkmak/vegabot_ws/install/vegabot_description/share/vegabot_description/models/aws_robomaker_warehouse_ClutteringC_01/materials/textures
[3.356s] -- Up-to-date: /home/spkmak/vegabot_ws/install/vegabot_description/share/vegabot_description/models/aws_robomaker_warehouse_ClutteringC_01/materials/textures/aws_robomaker_warehouse_ClutteringC_02.png
[3.356s] -- Up-to-date: /home/spkmak/vegabot_ws/install/vegabot_description/share/vegabot_description/models/aws_robomaker_warehouse_ClutteringC_01/materials/textures/aws_robomaker_warehouse_ClutteringC_01.png
[3.356s] -- Up-to-date: /home/spkmak/vegabot_ws/install/vegabot_description/share/vegabot_description/models/aws_robomaker_residential_HouseWallB_01
[3.356s] -- Up-to-date: /home/spkmak/vegabot_ws/install/vegabot_description/share/vegabot_description/models/aws_robomaker_residential_HouseWallB_01/meshes
[3.357s] -- Up-to-date: /home/spkmak/vegabot_ws/install/vegabot_description/share/vegabot_description/models/aws_robomaker_residential_HouseWallB_01/meshes/aws_HouseWallB_01_collision.DAE
[3.357s] -- Up-to-date: /home/spkmak/vegabot_ws/install/vegabot_description/share/vegabot_description/models/aws_robomaker_residential_HouseWallB_01/meshes/aws_HouseWallB_01_visual.DAE
[3.357s] -- Up-to-date: /home/spkmak/vegabot_ws/install/vegabot_description/share/vegabot_description/models/aws_robomaker_residential_HouseWallB_01/model.config
[3.357s] -- Up-to-date: /home/spkmak/vegabot_ws/install/vegabot_description/share/vegabot_description/models/aws_robomaker_residential_HouseWallB_01/model.sdf
[3.358s] -- Up-to-date: /home/spkmak/vegabot_ws/install/vegabot_description/share/vegabot_description/models/aws_robomaker_residential_HouseWallB_01/materials
[3.358s] -- Up-to-date: /home/spkmak/vegabot_ws/install/vegabot_description/share/vegabot_description/models/aws_robomaker_residential_HouseWallB_01/materials/textures
[3.359s] -- Up-to-date: /home/spkmak/vegabot_ws/install/vegabot_description/share/vegabot_description/models/aws_robomaker_residential_HouseWallB_01/materials/textures/aws_HouseWallB_01.png
[3.359s] -- Up-to-date: /home/spkmak/vegabot_ws/install/vegabot_description/share/vegabot_description/models/aws_robomaker_residential_DeskPortraitD_02
[3.359s] -- Up-to-date: /home/spkmak/vegabot_ws/install/vegabot_description/share/vegabot_description/models/aws_robomaker_residential_DeskPortraitD_02/meshes
[3.360s] -- Up-to-date: /home/spkmak/vegabot_ws/install/vegabot_description/share/vegabot_description/models/aws_robomaker_residential_DeskPortraitD_02/meshes/aws_DeskPortraitD_01_collision.DAE
[3.360s] -- Up-to-date: /home/spkmak/vegabot_ws/install/vegabot_description/share/vegabot_description/models/aws_robomaker_residential_DeskPortraitD_02/meshes/aws_DeskPortraitD_01_visual.DAE
[3.360s] -- Up-to-date: /home/spkmak/vegabot_ws/install/vegabot_description/share/vegabot_description/models/aws_robomaker_residential_DeskPortraitD_02/model.config
[3.360s] -- Up-to-date: /home/spkmak/vegabot_ws/install/vegabot_description/share/vegabot_description/models/aws_robomaker_residential_DeskPortraitD_02/model.sdf
[3.361s] -- Up-to-date: /home/spkmak/vegabot_ws/install/vegabot_description/share/vegabot_description/models/aws_robomaker_residential_DeskPortraitD_02/materials
[3.361s] -- Up-to-date: /home/spkmak/vegabot_ws/install/vegabot_description/share/vegabot_description/models/aws_robomaker_residential_DeskPortraitD_02/materials/textures
[3.361s] -- Up-to-date: /home/spkmak/vegabot_ws/install/vegabot_description/share/vegabot_description/models/aws_robomaker_residential_DeskPortraitD_02/materials/textures/aws_DeskPortraitD_02.png
[3.361s] -- Up-to-date: /home/spkmak/vegabot_ws/install/vegabot_description/share/vegabot_description/models/aws_robomaker_residential_DeskPortraitD_02/materials/textures/aws_DeskPortraitD_01.png
[3.361s] -- Up-to-date: /home/spkmak/vegabot_ws/install/vegabot_description/share/vegabot_description/models/aws_robomaker_residential_FitnessEquipment_01
[3.361s] -- Up-to-date: /home/spkmak/vegabot_ws/install/vegabot_description/share/vegabot_description/models/aws_robomaker_residential_FitnessEquipment_01/meshes
[3.361s] -- Up-to-date: /home/spkmak/vegabot_ws/install/vegabot_description/share/vegabot_description/models/aws_robomaker_residential_FitnessEquipment_01/meshes/aws_FitnessEquipment_01_visual.DAE
[3.362s] -- Up-to-date: /home/spkmak/vegabot_ws/install/vegabot_description/share/vegabot_description/models/aws_robomaker_residential_FitnessEquipment_01/meshes/aws_FitnessEquipment_01_collision.DAE
[3.362s] -- Up-to-date: /home/spkmak/vegabot_ws/install/vegabot_description/share/vegabot_description/models/aws_robomaker_residential_FitnessEquipment_01/model.config
[3.362s] -- Up-to-date: /home/spkmak/vegabot_ws/install/vegabot_description/share/vegabot_description/models/aws_robomaker_residential_FitnessEquipment_01/model.sdf
[3.362s] -- Up-to-date: /home/spkmak/vegabot_ws/install/vegabot_description/share/vegabot_description/models/aws_robomaker_residential_FitnessEquipment_01/materials
[3.362s] -- Up-to-date: /home/spkmak/vegabot_ws/install/vegabot_description/share/vegabot_description/models/aws_robomaker_residential_FitnessEquipment_01/materials/textures
[3.362s] -- Up-to-date: /home/spkmak/vegabot_ws/install/vegabot_description/share/vegabot_description/models/aws_robomaker_residential_FitnessEquipment_01/materials/textures/aws_FitnessEquipment_01.png
[3.362s] -- Up-to-date: /home/spkmak/vegabot_ws/install/vegabot_description/share/vegabot_description/models/aws_robomaker_residential_Curtain_01
[3.363s] -- Up-to-date: /home/spkmak/vegabot_ws/install/vegabot_description/share/vegabot_description/models/aws_robomaker_residential_Curtain_01/meshes
[3.363s] -- Up-to-date: /home/spkmak/vegabot_ws/install/vegabot_description/share/vegabot_description/models/aws_robomaker_residential_Curtain_01/meshes/aws_Curtain_01_visual.DAE
[3.363s] -- Up-to-date: /home/spkmak/vegabot_ws/install/vegabot_description/share/vegabot_description/models/aws_robomaker_residential_Curtain_01/meshes/aws_Curtain_01_collision.DAE
[3.363s] -- Up-to-date: /home/spkmak/vegabot_ws/install/vegabot_description/share/vegabot_description/models/aws_robomaker_residential_Curtain_01/model.config
[3.363s] -- Up-to-date: /home/spkmak/vegabot_ws/install/vegabot_description/share/vegabot_description/models/aws_robomaker_residential_Curtain_01/model.sdf
[3.363s] -- Up-to-date: /home/spkmak/vegabot_ws/install/vegabot_description/share/vegabot_description/models/aws_robomaker_residential_Curtain_01/materials
[3.363s] -- Up-to-date: /home/spkmak/vegabot_ws/install/vegabot_description/share/vegabot_description/models/aws_robomaker_residential_Curtain_01/materials/textures
[3.364s] -- Up-to-date: /home/spkmak/vegabot_ws/install/vegabot_description/share/vegabot_description/models/aws_robomaker_residential_Curtain_01/materials/textures/aws_Curtain_01.png
[3.364s] -- Up-to-date: /home/spkmak/vegabot_ws/install/vegabot_description/share/vegabot_description/models/aws_robomaker_residential_TV_01
[3.364s] -- Up-to-date: /home/spkmak/vegabot_ws/install/vegabot_description/share/vegabot_description/models/aws_robomaker_residential_TV_01/meshes
[3.364s] -- Up-to-date: /home/spkmak/vegabot_ws/install/vegabot_description/share/vegabot_description/models/aws_robomaker_residential_TV_01/meshes/aws_TV_01_visual.DAE
[3.364s] -- Up-to-date: /home/spkmak/vegabot_ws/install/vegabot_description/share/vegabot_description/models/aws_robomaker_residential_TV_01/meshes/aws_TV_01_collision.DAE
[3.364s] -- Up-to-date: /home/spkmak/vegabot_ws/install/vegabot_description/share/vegabot_description/models/aws_robomaker_residential_TV_01/model.config
[3.364s] -- Up-to-date: /home/spkmak/vegabot_ws/install/vegabot_description/share/vegabot_description/models/aws_robomaker_residential_TV_01/model.sdf
[3.365s] -- Up-to-date: /home/spkmak/vegabot_ws/install/vegabot_description/share/vegabot_description/models/aws_robomaker_residential_TV_01/materials
[3.365s] -- Up-to-date: /home/spkmak/vegabot_ws/install/vegabot_description/share/vegabot_description/models/aws_robomaker_residential_TV_01/materials/textures
[3.365s] -- Up-to-date: /home/spkmak/vegabot_ws/install/vegabot_description/share/vegabot_description/models/aws_robomaker_residential_TV_01/materials/textures/aws_TV_01.png
[3.365s] -- Up-to-date: /home/spkmak/vegabot_ws/install/vegabot_description/share/vegabot_description/models/aws_robomaker_residential_PortraitB_03
[3.365s] -- Up-to-date: /home/spkmak/vegabot_ws/install/vegabot_description/share/vegabot_description/models/aws_robomaker_residential_PortraitB_03/meshes
[3.365s] -- Up-to-date: /home/spkmak/vegabot_ws/install/vegabot_description/share/vegabot_description/models/aws_robomaker_residential_PortraitB_03/meshes/aws_PortraitB_01_collision.DAE
[3.365s] -- Up-to-date: /home/spkmak/vegabot_ws/install/vegabot_description/share/vegabot_description/models/aws_robomaker_residential_PortraitB_03/meshes/aws_PortraitB_01_visual.DAE
[3.365s] -- Up-to-date: /home/spkmak/vegabot_ws/install/vegabot_description/share/vegabot_description/models/aws_robomaker_residential_PortraitB_03/model.config
[3.366s] -- Up-to-date: /home/spkmak/vegabot_ws/install/vegabot_description/share/vegabot_description/models/aws_robomaker_residential_PortraitB_03/model.sdf
[3.366s] -- Up-to-date: /home/spkmak/vegabot_ws/install/vegabot_description/share/vegabot_description/models/aws_robomaker_residential_PortraitB_03/materials
[3.366s] -- Up-to-date: /home/spkmak/vegabot_ws/install/vegabot_description/share/vegabot_description/models/aws_robomaker_residential_PortraitB_03/materials/textures
[3.366s] -- Up-to-date: /home/spkmak/vegabot_ws/install/vegabot_description/share/vegabot_description/models/aws_robomaker_residential_PortraitB_03/materials/textures/aws_PortraitB_02.png
[3.366s] -- Up-to-date: /home/spkmak/vegabot_ws/install/vegabot_description/share/vegabot_description/models/aws_robomaker_residential_PortraitB_03/materials/textures/aws_PortraitB_01.png
[3.366s] -- Up-to-date: /home/spkmak/vegabot_ws/install/vegabot_description/share/vegabot_description/models/aws_robomaker_residential_AirconditionerA_01
[3.366s] -- Up-to-date: /home/spkmak/vegabot_ws/install/vegabot_description/share/vegabot_description/models/aws_robomaker_residential_AirconditionerA_01/meshes
[3.367s] -- Up-to-date: /home/spkmak/vegabot_ws/install/vegabot_description/share/vegabot_description/models/aws_robomaker_residential_AirconditionerA_01/meshes/aws_AirconditionerA_01_visual.DAE
[3.367s] -- Up-to-date: /home/spkmak/vegabot_ws/install/vegabot_description/share/vegabot_description/models/aws_robomaker_residential_AirconditionerA_01/meshes/aws__Air conditioner_01.DAE
[3.367s] -- Up-to-date: /home/spkmak/vegabot_ws/install/vegabot_description/share/vegabot_description/models/aws_robomaker_residential_AirconditionerA_01/meshes/aws_AirconditionerA_01_collision.DAE
[3.367s] -- Up-to-date: /home/spkmak/vegabot_ws/install/vegabot_description/share/vegabot_description/models/aws_robomaker_residential_AirconditionerA_01/model.config
[3.367s] -- Up-to-date: /home/spkmak/vegabot_ws/install/vegabot_description/share/vegabot_description/models/aws_robomaker_residential_AirconditionerA_01/model.sdf
[3.367s] -- Up-to-date: /home/spkmak/vegabot_ws/install/vegabot_description/share/vegabot_description/models/aws_robomaker_residential_AirconditionerA_01/materials
[3.368s] -- Up-to-date: /home/spkmak/vegabot_ws/install/vegabot_description/share/vegabot_description/models/aws_robomaker_residential_AirconditionerA_01/materials/textures
[3.368s] -- Up-to-date: /home/spkmak/vegabot_ws/install/vegabot_description/share/vegabot_description/models/aws_robomaker_residential_AirconditionerA_01/materials/textures/aws_AirconditionerA_01.png
[3.368s] -- Up-to-date: /home/spkmak/vegabot_ws/install/vegabot_description/share/vegabot_description/models/aws_robomaker_residential_KitchenCabinet_01
[3.368s] -- Up-to-date: /home/spkmak/vegabot_ws/install/vegabot_description/share/vegabot_description/models/aws_robomaker_residential_KitchenCabinet_01/meshes
[3.369s] -- Up-to-date: /home/spkmak/vegabot_ws/install/vegabot_description/share/vegabot_description/models/aws_robomaker_residential_KitchenCabinet_01/meshes/aws_KitchenCabinet_01_collision.DAE
[3.369s] -- Up-to-date: /home/spkmak/vegabot_ws/install/vegabot_description/share/vegabot_description/models/aws_robomaker_residential_KitchenCabinet_01/meshes/aws_KitchenCabinet_01_visual.DAE
[3.369s] -- Up-to-date: /home/spkmak/vegabot_ws/install/vegabot_description/share/vegabot_description/models/aws_robomaker_residential_KitchenCabinet_01/model.config
[3.369s] -- Up-to-date: /home/spkmak/vegabot_ws/install/vegabot_description/share/vegabot_description/models/aws_robomaker_residential_KitchenCabinet_01/model.sdf
[3.369s] -- Up-to-date: /home/spkmak/vegabot_ws/install/vegabot_description/share/vegabot_description/models/aws_robomaker_residential_KitchenCabinet_01/materials
[3.370s] -- Up-to-date: /home/spkmak/vegabot_ws/install/vegabot_description/share/vegabot_description/models/aws_robomaker_residential_KitchenCabinet_01/materials/textures
[3.370s] -- Up-to-date: /home/spkmak/vegabot_ws/install/vegabot_description/share/vegabot_description/models/aws_robomaker_residential_KitchenCabinet_01/materials/textures/aws_KitchenCabinet_01.png
[3.370s] -- Up-to-date: /home/spkmak/vegabot_ws/install/vegabot_description/share/vegabot_description/models/aws_robomaker_residential_Ball_01
[3.371s] -- Up-to-date: /home/spkmak/vegabot_ws/install/vegabot_description/share/vegabot_description/models/aws_robomaker_residential_Ball_01/meshes
[3.371s] -- Up-to-date: /home/spkmak/vegabot_ws/install/vegabot_description/share/vegabot_description/models/aws_robomaker_residential_Ball_01/meshes/aws_Ball_01_collision.DAE
[3.372s] -- Up-to-date: /home/spkmak/vegabot_ws/install/vegabot_description/share/vegabot_description/models/aws_robomaker_residential_Ball_01/meshes/aws_Ball_01_visual.DAE
[3.372s] -- Up-to-date: /home/spkmak/vegabot_ws/install/vegabot_description/share/vegabot_description/models/aws_robomaker_residential_Ball_01/model.config
[3.372s] -- Up-to-date: /home/spkmak/vegabot_ws/install/vegabot_description/share/vegabot_description/models/aws_robomaker_residential_Ball_01/model.sdf
[3.372s] -- Up-to-date: /home/spkmak/vegabot_ws/install/vegabot_description/share/vegabot_description/models/aws_robomaker_residential_Ball_01/materials
[3.373s] -- Up-to-date: /home/spkmak/vegabot_ws/install/vegabot_description/share/vegabot_description/models/aws_robomaker_residential_Ball_01/materials/textures
[3.373s] -- Up-to-date: /home/spkmak/vegabot_ws/install/vegabot_description/share/vegabot_description/models/aws_robomaker_residential_Ball_01/materials/textures/aws_Ball_01.png
[3.373s] -- Up-to-date: /home/spkmak/vegabot_ws/install/vegabot_description/share/vegabot_description/models/aws_robomaker_residential_ChairD_01
[3.373s] -- Up-to-date: /home/spkmak/vegabot_ws/install/vegabot_description/share/vegabot_description/models/aws_robomaker_residential_ChairD_01/meshes
[3.373s] -- Up-to-date: /home/spkmak/vegabot_ws/install/vegabot_description/share/vegabot_description/models/aws_robomaker_residential_ChairD_01/meshes/aws_ChairD_01_collision.DAE
[3.374s] -- Up-to-date: /home/spkmak/vegabot_ws/install/vegabot_description/share/vegabot_description/models/aws_robomaker_residential_ChairD_01/meshes/aws_ChairD_01_visual.DAE
[3.374s] -- Up-to-date: /home/spkmak/vegabot_ws/install/vegabot_description/share/vegabot_description/models/aws_robomaker_residential_ChairD_01/model.config
[3.374s] -- Up-to-date: /home/spkmak/vegabot_ws/install/vegabot_description/share/vegabot_description/models/aws_robomaker_residential_ChairD_01/model.sdf
[3.374s] -- Up-to-date: /home/spkmak/vegabot_ws/install/vegabot_description/share/vegabot_description/models/aws_robomaker_residential_ChairD_01/materials
[3.375s] -- Up-to-date: /home/spkmak/vegabot_ws/install/vegabot_description/share/vegabot_description/models/aws_robomaker_residential_ChairD_01/materials/textures
[3.375s] -- Up-to-date: /home/spkmak/vegabot_ws/install/vegabot_description/share/vegabot_description/models/aws_robomaker_residential_ChairD_01/materials/textures/aws_ChairD_01.png
[3.375s] -- Up-to-date: /home/spkmak/vegabot_ws/install/vegabot_description/share/vegabot_description/models/marker0
[3.375s] -- Up-to-date: /home/spkmak/vegabot_ws/install/vegabot_description/share/vegabot_description/models/marker0/meshes
[3.376s] -- Up-to-date: /home/spkmak/vegabot_ws/install/vegabot_description/share/vegabot_description/models/marker0/meshes/Marker0.dae
[3.376s] -- Up-to-date: /home/spkmak/vegabot_ws/install/vegabot_description/share/vegabot_description/models/marker0/model.config
[3.376s] -- Up-to-date: /home/spkmak/vegabot_ws/install/vegabot_description/share/vegabot_description/models/marker0/model.sdf
[3.376s] -- Up-to-date: /home/spkmak/vegabot_ws/install/vegabot_description/share/vegabot_description/models/marker0/materials
[3.376s] -- Up-to-date: /home/spkmak/vegabot_ws/install/vegabot_description/share/vegabot_description/models/marker0/materials/textures
[3.377s] -- Up-to-date: /home/spkmak/vegabot_ws/install/vegabot_description/share/vegabot_description/models/marker0/materials/textures/Marker0.png
[3.377s] -- Up-to-date: /home/spkmak/vegabot_ws/install/vegabot_description/share/vegabot_description/models/aws_robomaker_residential_Handle_01
[3.377s] -- Up-to-date: /home/spkmak/vegabot_ws/install/vegabot_description/share/vegabot_description/models/aws_robomaker_residential_Handle_01/meshes
[3.377s] -- Up-to-date: /home/spkmak/vegabot_ws/install/vegabot_description/share/vegabot_description/models/aws_robomaker_residential_Handle_01/meshes/aws_Handle_01_visual.DAE
[3.377s] -- Up-to-date: /home/spkmak/vegabot_ws/install/vegabot_description/share/vegabot_description/models/aws_robomaker_residential_Handle_01/meshes/aws_ handle_01_collision.DAE
[3.378s] -- Up-to-date: /home/spkmak/vegabot_ws/install/vegabot_description/share/vegabot_description/models/aws_robomaker_residential_Handle_01/meshes/aws_Handle_01_collision.DAE
[3.378s] -- Up-to-date: /home/spkmak/vegabot_ws/install/vegabot_description/share/vegabot_description/models/aws_robomaker_residential_Handle_01/model.config
[3.378s] -- Up-to-date: /home/spkmak/vegabot_ws/install/vegabot_description/share/vegabot_description/models/aws_robomaker_residential_Handle_01/model.sdf
[3.378s] -- Up-to-date: /home/spkmak/vegabot_ws/install/vegabot_description/share/vegabot_description/models/aws_robomaker_residential_Handle_01/materials
[3.378s] -- Up-to-date: /home/spkmak/vegabot_ws/install/vegabot_description/share/vegabot_description/models/aws_robomaker_residential_Handle_01/materials/textures
[3.379s] -- Up-to-date: /home/spkmak/vegabot_ws/install/vegabot_description/share/vegabot_description/models/aws_robomaker_residential_Handle_01/materials/textures/aws_Handle_01.png
[3.379s] -- Up-to-date: /home/spkmak/vegabot_ws/install/vegabot_description/share/vegabot_description/models/aws_robomaker_residential_PortraitE_01
[3.379s] -- Up-to-date: /home/spkmak/vegabot_ws/install/vegabot_description/share/vegabot_description/models/aws_robomaker_residential_PortraitE_01/meshes
[3.379s] -- Up-to-date: /home/spkmak/vegabot_ws/install/vegabot_description/share/vegabot_description/models/aws_robomaker_residential_PortraitE_01/meshes/aws_PortraitE_01_collision.DAE
[3.380s] -- Up-to-date: /home/spkmak/vegabot_ws/install/vegabot_description/share/vegabot_description/models/aws_robomaker_residential_PortraitE_01/meshes/aws_PortraitE_01_visual.DAE
[3.380s] -- Up-to-date: /home/spkmak/vegabot_ws/install/vegabot_description/share/vegabot_description/models/aws_robomaker_residential_PortraitE_01/model.config
[3.380s] -- Up-to-date: /home/spkmak/vegabot_ws/install/vegabot_description/share/vegabot_description/models/aws_robomaker_residential_PortraitE_01/model.sdf
[3.380s] -- Up-to-date: /home/spkmak/vegabot_ws/install/vegabot_description/share/vegabot_description/models/aws_robomaker_residential_PortraitE_01/materials
[3.380s] -- Up-to-date: /home/spkmak/vegabot_ws/install/vegabot_description/share/vegabot_description/models/aws_robomaker_residential_PortraitE_01/materials/textures
[3.380s] -- Up-to-date: /home/spkmak/vegabot_ws/install/vegabot_description/share/vegabot_description/models/aws_robomaker_residential_PortraitE_01/materials/textures/aws_PortraitE_01.png
[3.380s] -- Up-to-date: /home/spkmak/vegabot_ws/install/vegabot_description/share/vegabot_description/models/aws_robomaker_residential_PortraitE_01/materials/textures/aws_PortraitE_02.png
[3.381s] -- Up-to-date: /home/spkmak/vegabot_ws/install/vegabot_description/share/vegabot_description/models/aws_robomaker_residential_Refrigerator_01
[3.381s] -- Up-to-date: /home/spkmak/vegabot_ws/install/vegabot_description/share/vegabot_description/models/aws_robomaker_residential_Refrigerator_01/meshes
[3.381s] -- Up-to-date: /home/spkmak/vegabot_ws/install/vegabot_description/share/vegabot_description/models/aws_robomaker_residential_Refrigerator_01/meshes/aws_Refrigerator_01_visual.DAE
[3.381s] -- Up-to-date: /home/spkmak/vegabot_ws/install/vegabot_description/share/vegabot_description/models/aws_robomaker_residential_Refrigerator_01/meshes/aws_Refrigerator_01_collision.DAE
[3.381s] -- Up-to-date: /home/spkmak/vegabot_ws/install/vegabot_description/share/vegabot_description/models/aws_robomaker_residential_Refrigerator_01/meshes/aws_Refrigerator_01.DAE
[3.381s] -- Up-to-date: /home/spkmak/vegabot_ws/install/vegabot_description/share/vegabot_description/models/aws_robomaker_residential_Refrigerator_01/model.config
[3.382s] -- Up-to-date: /home/spkmak/vegabot_ws/install/vegabot_description/share/vegabot_description/models/aws_robomaker_residential_Refrigerator_01/model.sdf
[3.382s] -- Up-to-date: /home/spkmak/vegabot_ws/install/vegabot_description/share/vegabot_description/models/aws_robomaker_residential_Refrigerator_01/materials
[3.382s] -- Up-to-date: /home/spkmak/vegabot_ws/install/vegabot_description/share/vegabot_description/models/aws_robomaker_residential_Refrigerator_01/materials/textures
[3.382s] -- Up-to-date: /home/spkmak/vegabot_ws/install/vegabot_description/share/vegabot_description/models/aws_robomaker_residential_Refrigerator_01/materials/textures/aws_Refrigerator_02.png
[3.382s] -- Up-to-date: /home/spkmak/vegabot_ws/install/vegabot_description/share/vegabot_description/models/aws_robomaker_residential_Refrigerator_01/materials/textures/aws_Refrigerator_01.png
[3.382s] -- Up-to-date: /home/spkmak/vegabot_ws/install/vegabot_description/share/vegabot_description/models/aws_robomaker_residential_TV_02
[3.382s] -- Up-to-date: /home/spkmak/vegabot_ws/install/vegabot_description/share/vegabot_description/models/aws_robomaker_residential_TV_02/meshes
[3.382s] -- Up-to-date: /home/spkmak/vegabot_ws/install/vegabot_description/share/vegabot_description/models/aws_robomaker_residential_TV_02/meshes/aws_TV_01_visual.DAE
[3.383s] -- Up-to-date: /home/spkmak/vegabot_ws/install/vegabot_description/share/vegabot_description/models/aws_robomaker_residential_TV_02/meshes/aws_TV_01_collision.DAE
[3.383s] -- Up-to-date: /home/spkmak/vegabot_ws/install/vegabot_description/share/vegabot_description/models/aws_robomaker_residential_TV_02/model.config
[3.383s] -- Up-to-date: /home/spkmak/vegabot_ws/install/vegabot_description/share/vegabot_description/models/aws_robomaker_residential_TV_02/model.sdf
[3.383s] -- Up-to-date: /home/spkmak/vegabot_ws/install/vegabot_description/share/vegabot_description/models/aws_robomaker_residential_TV_02/materials
[3.383s] -- Up-to-date: /home/spkmak/vegabot_ws/install/vegabot_description/share/vegabot_description/models/aws_robomaker_residential_TV_02/materials/textures
[3.383s] -- Up-to-date: /home/spkmak/vegabot_ws/install/vegabot_description/share/vegabot_description/models/aws_robomaker_residential_TV_02/materials/textures/aws_TV_01.png
[3.384s] -- Up-to-date: /home/spkmak/vegabot_ws/install/vegabot_description/share/vegabot_description/models/aws_robomaker_residential_FoldingDoor_01
[3.384s] -- Up-to-date: /home/spkmak/vegabot_ws/install/vegabot_description/share/vegabot_description/models/aws_robomaker_residential_FoldingDoor_01/meshes
[3.384s] -- Up-to-date: /home/spkmak/vegabot_ws/install/vegabot_description/share/vegabot_description/models/aws_robomaker_residential_FoldingDoor_01/meshes/aws_FoldingDoor_01_visual.DAE
[3.384s] -- Up-to-date: /home/spkmak/vegabot_ws/install/vegabot_description/share/vegabot_description/models/aws_robomaker_residential_FoldingDoor_01/meshes/aws_FoldingDoor_01_collision.DAE
[3.384s] -- Up-to-date: /home/spkmak/vegabot_ws/install/vegabot_description/share/vegabot_description/models/aws_robomaker_residential_FoldingDoor_01/model.config
[3.384s] -- Up-to-date: /home/spkmak/vegabot_ws/install/vegabot_description/share/vegabot_description/models/aws_robomaker_residential_FoldingDoor_01/model.sdf
[3.384s] -- Up-to-date: /home/spkmak/vegabot_ws/install/vegabot_description/share/vegabot_description/models/aws_robomaker_residential_FoldingDoor_01/materials
[3.384s] -- Up-to-date: /home/spkmak/vegabot_ws/install/vegabot_description/share/vegabot_description/models/aws_robomaker_residential_FoldingDoor_01/materials/textures
[3.385s] -- Up-to-date: /home/spkmak/vegabot_ws/install/vegabot_description/share/vegabot_description/models/aws_robomaker_residential_FoldingDoor_01/materials/textures/aws_FoldingDoor_01.png
[3.385s] -- Up-to-date: /home/spkmak/vegabot_ws/install/vegabot_description/share/vegabot_description/models/aws_robomaker_warehouse_Bucket_01
[3.385s] -- Up-to-date: /home/spkmak/vegabot_ws/install/vegabot_description/share/vegabot_description/models/aws_robomaker_warehouse_Bucket_01/meshes
[3.385s] -- Up-to-date: /home/spkmak/vegabot_ws/install/vegabot_description/share/vegabot_description/models/aws_robomaker_warehouse_Bucket_01/meshes/aws_robomaker_warehouse_Bucket_01_collision.DAE
[3.385s] -- Up-to-date: /home/spkmak/vegabot_ws/install/vegabot_description/share/vegabot_description/models/aws_robomaker_warehouse_Bucket_01/meshes/aws_robomaker_warehouse_Bucket_01_visual.DAE
[3.385s] -- Up-to-date: /home/spkmak/vegabot_ws/install/vegabot_description/share/vegabot_description/models/aws_robomaker_warehouse_Bucket_01/model.config
[3.386s] -- Up-to-date: /home/spkmak/vegabot_ws/install/vegabot_description/share/vegabot_description/models/aws_robomaker_warehouse_Bucket_01/model.sdf
[3.386s] -- Up-to-date: /home/spkmak/vegabot_ws/install/vegabot_description/share/vegabot_description/models/aws_robomaker_warehouse_Bucket_01/.DS_Store
[3.386s] -- Up-to-date: /home/spkmak/vegabot_ws/install/vegabot_description/share/vegabot_description/models/aws_robomaker_warehouse_Bucket_01/materials
[3.386s] -- Up-to-date: /home/spkmak/vegabot_ws/install/vegabot_description/share/vegabot_description/models/aws_robomaker_warehouse_Bucket_01/materials/textures
[3.386s] -- Up-to-date: /home/spkmak/vegabot_ws/install/vegabot_description/share/vegabot_description/models/aws_robomaker_warehouse_Bucket_01/materials/textures/aws_robomaker_warehouse_Bucket_01.png
[3.386s] -- Up-to-date: /home/spkmak/vegabot_ws/install/vegabot_description/share/vegabot_description/models/aws_robomaker_warehouse_Bucket_01/materials/.DS_Store
[3.386s] -- Up-to-date: /home/spkmak/vegabot_ws/install/vegabot_description/share/vegabot_description/models/aws_robomaker_residential_Board_01
[3.387s] -- Up-to-date: /home/spkmak/vegabot_ws/install/vegabot_description/share/vegabot_description/models/aws_robomaker_residential_Board_01/meshes
[3.387s] -- Up-to-date: /home/spkmak/vegabot_ws/install/vegabot_description/share/vegabot_description/models/aws_robomaker_residential_Board_01/meshes/aws_Board_01_visual.DAE
[3.387s] -- Up-to-date: /home/spkmak/vegabot_ws/install/vegabot_description/share/vegabot_description/models/aws_robomaker_residential_Board_01/meshes/aws_Board_01_collision.DAE
[3.387s] -- Up-to-date: /home/spkmak/vegabot_ws/install/vegabot_description/share/vegabot_description/models/aws_robomaker_residential_Board_01/model.config
[3.387s] -- Up-to-date: /home/spkmak/vegabot_ws/install/vegabot_description/share/vegabot_description/models/aws_robomaker_residential_Board_01/model.sdf
[3.387s] -- Up-to-date: /home/spkmak/vegabot_ws/install/vegabot_description/share/vegabot_description/models/aws_robomaker_residential_Board_01/materials
[3.388s] -- Up-to-date: /home/spkmak/vegabot_ws/install/vegabot_description/share/vegabot_description/models/aws_robomaker_residential_Board_01/materials/textures
[3.388s] -- Up-to-date: /home/spkmak/vegabot_ws/install/vegabot_description/share/vegabot_description/models/aws_robomaker_residential_Board_01/materials/textures/aws_Board_01.png
[3.388s] -- Up-to-date: /home/spkmak/vegabot_ws/install/vegabot_description/share/vegabot_description/models/aws_robomaker_warehouse_DeskC_01
[3.389s] -- Up-to-date: /home/spkmak/vegabot_ws/install/vegabot_description/share/vegabot_description/models/aws_robomaker_warehouse_DeskC_01/meshes
[3.389s] -- Up-to-date: /home/spkmak/vegabot_ws/install/vegabot_description/share/vegabot_description/models/aws_robomaker_warehouse_DeskC_01/meshes/aws_robomaker_warehouse_DeskC_01_visual.DAE
[3.389s] -- Up-to-date: /home/spkmak/vegabot_ws/install/vegabot_description/share/vegabot_description/models/aws_robomaker_warehouse_DeskC_01/meshes/aws_robomaker_warehouse_DeskC_01_collision.DAE
[3.390s] -- Up-to-date: /home/spkmak/vegabot_ws/install/vegabot_description/share/vegabot_description/models/aws_robomaker_warehouse_DeskC_01/model.config
[3.390s] -- Up-to-date: /home/spkmak/vegabot_ws/install/vegabot_description/share/vegabot_description/models/aws_robomaker_warehouse_DeskC_01/model.sdf
[3.390s] -- Up-to-date: /home/spkmak/vegabot_ws/install/vegabot_description/share/vegabot_description/models/aws_robomaker_warehouse_DeskC_01/materials
[3.390s] -- Up-to-date: /home/spkmak/vegabot_ws/install/vegabot_description/share/vegabot_description/models/aws_robomaker_warehouse_DeskC_01/materials/textures
[3.391s] -- Up-to-date: /home/spkmak/vegabot_ws/install/vegabot_description/share/vegabot_description/models/aws_robomaker_warehouse_DeskC_01/materials/textures/aws_robomaker_warehouse_DeskC_04.png
[3.391s] -- Up-to-date: /home/spkmak/vegabot_ws/install/vegabot_description/share/vegabot_description/models/aws_robomaker_warehouse_DeskC_01/materials/textures/aws_robomaker_warehouse_DeskC_02.png
[3.391s] -- Up-to-date: /home/spkmak/vegabot_ws/install/vegabot_description/share/vegabot_description/models/aws_robomaker_warehouse_DeskC_01/materials/textures/aws_robomaker_warehouse_DeskC_03.psd
[3.391s] -- Up-to-date: /home/spkmak/vegabot_ws/install/vegabot_description/share/vegabot_description/models/aws_robomaker_warehouse_DeskC_01/materials/textures/aws_robomaker_warehouse_DeskC_03.png
[3.391s] -- Up-to-date: /home/spkmak/vegabot_ws/install/vegabot_description/share/vegabot_description/models/aws_robomaker_warehouse_DeskC_01/materials/textures/aws_robomaker_warehouse_DeskC_01.png
[3.392s] -- Up-to-date: /home/spkmak/vegabot_ws/install/vegabot_description/share/vegabot_description/models/aws_robomaker_warehouse_DeskC_01/materials/.DS_Store
[3.392s] -- Up-to-date: /home/spkmak/vegabot_ws/install/vegabot_description/share/vegabot_description/models/aws_robomaker_residential_RoomWall_01
[3.392s] -- Up-to-date: /home/spkmak/vegabot_ws/install/vegabot_description/share/vegabot_description/models/aws_robomaker_residential_RoomWall_01/meshes
[3.392s] -- Up-to-date: /home/spkmak/vegabot_ws/install/vegabot_description/share/vegabot_description/models/aws_robomaker_residential_RoomWall_01/meshes/aws_RoomWall_01_visual.DAE
[3.392s] -- Up-to-date: /home/spkmak/vegabot_ws/install/vegabot_description/share/vegabot_description/models/aws_robomaker_residential_RoomWall_01/meshes/aws_RoomWall_01_collision.DAE
[3.393s] -- Up-to-date: /home/spkmak/vegabot_ws/install/vegabot_description/share/vegabot_description/models/aws_robomaker_residential_RoomWall_01/model.config
[3.393s] -- Up-to-date: /home/spkmak/vegabot_ws/install/vegabot_description/share/vegabot_description/models/aws_robomaker_residential_RoomWall_01/model.sdf
[3.393s] -- Up-to-date: /home/spkmak/vegabot_ws/install/vegabot_description/share/vegabot_description/models/aws_robomaker_residential_RoomWall_01/materials
[3.393s] -- Up-to-date: /home/spkmak/vegabot_ws/install/vegabot_description/share/vegabot_description/models/aws_robomaker_residential_RoomWall_01/materials/textures
[3.394s] -- Up-to-date: /home/spkmak/vegabot_ws/install/vegabot_description/share/vegabot_description/models/aws_robomaker_residential_RoomWall_01/materials/textures/aws_RoomWall_01.png
[3.394s] -- Up-to-date: /home/spkmak/vegabot_ws/install/vegabot_description/share/vegabot_description/models/maze_walls
[3.394s] -- Up-to-date: /home/spkmak/vegabot_ws/install/vegabot_description/share/vegabot_description/models/maze_walls/meshes
[3.394s] -- Up-to-date: /home/spkmak/vegabot_ws/install/vegabot_description/share/vegabot_description/models/maze_walls/meshes/maze_walls.dae
[3.394s] -- Up-to-date: /home/spkmak/vegabot_ws/install/vegabot_description/share/vegabot_description/models/maze_walls/model.config
[3.395s] -- Up-to-date: /home/spkmak/vegabot_ws/install/vegabot_description/share/vegabot_description/models/maze_walls/model.sdf
[3.395s] -- Up-to-date: /home/spkmak/vegabot_ws/install/vegabot_description/share/vegabot_description/models/aws_robomaker_residential_LightC_01
[3.395s] -- Up-to-date: /home/spkmak/vegabot_ws/install/vegabot_description/share/vegabot_description/models/aws_robomaker_residential_LightC_01/meshes
[3.395s] -- Up-to-date: /home/spkmak/vegabot_ws/install/vegabot_description/share/vegabot_description/models/aws_robomaker_residential_LightC_01/meshes/aws_LightC_01_visual.DAE
[3.396s] -- Up-to-date: /home/spkmak/vegabot_ws/install/vegabot_description/share/vegabot_description/models/aws_robomaker_residential_LightC_01/meshes/aws_LightC_01_collision.DAE
[3.396s] -- Up-to-date: /home/spkmak/vegabot_ws/install/vegabot_description/share/vegabot_description/models/aws_robomaker_residential_LightC_01/model.config
[3.396s] -- Up-to-date: /home/spkmak/vegabot_ws/install/vegabot_description/share/vegabot_description/models/aws_robomaker_residential_LightC_01/model.sdf
[3.396s] -- Up-to-date: /home/spkmak/vegabot_ws/install/vegabot_description/share/vegabot_description/models/aws_robomaker_residential_LightC_01/materials
[3.396s] -- Up-to-date: /home/spkmak/vegabot_ws/install/vegabot_description/share/vegabot_description/models/aws_robomaker_residential_LightC_01/materials/textures
[3.396s] -- Up-to-date: /home/spkmak/vegabot_ws/install/vegabot_description/share/vegabot_description/models/aws_robomaker_residential_LightC_01/materials/textures/aws_LightC_01.png
[3.396s] -- Up-to-date: /home/spkmak/vegabot_ws/install/vegabot_description/share/vegabot_description/models/aws_robomaker_residential_SofaB_01
[3.397s] -- Up-to-date: /home/spkmak/vegabot_ws/install/vegabot_description/share/vegabot_description/models/aws_robomaker_residential_SofaB_01/meshes
[3.397s] -- Up-to-date: /home/spkmak/vegabot_ws/install/vegabot_description/share/vegabot_description/models/aws_robomaker_residential_SofaB_01/meshes/aws_SofaB_01_visual.DAE
[3.397s] -- Up-to-date: /home/spkmak/vegabot_ws/install/vegabot_description/share/vegabot_description/models/aws_robomaker_residential_SofaB_01/meshes/aws_SofaB_01_collision.DAE
[3.397s] -- Up-to-date: /home/spkmak/vegabot_ws/install/vegabot_description/share/vegabot_description/models/aws_robomaker_residential_SofaB_01/model.config
[3.397s] -- Up-to-date: /home/spkmak/vegabot_ws/install/vegabot_description/share/vegabot_description/models/aws_robomaker_residential_SofaB_01/model.sdf
[3.397s] -- Up-to-date: /home/spkmak/vegabot_ws/install/vegabot_description/share/vegabot_description/models/aws_robomaker_residential_SofaB_01/materials
[3.398s] -- Up-to-date: /home/spkmak/vegabot_ws/install/vegabot_description/share/vegabot_description/models/aws_robomaker_residential_SofaB_01/materials/textures
[3.398s] -- Up-to-date: /home/spkmak/vegabot_ws/install/vegabot_description/share/vegabot_description/models/aws_robomaker_residential_SofaB_01/materials/textures/aws_SofaB_01.png
[3.398s] -- Up-to-date: /home/spkmak/vegabot_ws/install/vegabot_description/share/vegabot_description/models/aws_robomaker_residential_DeskPortraitD_01
[3.398s] -- Up-to-date: /home/spkmak/vegabot_ws/install/vegabot_description/share/vegabot_description/models/aws_robomaker_residential_DeskPortraitD_01/meshes
[3.399s] -- Up-to-date: /home/spkmak/vegabot_ws/install/vegabot_description/share/vegabot_description/models/aws_robomaker_residential_DeskPortraitD_01/meshes/aws_DeskPortraitD_01_collision.DAE
[3.399s] -- Up-to-date: /home/spkmak/vegabot_ws/install/vegabot_description/share/vegabot_description/models/aws_robomaker_residential_DeskPortraitD_01/meshes/aws_DeskPortraitD_01_visual.DAE
[3.399s] -- Up-to-date: /home/spkmak/vegabot_ws/install/vegabot_description/share/vegabot_description/models/aws_robomaker_residential_DeskPortraitD_01/model.config
[3.400s] -- Up-to-date: /home/spkmak/vegabot_ws/install/vegabot_description/share/vegabot_description/models/aws_robomaker_residential_DeskPortraitD_01/model.sdf
[3.400s] -- Up-to-date: /home/spkmak/vegabot_ws/install/vegabot_description/share/vegabot_description/models/aws_robomaker_residential_DeskPortraitD_01/materials
[3.400s] -- Up-to-date: /home/spkmak/vegabot_ws/install/vegabot_description/share/vegabot_description/models/aws_robomaker_residential_DeskPortraitD_01/materials/textures
[3.400s] -- Up-to-date: /home/spkmak/vegabot_ws/install/vegabot_description/share/vegabot_description/models/aws_robomaker_residential_DeskPortraitD_01/materials/textures/aws_DeskPortraitD_02.png
[3.401s] -- Up-to-date: /home/spkmak/vegabot_ws/install/vegabot_description/share/vegabot_description/models/aws_robomaker_residential_DeskPortraitD_01/materials/textures/aws_DeskPortraitD_01.png
[3.401s] -- Up-to-date: /home/spkmak/vegabot_ws/install/vegabot_description/share/vegabot_description/models/aws_robomaker_warehouse_ShelfF_01
[3.401s] -- Up-to-date: /home/spkmak/vegabot_ws/install/vegabot_description/share/vegabot_description/models/aws_robomaker_warehouse_ShelfF_01/meshes
[3.401s] -- Up-to-date: /home/spkmak/vegabot_ws/install/vegabot_description/share/vegabot_description/models/aws_robomaker_warehouse_ShelfF_01/meshes/aws_robomaker_warehouse_ShelfF_01_collision.DAE
[3.401s] -- Up-to-date: /home/spkmak/vegabot_ws/install/vegabot_description/share/vegabot_description/models/aws_robomaker_warehouse_ShelfF_01/meshes/aws_robomaker_warehouse_ShelfF_01_visual.DAE
[3.402s] -- Up-to-date: /home/spkmak/vegabot_ws/install/vegabot_description/share/vegabot_description/models/aws_robomaker_warehouse_ShelfF_01/model.config
[3.402s] -- Up-to-date: /home/spkmak/vegabot_ws/install/vegabot_description/share/vegabot_description/models/aws_robomaker_warehouse_ShelfF_01/model.sdf
[3.402s] -- Up-to-date: /home/spkmak/vegabot_ws/install/vegabot_description/share/vegabot_description/models/aws_robomaker_warehouse_ShelfF_01/materials
[3.402s] -- Up-to-date: /home/spkmak/vegabot_ws/install/vegabot_description/share/vegabot_description/models/aws_robomaker_warehouse_ShelfF_01/materials/textures
[3.402s] -- Up-to-date: /home/spkmak/vegabot_ws/install/vegabot_description/share/vegabot_description/models/aws_robomaker_warehouse_ShelfF_01/materials/textures/aws_robomaker_warehouse_ShelfF_02.png
[3.402s] -- Up-to-date: /home/spkmak/vegabot_ws/install/vegabot_description/share/vegabot_description/models/aws_robomaker_warehouse_ShelfF_01/materials/textures/aws_robomaker_warehouse_ShelfF_01.png
[3.403s] -- Up-to-date: /home/spkmak/vegabot_ws/install/vegabot_description/share/vegabot_description/models/aws_robomaker_warehouse_ShelfF_01/materials/textures/aws_robomaker_warehouse_ShelfF_03.png
[3.403s] -- Up-to-date: /home/spkmak/vegabot_ws/install/vegabot_description/share/vegabot_description/models/aws_robomaker_residential_Vase_01
[3.403s] -- Up-to-date: /home/spkmak/vegabot_ws/install/vegabot_description/share/vegabot_description/models/aws_robomaker_residential_Vase_01/meshes
[3.403s] -- Up-to-date: /home/spkmak/vegabot_ws/install/vegabot_description/share/vegabot_description/models/aws_robomaker_residential_Vase_01/meshes/aws_Vase_01_collision.DAE
[3.403s] -- Up-to-date: /home/spkmak/vegabot_ws/install/vegabot_description/share/vegabot_description/models/aws_robomaker_residential_Vase_01/meshes/aws_Vase_01_visual.DAE
[3.404s] -- Up-to-date: /home/spkmak/vegabot_ws/install/vegabot_description/share/vegabot_description/models/aws_robomaker_residential_Vase_01/model.config
[3.404s] -- Up-to-date: /home/spkmak/vegabot_ws/install/vegabot_description/share/vegabot_description/models/aws_robomaker_residential_Vase_01/model.sdf
[3.404s] -- Up-to-date: /home/spkmak/vegabot_ws/install/vegabot_description/share/vegabot_description/models/aws_robomaker_residential_Vase_01/materials
[3.404s] -- Up-to-date: /home/spkmak/vegabot_ws/install/vegabot_description/share/vegabot_description/models/aws_robomaker_residential_Vase_01/materials/textures
[3.404s] -- Up-to-date: /home/spkmak/vegabot_ws/install/vegabot_description/share/vegabot_description/models/aws_robomaker_residential_Vase_01/materials/textures/aws_Vase_01.png
[3.404s] -- Up-to-date: /home/spkmak/vegabot_ws/install/vegabot_description/share/vegabot_description/models/aws_robomaker_residential_PortraitE_02
[3.405s] -- Up-to-date: /home/spkmak/vegabot_ws/install/vegabot_description/share/vegabot_description/models/aws_robomaker_residential_PortraitE_02/meshes
[3.405s] -- Up-to-date: /home/spkmak/vegabot_ws/install/vegabot_description/share/vegabot_description/models/aws_robomaker_residential_PortraitE_02/meshes/aws_PortraitE_01_collision.DAE
[3.405s] -- Up-to-date: /home/spkmak/vegabot_ws/install/vegabot_description/share/vegabot_description/models/aws_robomaker_residential_PortraitE_02/meshes/aws_PortraitE_01_visual.DAE
[3.405s] -- Up-to-date: /home/spkmak/vegabot_ws/install/vegabot_description/share/vegabot_description/models/aws_robomaker_residential_PortraitE_02/model.config
[3.406s] -- Up-to-date: /home/spkmak/vegabot_ws/install/vegabot_description/share/vegabot_description/models/aws_robomaker_residential_PortraitE_02/model.sdf
[3.406s] -- Up-to-date: /home/spkmak/vegabot_ws/install/vegabot_description/share/vegabot_description/models/aws_robomaker_residential_PortraitE_02/materials
[3.406s] -- Up-to-date: /home/spkmak/vegabot_ws/install/vegabot_description/share/vegabot_description/models/aws_robomaker_residential_PortraitE_02/materials/textures
[3.406s] -- Up-to-date: /home/spkmak/vegabot_ws/install/vegabot_description/share/vegabot_description/models/aws_robomaker_residential_PortraitE_02/materials/textures/aws_PortraitE_01.png
[3.407s] -- Up-to-date: /home/spkmak/vegabot_ws/install/vegabot_description/share/vegabot_description/models/aws_robomaker_residential_PortraitE_02/materials/textures/aws_PortraitE_02.png
[3.407s] -- Up-to-date: /home/spkmak/vegabot_ws/install/vegabot_description/share/vegabot_description/models/aws_robomaker_residential_PortraitD_02
[3.407s] -- Up-to-date: /home/spkmak/vegabot_ws/install/vegabot_description/share/vegabot_description/models/aws_robomaker_residential_PortraitD_02/meshes
[3.407s] -- Up-to-date: /home/spkmak/vegabot_ws/install/vegabot_description/share/vegabot_description/models/aws_robomaker_residential_PortraitD_02/meshes/aws_PortraitD_01_visual.DAE
[3.407s] -- Up-to-date: /home/spkmak/vegabot_ws/install/vegabot_description/share/vegabot_description/models/aws_robomaker_residential_PortraitD_02/meshes/aws_PortraitD_01_collision.DAE
[3.407s] -- Up-to-date: /home/spkmak/vegabot_ws/install/vegabot_description/share/vegabot_description/models/aws_robomaker_residential_PortraitD_02/model.config
[3.408s] -- Up-to-date: /home/spkmak/vegabot_ws/install/vegabot_description/share/vegabot_description/models/aws_robomaker_residential_PortraitD_02/model.sdf
[3.408s] -- Up-to-date: /home/spkmak/vegabot_ws/install/vegabot_description/share/vegabot_description/models/aws_robomaker_residential_PortraitD_02/materials
[3.408s] -- Up-to-date: /home/spkmak/vegabot_ws/install/vegabot_description/share/vegabot_description/models/aws_robomaker_residential_PortraitD_02/materials/textures
[3.408s] -- Up-to-date: /home/spkmak/vegabot_ws/install/vegabot_description/share/vegabot_description/models/aws_robomaker_residential_PortraitD_02/materials/textures/aws_PortraitD_01.png
[3.408s] -- Up-to-date: /home/spkmak/vegabot_ws/install/vegabot_description/share/vegabot_description/models/aws_robomaker_residential_PortraitD_02/materials/textures/aws_PortraitD_02.png
[3.409s] -- Up-to-date: /home/spkmak/vegabot_ws/install/vegabot_description/share/vegabot_description/models/aws_robomaker_residential_PortraitA_02
[3.409s] -- Up-to-date: /home/spkmak/vegabot_ws/install/vegabot_description/share/vegabot_description/models/aws_robomaker_residential_PortraitA_02/meshes
[3.409s] -- Up-to-date: /home/spkmak/vegabot_ws/install/vegabot_description/share/vegabot_description/models/aws_robomaker_residential_PortraitA_02/meshes/aws_PortraitA_01_collision.DAE
[3.409s] -- Up-to-date: /home/spkmak/vegabot_ws/install/vegabot_description/share/vegabot_description/models/aws_robomaker_residential_PortraitA_02/meshes/aws_PortraitA_01_visual.DAE
[3.409s] -- Up-to-date: /home/spkmak/vegabot_ws/install/vegabot_description/share/vegabot_description/models/aws_robomaker_residential_PortraitA_02/model.config
[3.409s] -- Up-to-date: /home/spkmak/vegabot_ws/install/vegabot_description/share/vegabot_description/models/aws_robomaker_residential_PortraitA_02/model.sdf
[3.410s] -- Up-to-date: /home/spkmak/vegabot_ws/install/vegabot_description/share/vegabot_description/models/aws_robomaker_residential_PortraitA_02/materials
[3.410s] -- Up-to-date: /home/spkmak/vegabot_ws/install/vegabot_description/share/vegabot_description/models/aws_robomaker_residential_PortraitA_02/materials/textures
[3.410s] -- Up-to-date: /home/spkmak/vegabot_ws/install/vegabot_description/share/vegabot_description/models/aws_robomaker_residential_PortraitA_02/materials/textures/aws_PortraitA_02.png
[3.410s] -- Up-to-date: /home/spkmak/vegabot_ws/install/vegabot_description/share/vegabot_description/models/aws_robomaker_residential_PortraitA_02/materials/textures/aws_PortraitA_01.png
[3.410s] -- Up-to-date: /home/spkmak/vegabot_ws/install/vegabot_description/share/vegabot_description/models/aws_robomaker_warehouse_ClutteringD_01
[3.410s] -- Up-to-date: /home/spkmak/vegabot_ws/install/vegabot_description/share/vegabot_description/models/aws_robomaker_warehouse_ClutteringD_01/meshes
[3.411s] -- Up-to-date: /home/spkmak/vegabot_ws/install/vegabot_description/share/vegabot_description/models/aws_robomaker_warehouse_ClutteringD_01/meshes/aws_robomaker_warehouse_ClutteringD_01_visual.DAE
[3.411s] -- Up-to-date: /home/spkmak/vegabot_ws/install/vegabot_description/share/vegabot_description/models/aws_robomaker_warehouse_ClutteringD_01/meshes/aws_robomaker_warehouse_ClutteringD_01_collision.DAE
[3.411s] -- Up-to-date: /home/spkmak/vegabot_ws/install/vegabot_description/share/vegabot_description/models/aws_robomaker_warehouse_ClutteringD_01/model.config
[3.411s] -- Up-to-date: /home/spkmak/vegabot_ws/install/vegabot_description/share/vegabot_description/models/aws_robomaker_warehouse_ClutteringD_01/model.sdf
[3.411s] -- Up-to-date: /home/spkmak/vegabot_ws/install/vegabot_description/share/vegabot_description/models/aws_robomaker_warehouse_ClutteringD_01/materials
[3.412s] -- Up-to-date: /home/spkmak/vegabot_ws/install/vegabot_description/share/vegabot_description/models/aws_robomaker_warehouse_ClutteringD_01/materials/textures
[3.412s] -- Up-to-date: /home/spkmak/vegabot_ws/install/vegabot_description/share/vegabot_description/models/aws_robomaker_warehouse_ClutteringD_01/materials/textures/aws_robomaker_warehouse_ClutteringD_01.png
[3.412s] -- Up-to-date: /home/spkmak/vegabot_ws/install/vegabot_description/share/vegabot_description/models/aws_robomaker_warehouse_ClutteringD_01/materials/textures/aws_robomaker_warehouse_ClutteringD_02.png
[3.412s] -- Up-to-date: /home/spkmak/vegabot_ws/install/vegabot_description/share/vegabot_description/models/aws_robomaker_warehouse_PalletJackB_01
[3.412s] -- Up-to-date: /home/spkmak/vegabot_ws/install/vegabot_description/share/vegabot_description/models/aws_robomaker_warehouse_PalletJackB_01/meshes
[3.413s] -- Up-to-date: /home/spkmak/vegabot_ws/install/vegabot_description/share/vegabot_description/models/aws_robomaker_warehouse_PalletJackB_01/meshes/aws_robomaker_warehouse_PalletJackB_01_visual.DAE
[3.413s] -- Up-to-date: /home/spkmak/vegabot_ws/install/vegabot_description/share/vegabot_description/models/aws_robomaker_warehouse_PalletJackB_01/meshes/aws_robomaker_warehouse_PalletJackB_01_collision.DAE
[3.413s] -- Up-to-date: /home/spkmak/vegabot_ws/install/vegabot_description/share/vegabot_description/models/aws_robomaker_warehouse_PalletJackB_01/model.config
[3.413s] -- Up-to-date: /home/spkmak/vegabot_ws/install/vegabot_description/share/vegabot_description/models/aws_robomaker_warehouse_PalletJackB_01/model.sdf
[3.413s] -- Up-to-date: /home/spkmak/vegabot_ws/install/vegabot_description/share/vegabot_description/models/aws_robomaker_warehouse_PalletJackB_01/.DS_Store
[3.413s] -- Up-to-date: /home/spkmak/vegabot_ws/install/vegabot_description/share/vegabot_description/models/aws_robomaker_warehouse_PalletJackB_01/materials
[3.414s] -- Up-to-date: /home/spkmak/vegabot_ws/install/vegabot_description/share/vegabot_description/models/aws_robomaker_warehouse_PalletJackB_01/materials/textures
[3.414s] -- Up-to-date: /home/spkmak/vegabot_ws/install/vegabot_description/share/vegabot_description/models/aws_robomaker_warehouse_PalletJackB_01/materials/textures/aws_robomaker_warehouse_PalletJackB_02.png
[3.414s] -- Up-to-date: /home/spkmak/vegabot_ws/install/vegabot_description/share/vegabot_description/models/aws_robomaker_warehouse_PalletJackB_01/materials/textures/aws_robomaker_warehouse_PalletJackB_01.png
[3.414s] -- Up-to-date: /home/spkmak/vegabot_ws/install/vegabot_description/share/vegabot_description/models/aws_robomaker_warehouse_PalletJackB_01/materials/.DS_Store
[3.414s] -- Up-to-date: /home/spkmak/vegabot_ws/install/vegabot_description/share/vegabot_description/models/aws_robomaker_residential_Trash_01
[3.415s] -- Up-to-date: /home/spkmak/vegabot_ws/install/vegabot_description/share/vegabot_description/models/aws_robomaker_residential_Trash_01/meshes
[3.415s] -- Up-to-date: /home/spkmak/vegabot_ws/install/vegabot_description/share/vegabot_description/models/aws_robomaker_residential_Trash_01/meshes/aws_Trash_01_visual.DAE
[3.415s] -- Up-to-date: /home/spkmak/vegabot_ws/install/vegabot_description/share/vegabot_description/models/aws_robomaker_residential_Trash_01/meshes/aws_Trash_01_collision.DAE
[3.415s] -- Up-to-date: /home/spkmak/vegabot_ws/install/vegabot_description/share/vegabot_description/models/aws_robomaker_residential_Trash_01/model.config
[3.416s] -- Up-to-date: /home/spkmak/vegabot_ws/install/vegabot_description/share/vegabot_description/models/aws_robomaker_residential_Trash_01/model.sdf
[3.416s] -- Up-to-date: /home/spkmak/vegabot_ws/install/vegabot_description/share/vegabot_description/models/aws_robomaker_residential_Trash_01/materials
[3.416s] -- Up-to-date: /home/spkmak/vegabot_ws/install/vegabot_description/share/vegabot_description/models/aws_robomaker_residential_Trash_01/materials/textures
[3.416s] -- Up-to-date: /home/spkmak/vegabot_ws/install/vegabot_description/share/vegabot_description/models/aws_robomaker_residential_Trash_01/materials/textures/aws_Trash_01.png
[3.416s] -- Up-to-date: /home/spkmak/vegabot_ws/install/vegabot_description/share/vegabot_description/models/aws_robomaker_warehouse_WallB_01
[3.416s] -- Up-to-date: /home/spkmak/vegabot_ws/install/vegabot_description/share/vegabot_description/models/aws_robomaker_warehouse_WallB_01/meshes
[3.417s] -- Up-to-date: /home/spkmak/vegabot_ws/install/vegabot_description/share/vegabot_description/models/aws_robomaker_warehouse_WallB_01/meshes/aws_robomaker_warehouse_WallB_01_collision.DAE
[3.417s] -- Up-to-date: /home/spkmak/vegabot_ws/install/vegabot_description/share/vegabot_description/models/aws_robomaker_warehouse_WallB_01/meshes/aws_robomaker_warehouse_WallB_01_visual.DAE
[3.417s] -- Up-to-date: /home/spkmak/vegabot_ws/install/vegabot_description/share/vegabot_description/models/aws_robomaker_warehouse_WallB_01/model.config
[3.417s] -- Up-to-date: /home/spkmak/vegabot_ws/install/vegabot_description/share/vegabot_description/models/aws_robomaker_warehouse_WallB_01/model.sdf
[3.417s] -- Up-to-date: /home/spkmak/vegabot_ws/install/vegabot_description/share/vegabot_description/models/aws_robomaker_warehouse_WallB_01/materials
[3.417s] -- Up-to-date: /home/spkmak/vegabot_ws/install/vegabot_description/share/vegabot_description/models/aws_robomaker_warehouse_WallB_01/materials/textures
[3.418s] -- Up-to-date: /home/spkmak/vegabot_ws/install/vegabot_description/share/vegabot_description/models/aws_robomaker_warehouse_WallB_01/materials/textures/aws_robomaker_warehouse_WallB_01.png
[3.418s] -- Up-to-date: /home/spkmak/vegabot_ws/install/vegabot_description/share/vegabot_description/models/aws_robomaker_warehouse_GroundB_01
[3.418s] -- Up-to-date: /home/spkmak/vegabot_ws/install/vegabot_description/share/vegabot_description/models/aws_robomaker_warehouse_GroundB_01/meshes
[3.418s] -- Up-to-date: /home/spkmak/vegabot_ws/install/vegabot_description/share/vegabot_description/models/aws_robomaker_warehouse_GroundB_01/meshes/aws_robomaker_warehouse_GroundB_01_visual.DAE
[3.418s] -- Up-to-date: /home/spkmak/vegabot_ws/install/vegabot_description/share/vegabot_description/models/aws_robomaker_warehouse_GroundB_01/meshes/aws_robomaker_warehouse_GroundB_01_collision.DAE
[3.419s] -- Up-to-date: /home/spkmak/vegabot_ws/install/vegabot_description/share/vegabot_description/models/aws_robomaker_warehouse_GroundB_01/model.config
[3.419s] -- Up-to-date: /home/spkmak/vegabot_ws/install/vegabot_description/share/vegabot_description/models/aws_robomaker_warehouse_GroundB_01/model.sdf
[3.419s] -- Up-to-date: /home/spkmak/vegabot_ws/install/vegabot_description/share/vegabot_description/models/aws_robomaker_warehouse_GroundB_01/materials
[3.419s] -- Up-to-date: /home/spkmak/vegabot_ws/install/vegabot_description/share/vegabot_description/models/aws_robomaker_warehouse_GroundB_01/materials/textures
[3.419s] -- Up-to-date: /home/spkmak/vegabot_ws/install/vegabot_description/share/vegabot_description/models/aws_robomaker_warehouse_GroundB_01/materials/textures/aws_robomaker_warehouse_GroundB_01.png
[3.419s] -- Up-to-date: /home/spkmak/vegabot_ws/install/vegabot_description/share/vegabot_description/models/aws_robomaker_warehouse_GroundB_01/materials/textures/aws_robomaker_warehouse_GroundB_02.png
[3.420s] -- Up-to-date: /home/spkmak/vegabot_ws/install/vegabot_description/share/vegabot_description/models/aws_robomaker_residential_DeskPortraitA_01
[3.420s] -- Up-to-date: /home/spkmak/vegabot_ws/install/vegabot_description/share/vegabot_description/models/aws_robomaker_residential_DeskPortraitA_01/meshes
[3.420s] -- Up-to-date: /home/spkmak/vegabot_ws/install/vegabot_description/share/vegabot_description/models/aws_robomaker_residential_DeskPortraitA_01/meshes/aws_DeskPortraitA_01_collision.DAE
[3.420s] -- Up-to-date: /home/spkmak/vegabot_ws/install/vegabot_description/share/vegabot_description/models/aws_robomaker_residential_DeskPortraitA_01/meshes/aws_DeskPortraitA_01_visual.DAE
[3.420s] -- Up-to-date: /home/spkmak/vegabot_ws/install/vegabot_description/share/vegabot_description/models/aws_robomaker_residential_DeskPortraitA_01/model.config
[3.421s] -- Up-to-date: /home/spkmak/vegabot_ws/install/vegabot_description/share/vegabot_description/models/aws_robomaker_residential_DeskPortraitA_01/model.sdf
[3.421s] -- Up-to-date: /home/spkmak/vegabot_ws/install/vegabot_description/share/vegabot_description/models/aws_robomaker_residential_DeskPortraitA_01/materials
[3.421s] -- Up-to-date: /home/spkmak/vegabot_ws/install/vegabot_description/share/vegabot_description/models/aws_robomaker_residential_DeskPortraitA_01/materials/textures
[3.421s] -- Up-to-date: /home/spkmak/vegabot_ws/install/vegabot_description/share/vegabot_description/models/aws_robomaker_residential_DeskPortraitA_01/materials/textures/aws_DeskPortraitA_02.png
[3.421s] -- Up-to-date: /home/spkmak/vegabot_ws/install/vegabot_description/share/vegabot_description/models/aws_robomaker_residential_DeskPortraitA_01/materials/textures/aws_DeskPortraitA_01.png
[3.421s] -- Up-to-date: /home/spkmak/vegabot_ws/install/vegabot_description/share/vegabot_description/models/aws_robomaker_warehouse_ShelfD_01
[3.422s] -- Up-to-date: /home/spkmak/vegabot_ws/install/vegabot_description/share/vegabot_description/models/aws_robomaker_warehouse_ShelfD_01/meshes
[3.422s] -- Up-to-date: /home/spkmak/vegabot_ws/install/vegabot_description/share/vegabot_description/models/aws_robomaker_warehouse_ShelfD_01/meshes/aws_robomaker_warehouse_ShelfD_01_collision.DAE
[3.422s] -- Up-to-date: /home/spkmak/vegabot_ws/install/vegabot_description/share/vegabot_description/models/aws_robomaker_warehouse_ShelfD_01/meshes/aws_robomaker_warehouse_ShelfD_01_visual.DAE
[3.422s] -- Up-to-date: /home/spkmak/vegabot_ws/install/vegabot_description/share/vegabot_description/models/aws_robomaker_warehouse_ShelfD_01/model.config
[3.422s] -- Up-to-date: /home/spkmak/vegabot_ws/install/vegabot_description/share/vegabot_description/models/aws_robomaker_warehouse_ShelfD_01/model.sdf
[3.423s] -- Up-to-date: /home/spkmak/vegabot_ws/install/vegabot_description/share/vegabot_description/models/aws_robomaker_warehouse_ShelfD_01/materials
[3.423s] -- Up-to-date: /home/spkmak/vegabot_ws/install/vegabot_description/share/vegabot_description/models/aws_robomaker_warehouse_ShelfD_01/materials/textures
[3.423s] -- Up-to-date: /home/spkmak/vegabot_ws/install/vegabot_description/share/vegabot_description/models/aws_robomaker_warehouse_ShelfD_01/materials/textures/aws_robomaker_warehouse_ShelfD_01.png
[3.424s] -- Up-to-date: /home/spkmak/vegabot_ws/install/vegabot_description/share/vegabot_description/models/aws_robomaker_warehouse_ShelfD_01/materials/textures/aws_robomaker_warehouse_ShelfD_04.png
[3.424s] -- Up-to-date: /home/spkmak/vegabot_ws/install/vegabot_description/share/vegabot_description/models/aws_robomaker_warehouse_ShelfD_01/materials/textures/aws_robomaker_warehouse_ShelfD_03.png
[3.424s] -- Up-to-date: /home/spkmak/vegabot_ws/install/vegabot_description/share/vegabot_description/models/aws_robomaker_warehouse_ShelfD_01/materials/textures/aws_robomaker_warehouse_ShelfD_02.png
[3.424s] -- Up-to-date: /home/spkmak/vegabot_ws/install/vegabot_description/share/vegabot_description/models/aws_robomaker_residential_FloorB_01
[3.424s] -- Up-to-date: /home/spkmak/vegabot_ws/install/vegabot_description/share/vegabot_description/models/aws_robomaker_residential_FloorB_01/meshes
[3.424s] -- Up-to-date: /home/spkmak/vegabot_ws/install/vegabot_description/share/vegabot_description/models/aws_robomaker_residential_FloorB_01/meshes/aws_FloorB_01_collision.DAE
[3.425s] -- Up-to-date: /home/spkmak/vegabot_ws/install/vegabot_description/share/vegabot_description/models/aws_robomaker_residential_FloorB_01/meshes/aws_FloorB_01_visual.DAE
[3.425s] -- Up-to-date: /home/spkmak/vegabot_ws/install/vegabot_description/share/vegabot_description/models/aws_robomaker_residential_FloorB_01/model.config
[3.425s] -- Up-to-date: /home/spkmak/vegabot_ws/install/vegabot_description/share/vegabot_description/models/aws_robomaker_residential_FloorB_01/model.sdf
[3.425s] -- Up-to-date: /home/spkmak/vegabot_ws/install/vegabot_description/share/vegabot_description/models/aws_robomaker_residential_FloorB_01/materials
[3.425s] -- Up-to-date: /home/spkmak/vegabot_ws/install/vegabot_description/share/vegabot_description/models/aws_robomaker_residential_FloorB_01/materials/textures
[3.426s] -- Up-to-date: /home/spkmak/vegabot_ws/install/vegabot_description/share/vegabot_description/models/aws_robomaker_residential_FloorB_01/materials/textures/aws_FloorB_01.png
[3.426s] -- Up-to-date: /home/spkmak/vegabot_ws/install/vegabot_description/share/vegabot_description/models/aws_robomaker_residential_Quilt_01
[3.426s] -- Up-to-date: /home/spkmak/vegabot_ws/install/vegabot_description/share/vegabot_description/models/aws_robomaker_residential_Quilt_01/meshes
[3.427s] -- Up-to-date: /home/spkmak/vegabot_ws/install/vegabot_description/share/vegabot_description/models/aws_robomaker_residential_Quilt_01/meshes/aws_Quilt_01_collision.DAE
[3.427s] -- Up-to-date: /home/spkmak/vegabot_ws/install/vegabot_description/share/vegabot_description/models/aws_robomaker_residential_Quilt_01/meshes/aws_Quilt_01_visual.DAE
[3.427s] -- Up-to-date: /home/spkmak/vegabot_ws/install/vegabot_description/share/vegabot_description/models/aws_robomaker_residential_Quilt_01/model.config
[3.427s] -- Up-to-date: /home/spkmak/vegabot_ws/install/vegabot_description/share/vegabot_description/models/aws_robomaker_residential_Quilt_01/model.sdf
[3.427s] -- Up-to-date: /home/spkmak/vegabot_ws/install/vegabot_description/share/vegabot_description/models/aws_robomaker_residential_Quilt_01/materials
[3.428s] -- Up-to-date: /home/spkmak/vegabot_ws/install/vegabot_description/share/vegabot_description/models/aws_robomaker_residential_Quilt_01/materials/textures
[3.428s] -- Up-to-date: /home/spkmak/vegabot_ws/install/vegabot_description/share/vegabot_description/models/aws_robomaker_residential_Quilt_01/materials/textures/aws_Quilt_01.png
[3.428s] -- Up-to-date: /home/spkmak/vegabot_ws/install/vegabot_description/share/vegabot_description/models/aws_robomaker_residential_Carpet_01
[3.428s] -- Up-to-date: /home/spkmak/vegabot_ws/install/vegabot_description/share/vegabot_description/models/aws_robomaker_residential_Carpet_01/meshes
[3.429s] -- Up-to-date: /home/spkmak/vegabot_ws/install/vegabot_description/share/vegabot_description/models/aws_robomaker_residential_Carpet_01/meshes/aws_Carpet_01_collision.DAE
[3.429s] -- Up-to-date: /home/spkmak/vegabot_ws/install/vegabot_description/share/vegabot_description/models/aws_robomaker_residential_Carpet_01/meshes/aws_Carpet_01_visual.DAE
[3.429s] -- Up-to-date: /home/spkmak/vegabot_ws/install/vegabot_description/share/vegabot_description/models/aws_robomaker_residential_Carpet_01/model.config
[3.429s] -- Up-to-date: /home/spkmak/vegabot_ws/install/vegabot_description/share/vegabot_description/models/aws_robomaker_residential_Carpet_01/model.sdf
[3.429s] -- Up-to-date: /home/spkmak/vegabot_ws/install/vegabot_description/share/vegabot_description/models/aws_robomaker_residential_Carpet_01/materials
[3.429s] -- Up-to-date: /home/spkmak/vegabot_ws/install/vegabot_description/share/vegabot_description/models/aws_robomaker_residential_Carpet_01/materials/textures
[3.430s] -- Up-to-date: /home/spkmak/vegabot_ws/install/vegabot_description/share/vegabot_description/models/aws_robomaker_residential_Carpet_01/materials/textures/aws_Carpet_01.png
[3.430s] -- Up-to-date: /home/spkmak/vegabot_ws/install/vegabot_description/share/vegabot_description/models/aws_robomaker_residential_ShoeRack_01
[3.430s] -- Up-to-date: /home/spkmak/vegabot_ws/install/vegabot_description/share/vegabot_description/models/aws_robomaker_residential_ShoeRack_01/meshes
[3.430s] -- Up-to-date: /home/spkmak/vegabot_ws/install/vegabot_description/share/vegabot_description/models/aws_robomaker_residential_ShoeRack_01/meshes/aws_ShoeRack_01_collision.DAE
[3.430s] -- Up-to-date: /home/spkmak/vegabot_ws/install/vegabot_description/share/vegabot_description/models/aws_robomaker_residential_ShoeRack_01/meshes/aws_ShoeRack_01_visual.DAE
[3.431s] -- Up-to-date: /home/spkmak/vegabot_ws/install/vegabot_description/share/vegabot_description/models/aws_robomaker_residential_ShoeRack_01/model.config
[3.431s] -- Up-to-date: /home/spkmak/vegabot_ws/install/vegabot_description/share/vegabot_description/models/aws_robomaker_residential_ShoeRack_01/model.sdf
[3.431s] -- Up-to-date: /home/spkmak/vegabot_ws/install/vegabot_description/share/vegabot_description/models/aws_robomaker_residential_ShoeRack_01/materials
[3.431s] -- Up-to-date: /home/spkmak/vegabot_ws/install/vegabot_description/share/vegabot_description/models/aws_robomaker_residential_ShoeRack_01/materials/textures
[3.431s] -- Up-to-date: /home/spkmak/vegabot_ws/install/vegabot_description/share/vegabot_description/models/aws_robomaker_residential_ShoeRack_01/materials/textures/aws_ShoeRack_01.png
[3.431s] -- Up-to-date: /home/spkmak/vegabot_ws/install/vegabot_description/share/vegabot_description/models/aws_robomaker_residential_TVCabinet_01
[3.432s] -- Up-to-date: /home/spkmak/vegabot_ws/install/vegabot_description/share/vegabot_description/models/aws_robomaker_residential_TVCabinet_01/meshes
[3.432s] -- Up-to-date: /home/spkmak/vegabot_ws/install/vegabot_description/share/vegabot_description/models/aws_robomaker_residential_TVCabinet_01/meshes/aws_TVCabinet_01_collision.DAE
[3.432s] -- Up-to-date: /home/spkmak/vegabot_ws/install/vegabot_description/share/vegabot_description/models/aws_robomaker_residential_TVCabinet_01/meshes/aws_TVCabinet_01_visual.DAE
[3.432s] -- Up-to-date: /home/spkmak/vegabot_ws/install/vegabot_description/share/vegabot_description/models/aws_robomaker_residential_TVCabinet_01/model.config
[3.433s] -- Up-to-date: /home/spkmak/vegabot_ws/install/vegabot_description/share/vegabot_description/models/aws_robomaker_residential_TVCabinet_01/model.sdf
[3.433s] -- Up-to-date: /home/spkmak/vegabot_ws/install/vegabot_description/share/vegabot_description/models/aws_robomaker_residential_TVCabinet_01/materials
[3.433s] -- Up-to-date: /home/spkmak/vegabot_ws/install/vegabot_description/share/vegabot_description/models/aws_robomaker_residential_TVCabinet_01/materials/textures
[3.433s] -- Up-to-date: /home/spkmak/vegabot_ws/install/vegabot_description/share/vegabot_description/models/aws_robomaker_residential_TVCabinet_01/materials/textures/aws_TVCabinet_01.png
[3.433s] -- Up-to-date: /home/spkmak/vegabot_ws/install/vegabot_description/share/vegabot_description/models/aws_robomaker_residential_DeskPortraitA_02
[3.433s] -- Up-to-date: /home/spkmak/vegabot_ws/install/vegabot_description/share/vegabot_description/models/aws_robomaker_residential_DeskPortraitA_02/meshes
[3.434s] -- Up-to-date: /home/spkmak/vegabot_ws/install/vegabot_description/share/vegabot_description/models/aws_robomaker_residential_DeskPortraitA_02/meshes/aws_DeskPortraitA_01_collision.DAE
[3.434s] -- Up-to-date: /home/spkmak/vegabot_ws/install/vegabot_description/share/vegabot_description/models/aws_robomaker_residential_DeskPortraitA_02/meshes/aws_DeskPortraitA_01_visual.DAE
[3.435s] -- Up-to-date: /home/spkmak/vegabot_ws/install/vegabot_description/share/vegabot_description/models/aws_robomaker_residential_DeskPortraitA_02/model.config
[3.435s] -- Up-to-date: /home/spkmak/vegabot_ws/install/vegabot_description/share/vegabot_description/models/aws_robomaker_residential_DeskPortraitA_02/model.sdf
[3.435s] -- Up-to-date: /home/spkmak/vegabot_ws/install/vegabot_description/share/vegabot_description/models/aws_robomaker_residential_DeskPortraitA_02/materials
[3.435s] -- Up-to-date: /home/spkmak/vegabot_ws/install/vegabot_description/share/vegabot_description/models/aws_robomaker_residential_DeskPortraitA_02/materials/textures
[3.435s] -- Up-to-date: /home/spkmak/vegabot_ws/install/vegabot_description/share/vegabot_description/models/aws_robomaker_residential_DeskPortraitA_02/materials/textures/aws_DeskPortraitA_02.png
[3.436s] -- Up-to-date: /home/spkmak/vegabot_ws/install/vegabot_description/share/vegabot_description/models/aws_robomaker_residential_DeskPortraitA_02/materials/textures/aws_DeskPortraitA_01.png
[3.436s] -- Up-to-date: /home/spkmak/vegabot_ws/install/vegabot_description/share/vegabot_description/models/aws_robomaker_warehouse_ShelfE_01
[3.436s] -- Up-to-date: /home/spkmak/vegabot_ws/install/vegabot_description/share/vegabot_description/models/aws_robomaker_warehouse_ShelfE_01/meshes
[3.436s] -- Up-to-date: /home/spkmak/vegabot_ws/install/vegabot_description/share/vegabot_description/models/aws_robomaker_warehouse_ShelfE_01/meshes/aws_robomaker_warehouse_ShelfE_01_collision.DAE
[3.436s] -- Up-to-date: /home/spkmak/vegabot_ws/install/vegabot_description/share/vegabot_description/models/aws_robomaker_warehouse_ShelfE_01/meshes/aws_robomaker_warehouse_ShelfE_01_visual.DAE
[3.436s] -- Up-to-date: /home/spkmak/vegabot_ws/install/vegabot_description/share/vegabot_description/models/aws_robomaker_warehouse_ShelfE_01/model.config
[3.437s] -- Up-to-date: /home/spkmak/vegabot_ws/install/vegabot_description/share/vegabot_description/models/aws_robomaker_warehouse_ShelfE_01/model.sdf
[3.437s] -- Up-to-date: /home/spkmak/vegabot_ws/install/vegabot_description/share/vegabot_description/models/aws_robomaker_warehouse_ShelfE_01/.DS_Store
[3.437s] -- Up-to-date: /home/spkmak/vegabot_ws/install/vegabot_description/share/vegabot_description/models/aws_robomaker_warehouse_ShelfE_01/materials
[3.437s] -- Up-to-date: /home/spkmak/vegabot_ws/install/vegabot_description/share/vegabot_description/models/aws_robomaker_warehouse_ShelfE_01/materials/textures
[3.437s] -- Up-to-date: /home/spkmak/vegabot_ws/install/vegabot_description/share/vegabot_description/models/aws_robomaker_warehouse_ShelfE_01/materials/textures/aws_robomaker_warehouse_ShelfE_03.png
[3.438s] -- Up-to-date: /home/spkmak/vegabot_ws/install/vegabot_description/share/vegabot_description/models/aws_robomaker_warehouse_ShelfE_01/materials/textures/aws_robomaker_warehouse_ShelfE_01.png
[3.438s] -- Up-to-date: /home/spkmak/vegabot_ws/install/vegabot_description/share/vegabot_description/models/aws_robomaker_warehouse_ShelfE_01/materials/textures/aws_robomaker_warehouse_ShelfE_04.png
[3.438s] -- Up-to-date: /home/spkmak/vegabot_ws/install/vegabot_description/share/vegabot_description/models/aws_robomaker_warehouse_ShelfE_01/materials/textures/aws_robomaker_warehouse_ShelfE_02.png
[3.438s] -- Up-to-date: /home/spkmak/vegabot_ws/install/vegabot_description/share/vegabot_description/models/aws_robomaker_warehouse_ShelfE_01/materials/.DS_Store
[3.438s] -- Up-to-date: /home/spkmak/vegabot_ws/install/vegabot_description/share/vegabot_description/models/aws_robomaker_residential_CookingBench_01
[3.439s] -- Up-to-date: /home/spkmak/vegabot_ws/install/vegabot_description/share/vegabot_description/models/aws_robomaker_residential_CookingBench_01/meshes
[3.439s] -- Up-to-date: /home/spkmak/vegabot_ws/install/vegabot_description/share/vegabot_description/models/aws_robomaker_residential_CookingBench_01/meshes/aws_CookingBench_01.DAE
[3.439s] -- Up-to-date: /home/spkmak/vegabot_ws/install/vegabot_description/share/vegabot_description/models/aws_robomaker_residential_CookingBench_01/meshes/aws_CookingBench_01_collision.DAE
[3.439s] -- Up-to-date: /home/spkmak/vegabot_ws/install/vegabot_description/share/vegabot_description/models/aws_robomaker_residential_CookingBench_01/meshes/aws_CookingBench_01_visual.DAE
[3.439s] -- Up-to-date: /home/spkmak/vegabot_ws/install/vegabot_description/share/vegabot_description/models/aws_robomaker_residential_CookingBench_01/model.config
[3.439s] -- Up-to-date: /home/spkmak/vegabot_ws/install/vegabot_description/share/vegabot_description/models/aws_robomaker_residential_CookingBench_01/model.sdf
[3.440s] -- Up-to-date: /home/spkmak/vegabot_ws/install/vegabot_description/share/vegabot_description/models/aws_robomaker_residential_CookingBench_01/materials
[3.440s] -- Up-to-date: /home/spkmak/vegabot_ws/install/vegabot_description/share/vegabot_description/models/aws_robomaker_residential_CookingBench_01/materials/textures
[3.440s] -- Up-to-date: /home/spkmak/vegabot_ws/install/vegabot_description/share/vegabot_description/models/aws_robomaker_residential_CookingBench_01/materials/textures/aws_CookingBench_01.png
[3.440s] -- Up-to-date: /home/spkmak/vegabot_ws/install/vegabot_description/share/vegabot_description/models/aws_robomaker_residential_Sofa_01
[3.440s] -- Up-to-date: /home/spkmak/vegabot_ws/install/vegabot_description/share/vegabot_description/models/aws_robomaker_residential_Sofa_01/meshes
[3.440s] -- Up-to-date: /home/spkmak/vegabot_ws/install/vegabot_description/share/vegabot_description/models/aws_robomaker_residential_Sofa_01/meshes/aws_Sofa_01_collision.DAE
[3.441s] -- Up-to-date: /home/spkmak/vegabot_ws/install/vegabot_description/share/vegabot_description/models/aws_robomaker_residential_Sofa_01/meshes/aws_Sofa_01_visual.DAE
[3.441s] -- Up-to-date: /home/spkmak/vegabot_ws/install/vegabot_description/share/vegabot_description/models/aws_robomaker_residential_Sofa_01/meshes/aws_Sofa_01.DAE
[3.441s] -- Up-to-date: /home/spkmak/vegabot_ws/install/vegabot_description/share/vegabot_description/models/aws_robomaker_residential_Sofa_01/model.config
[3.441s] -- Up-to-date: /home/spkmak/vegabot_ws/install/vegabot_description/share/vegabot_description/models/aws_robomaker_residential_Sofa_01/model.sdf
[3.441s] -- Up-to-date: /home/spkmak/vegabot_ws/install/vegabot_description/share/vegabot_description/models/aws_robomaker_residential_Sofa_01/materials
[3.441s] -- Up-to-date: /home/spkmak/vegabot_ws/install/vegabot_description/share/vegabot_description/models/aws_robomaker_residential_Sofa_01/materials/textures
[3.441s] -- Up-to-date: /home/spkmak/vegabot_ws/install/vegabot_description/share/vegabot_description/models/aws_robomaker_residential_Sofa_01/materials/textures/aws_Sofa_01.png
[3.442s] -- Up-to-date: /home/spkmak/vegabot_ws/install/vegabot_description/share/vegabot_description/models/aws_robomaker_residential_Wardrobe_01
[3.442s] -- Up-to-date: /home/spkmak/vegabot_ws/install/vegabot_description/share/vegabot_description/models/aws_robomaker_residential_Wardrobe_01/meshes
[3.442s] -- Up-to-date: /home/spkmak/vegabot_ws/install/vegabot_description/share/vegabot_description/models/aws_robomaker_residential_Wardrobe_01/meshes/aws_Wardrobe_01_collision.DAE
[3.442s] -- Up-to-date: /home/spkmak/vegabot_ws/install/vegabot_description/share/vegabot_description/models/aws_robomaker_residential_Wardrobe_01/meshes/aws_Wardrobe_01_visual.DAE
[3.442s] -- Up-to-date: /home/spkmak/vegabot_ws/install/vegabot_description/share/vegabot_description/models/aws_robomaker_residential_Wardrobe_01/model.config
[3.442s] -- Up-to-date: /home/spkmak/vegabot_ws/install/vegabot_description/share/vegabot_description/models/aws_robomaker_residential_Wardrobe_01/model.sdf
[3.443s] -- Up-to-date: /home/spkmak/vegabot_ws/install/vegabot_description/share/vegabot_description/models/aws_robomaker_residential_Wardrobe_01/materials
[3.443s] -- Up-to-date: /home/spkmak/vegabot_ws/install/vegabot_description/share/vegabot_description/models/aws_robomaker_residential_Wardrobe_01/materials/textures
[3.443s] -- Up-to-date: /home/spkmak/vegabot_ws/install/vegabot_description/share/vegabot_description/models/aws_robomaker_residential_Wardrobe_01/materials/textures/aws_Wardrobe_01.png
[3.443s] -- Up-to-date: /home/spkmak/vegabot_ws/install/vegabot_description/share/vegabot_description/models/aws_robomaker_residential_SeasoningBox_01
[3.443s] -- Up-to-date: /home/spkmak/vegabot_ws/install/vegabot_description/share/vegabot_description/models/aws_robomaker_residential_SeasoningBox_01/meshes
[3.444s] -- Up-to-date: /home/spkmak/vegabot_ws/install/vegabot_description/share/vegabot_description/models/aws_robomaker_residential_SeasoningBox_01/meshes/aws_SeasoningBox_01_visual.DAE
[3.444s] -- Up-to-date: /home/spkmak/vegabot_ws/install/vegabot_description/share/vegabot_description/models/aws_robomaker_residential_SeasoningBox_01/meshes/aws_SeasoningBox_01_collision.DAE
[3.444s] -- Up-to-date: /home/spkmak/vegabot_ws/install/vegabot_description/share/vegabot_description/models/aws_robomaker_residential_SeasoningBox_01/model.config
[3.444s] -- Up-to-date: /home/spkmak/vegabot_ws/install/vegabot_description/share/vegabot_description/models/aws_robomaker_residential_SeasoningBox_01/model.sdf
[3.444s] -- Up-to-date: /home/spkmak/vegabot_ws/install/vegabot_description/share/vegabot_description/models/aws_robomaker_residential_SeasoningBox_01/materials
[3.444s] -- Up-to-date: /home/spkmak/vegabot_ws/install/vegabot_description/share/vegabot_description/models/aws_robomaker_residential_SeasoningBox_01/materials/textures
[3.445s] -- Up-to-date: /home/spkmak/vegabot_ws/install/vegabot_description/share/vegabot_description/models/aws_robomaker_residential_SeasoningBox_01/materials/textures/aws_SeasoningBox_01.png
[3.445s] -- Up-to-date: /home/spkmak/vegabot_ws/install/vegabot_description/share/vegabot_description/models/aws_robomaker_residential_ReadingDesk_01
[3.445s] -- Up-to-date: /home/spkmak/vegabot_ws/install/vegabot_description/share/vegabot_description/models/aws_robomaker_residential_ReadingDesk_01/meshes
[3.445s] -- Up-to-date: /home/spkmak/vegabot_ws/install/vegabot_description/share/vegabot_description/models/aws_robomaker_residential_ReadingDesk_01/meshes/aws_ReadingDesk_01_visual.DAE
[3.446s] -- Up-to-date: /home/spkmak/vegabot_ws/install/vegabot_description/share/vegabot_description/models/aws_robomaker_residential_ReadingDesk_01/meshes/aws_ReadingDesk_01_collision.DAE
[3.446s] -- Up-to-date: /home/spkmak/vegabot_ws/install/vegabot_description/share/vegabot_description/models/aws_robomaker_residential_ReadingDesk_01/model.config
[3.446s] -- Up-to-date: /home/spkmak/vegabot_ws/install/vegabot_description/share/vegabot_description/models/aws_robomaker_residential_ReadingDesk_01/model.sdf
[3.446s] -- Up-to-date: /home/spkmak/vegabot_ws/install/vegabot_description/share/vegabot_description/models/aws_robomaker_residential_ReadingDesk_01/materials
[3.446s] -- Up-to-date: /home/spkmak/vegabot_ws/install/vegabot_description/share/vegabot_description/models/aws_robomaker_residential_ReadingDesk_01/materials/textures
[3.446s] -- Up-to-date: /home/spkmak/vegabot_ws/install/vegabot_description/share/vegabot_description/models/aws_robomaker_residential_ReadingDesk_01/materials/textures/aws_ReadingDesk_01.png
[3.446s] -- Up-to-date: /home/spkmak/vegabot_ws/install/vegabot_description/share/vegabot_description/models/aws_robomaker_residential_Chandelier_01
[3.447s] -- Up-to-date: /home/spkmak/vegabot_ws/install/vegabot_description/share/vegabot_description/models/aws_robomaker_residential_Chandelier_01/meshes
[3.447s] -- Up-to-date: /home/spkmak/vegabot_ws/install/vegabot_description/share/vegabot_description/models/aws_robomaker_residential_Chandelier_01/meshes/aws_Chandelier_01_visual.DAE
[3.447s] -- Up-to-date: /home/spkmak/vegabot_ws/install/vegabot_description/share/vegabot_description/models/aws_robomaker_residential_Chandelier_01/meshes/aws_Chandelier_01.DAE
[3.447s] -- Up-to-date: /home/spkmak/vegabot_ws/install/vegabot_description/share/vegabot_description/models/aws_robomaker_residential_Chandelier_01/meshes/aws_Chandelier_01_collision.DAE
[3.448s] -- Up-to-date: /home/spkmak/vegabot_ws/install/vegabot_description/share/vegabot_description/models/aws_robomaker_residential_Chandelier_01/model.config
[3.448s] -- Up-to-date: /home/spkmak/vegabot_ws/install/vegabot_description/share/vegabot_description/models/aws_robomaker_residential_Chandelier_01/model.sdf
[3.448s] -- Up-to-date: /home/spkmak/vegabot_ws/install/vegabot_description/share/vegabot_description/models/aws_robomaker_residential_Chandelier_01/materials
[3.448s] -- Up-to-date: /home/spkmak/vegabot_ws/install/vegabot_description/share/vegabot_description/models/aws_robomaker_residential_Chandelier_01/materials/textures
[3.448s] -- Up-to-date: /home/spkmak/vegabot_ws/install/vegabot_description/share/vegabot_description/models/aws_robomaker_residential_Chandelier_01/materials/textures/aws_Chandelier_01.png
[3.448s] -- Up-to-date: /home/spkmak/vegabot_ws/install/vegabot_description/share/vegabot_description/models/marker1
[3.449s] -- Up-to-date: /home/spkmak/vegabot_ws/install/vegabot_description/share/vegabot_description/models/marker1/meshes
[3.449s] -- Up-to-date: /home/spkmak/vegabot_ws/install/vegabot_description/share/vegabot_description/models/marker1/meshes/Marker1.dae
[3.449s] -- Up-to-date: /home/spkmak/vegabot_ws/install/vegabot_description/share/vegabot_description/models/marker1/model.config
[3.449s] -- Up-to-date: /home/spkmak/vegabot_ws/install/vegabot_description/share/vegabot_description/models/marker1/model.sdf
[3.449s] -- Up-to-date: /home/spkmak/vegabot_ws/install/vegabot_description/share/vegabot_description/models/marker1/materials
[3.449s] -- Up-to-date: /home/spkmak/vegabot_ws/install/vegabot_description/share/vegabot_description/models/marker1/materials/textures
[3.450s] -- Up-to-date: /home/spkmak/vegabot_ws/install/vegabot_description/share/vegabot_description/models/marker1/materials/textures/Marker1.png
[3.450s] -- Up-to-date: /home/spkmak/vegabot_ws/install/vegabot_description/share/vegabot_description/models/aws_robomaker_residential_DeskPortraitB_01
[3.450s] -- Up-to-date: /home/spkmak/vegabot_ws/install/vegabot_description/share/vegabot_description/models/aws_robomaker_residential_DeskPortraitB_01/meshes
[3.451s] -- Up-to-date: /home/spkmak/vegabot_ws/install/vegabot_description/share/vegabot_description/models/aws_robomaker_residential_DeskPortraitB_01/meshes/aws_DeskPortraitB_01_collision.DAE
[3.451s] -- Up-to-date: /home/spkmak/vegabot_ws/install/vegabot_description/share/vegabot_description/models/aws_robomaker_residential_DeskPortraitB_01/meshes/aws_DeskPortraitB_01_visual.DAE
[3.451s] -- Up-to-date: /home/spkmak/vegabot_ws/install/vegabot_description/share/vegabot_description/models/aws_robomaker_residential_DeskPortraitB_01/model.config
[3.451s] -- Up-to-date: /home/spkmak/vegabot_ws/install/vegabot_description/share/vegabot_description/models/aws_robomaker_residential_DeskPortraitB_01/model.sdf
[3.452s] -- Up-to-date: /home/spkmak/vegabot_ws/install/vegabot_description/share/vegabot_description/models/aws_robomaker_residential_DeskPortraitB_01/materials
[3.452s] -- Up-to-date: /home/spkmak/vegabot_ws/install/vegabot_description/share/vegabot_description/models/aws_robomaker_residential_DeskPortraitB_01/materials/textures
[3.452s] -- Up-to-date: /home/spkmak/vegabot_ws/install/vegabot_description/share/vegabot_description/models/aws_robomaker_residential_DeskPortraitB_01/materials/textures/aws_DeskPortraitB_02.png
[3.452s] -- Up-to-date: /home/spkmak/vegabot_ws/install/vegabot_description/share/vegabot_description/models/aws_robomaker_residential_DeskPortraitB_01/materials/textures/aws_DeskPortraitB_01.png
[3.452s] -- Up-to-date: /home/spkmak/vegabot_ws/install/vegabot_description/share/vegabot_description/models/aws_robomaker_residential_DeskPortraitC_02
[3.453s] -- Up-to-date: /home/spkmak/vegabot_ws/install/vegabot_description/share/vegabot_description/models/aws_robomaker_residential_DeskPortraitC_02/meshes
[3.453s] -- Up-to-date: /home/spkmak/vegabot_ws/install/vegabot_description/share/vegabot_description/models/aws_robomaker_residential_DeskPortraitC_02/meshes/aws_DeskPortraitC_01_collision.DAE
[3.453s] -- Up-to-date: /home/spkmak/vegabot_ws/install/vegabot_description/share/vegabot_description/models/aws_robomaker_residential_DeskPortraitC_02/meshes/aws_DeskPortraitC_01_visual.DAE
[3.453s] -- Up-to-date: /home/spkmak/vegabot_ws/install/vegabot_description/share/vegabot_description/models/aws_robomaker_residential_DeskPortraitC_02/model.config
[3.453s] -- Up-to-date: /home/spkmak/vegabot_ws/install/vegabot_description/share/vegabot_description/models/aws_robomaker_residential_DeskPortraitC_02/model.sdf
[3.453s] -- Up-to-date: /home/spkmak/vegabot_ws/install/vegabot_description/share/vegabot_description/models/aws_robomaker_residential_DeskPortraitC_02/materials
[3.454s] -- Up-to-date: /home/spkmak/vegabot_ws/install/vegabot_description/share/vegabot_description/models/aws_robomaker_residential_DeskPortraitC_02/materials/textures
[3.454s] -- Up-to-date: /home/spkmak/vegabot_ws/install/vegabot_description/share/vegabot_description/models/aws_robomaker_residential_DeskPortraitC_02/materials/textures/aws_DeskPortraitC_01.png
[3.454s] -- Up-to-date: /home/spkmak/vegabot_ws/install/vegabot_description/share/vegabot_description/models/aws_robomaker_residential_DeskPortraitC_02/materials/textures/aws_DeskPortraitC_02.png
[3.454s] -- Up-to-date: /home/spkmak/vegabot_ws/install/vegabot_description/share/vegabot_description/models/aws_robomaker_residential_SofaC_01
[3.454s] -- Up-to-date: /home/spkmak/vegabot_ws/install/vegabot_description/share/vegabot_description/models/aws_robomaker_residential_SofaC_01/meshes
[3.455s] -- Up-to-date: /home/spkmak/vegabot_ws/install/vegabot_description/share/vegabot_description/models/aws_robomaker_residential_SofaC_01/meshes/aws_SofaC_01_collision.DAE
[3.455s] -- Up-to-date: /home/spkmak/vegabot_ws/install/vegabot_description/share/vegabot_description/models/aws_robomaker_residential_SofaC_01/meshes/aws_SofaC_01_visual.DAE
[3.455s] -- Up-to-date: /home/spkmak/vegabot_ws/install/vegabot_description/share/vegabot_description/models/aws_robomaker_residential_SofaC_01/model.config
[3.455s] -- Up-to-date: /home/spkmak/vegabot_ws/install/vegabot_description/share/vegabot_description/models/aws_robomaker_residential_SofaC_01/model.sdf
[3.455s] -- Up-to-date: /home/spkmak/vegabot_ws/install/vegabot_description/share/vegabot_description/models/aws_robomaker_residential_SofaC_01/materials
[3.456s] -- Up-to-date: /home/spkmak/vegabot_ws/install/vegabot_description/share/vegabot_description/models/aws_robomaker_residential_SofaC_01/materials/textures
[3.456s] -- Up-to-date: /home/spkmak/vegabot_ws/install/vegabot_description/share/vegabot_description/models/aws_robomaker_residential_SofaC_01/materials/textures/aws_SofaC_01.png
[3.456s] -- Up-to-date: /home/spkmak/vegabot_ws/install/vegabot_description/share/vegabot_description/models/marker2
[3.456s] -- Up-to-date: /home/spkmak/vegabot_ws/install/vegabot_description/share/vegabot_description/models/marker2/meshes
[3.457s] -- Up-to-date: /home/spkmak/vegabot_ws/install/vegabot_description/share/vegabot_description/models/marker2/meshes/Marker2.png
[3.457s] -- Up-to-date: /home/spkmak/vegabot_ws/install/vegabot_description/share/vegabot_description/models/marker2/meshes/Marker2.dae
[3.457s] -- Up-to-date: /home/spkmak/vegabot_ws/install/vegabot_description/share/vegabot_description/models/marker2/model.config
[3.457s] -- Up-to-date: /home/spkmak/vegabot_ws/install/vegabot_description/share/vegabot_description/models/marker2/model.sdf
[3.457s] -- Up-to-date: /home/spkmak/vegabot_ws/install/vegabot_description/share/vegabot_description/models/marker2/materials
[3.457s] -- Up-to-date: /home/spkmak/vegabot_ws/install/vegabot_description/share/vegabot_description/models/marker2/materials/textures
[3.458s] -- Up-to-date: /home/spkmak/vegabot_ws/install/vegabot_description/share/vegabot_description/models/marker2/materials/textures/Marker2.png
[3.458s] -- Up-to-date: /home/spkmak/vegabot_ws/install/vegabot_description/share/vegabot_description/models/aws_robomaker_residential_DeskPortraitD_03
[3.458s] -- Up-to-date: /home/spkmak/vegabot_ws/install/vegabot_description/share/vegabot_description/models/aws_robomaker_residential_DeskPortraitD_03/meshes
[3.459s] -- Up-to-date: /home/spkmak/vegabot_ws/install/vegabot_description/share/vegabot_description/models/aws_robomaker_residential_DeskPortraitD_03/meshes/aws_DeskPortraitD_01_collision.DAE
[3.459s] -- Up-to-date: /home/spkmak/vegabot_ws/install/vegabot_description/share/vegabot_description/models/aws_robomaker_residential_DeskPortraitD_03/meshes/aws_DeskPortraitD_01_visual.DAE
[3.459s] -- Up-to-date: /home/spkmak/vegabot_ws/install/vegabot_description/share/vegabot_description/models/aws_robomaker_residential_DeskPortraitD_03/model.config
[3.459s] -- Up-to-date: /home/spkmak/vegabot_ws/install/vegabot_description/share/vegabot_description/models/aws_robomaker_residential_DeskPortraitD_03/model.sdf
[3.459s] -- Up-to-date: /home/spkmak/vegabot_ws/install/vegabot_description/share/vegabot_description/models/aws_robomaker_residential_DeskPortraitD_03/materials
[3.459s] -- Up-to-date: /home/spkmak/vegabot_ws/install/vegabot_description/share/vegabot_description/models/aws_robomaker_residential_DeskPortraitD_03/materials/textures
[3.460s] -- Up-to-date: /home/spkmak/vegabot_ws/install/vegabot_description/share/vegabot_description/models/aws_robomaker_residential_DeskPortraitD_03/materials/textures/aws_DeskPortraitD_02.png
[3.460s] -- Up-to-date: /home/spkmak/vegabot_ws/install/vegabot_description/share/vegabot_description/models/aws_robomaker_residential_DeskPortraitD_03/materials/textures/aws_DeskPortraitD_01.png
[3.460s] -- Up-to-date: /home/spkmak/vegabot_ws/install/vegabot_description/share/vegabot_description/models/aws_robomaker_residential_PortraitA_01
[3.460s] -- Up-to-date: /home/spkmak/vegabot_ws/install/vegabot_description/share/vegabot_description/models/aws_robomaker_residential_PortraitA_01/meshes
[3.460s] -- Up-to-date: /home/spkmak/vegabot_ws/install/vegabot_description/share/vegabot_description/models/aws_robomaker_residential_PortraitA_01/meshes/aws_PortraitA_01_collision.DAE
[3.460s] -- Up-to-date: /home/spkmak/vegabot_ws/install/vegabot_description/share/vegabot_description/models/aws_robomaker_residential_PortraitA_01/meshes/aws_PortraitA_01_visual.DAE
[3.461s] -- Up-to-date: /home/spkmak/vegabot_ws/install/vegabot_description/share/vegabot_description/models/aws_robomaker_residential_PortraitA_01/model.config
[3.461s] -- Up-to-date: /home/spkmak/vegabot_ws/install/vegabot_description/share/vegabot_description/models/aws_robomaker_residential_PortraitA_01/model.sdf
[3.461s] -- Up-to-date: /home/spkmak/vegabot_ws/install/vegabot_description/share/vegabot_description/models/aws_robomaker_residential_PortraitA_01/materials
[3.461s] -- Up-to-date: /home/spkmak/vegabot_ws/install/vegabot_description/share/vegabot_description/models/aws_robomaker_residential_PortraitA_01/materials/textures
[3.461s] -- Up-to-date: /home/spkmak/vegabot_ws/install/vegabot_description/share/vegabot_description/models/aws_robomaker_residential_PortraitA_01/materials/textures/aws_PortraitA_02.png
[3.461s] -- Up-to-date: /home/spkmak/vegabot_ws/install/vegabot_description/share/vegabot_description/models/aws_robomaker_residential_PortraitA_01/materials/textures/aws_PortraitA_01.png
[3.462s] -- Up-to-date: /home/spkmak/vegabot_ws/install/vegabot_description/share/vegabot_description/models/aws_robomaker_residential_FoldingDoor_02
[3.462s] -- Up-to-date: /home/spkmak/vegabot_ws/install/vegabot_description/share/vegabot_description/models/aws_robomaker_residential_FoldingDoor_02/meshes
[3.462s] -- Up-to-date: /home/spkmak/vegabot_ws/install/vegabot_description/share/vegabot_description/models/aws_robomaker_residential_FoldingDoor_02/meshes/aws_FoldingDoor_02_collision.DAE
[3.462s] -- Up-to-date: /home/spkmak/vegabot_ws/install/vegabot_description/share/vegabot_description/models/aws_robomaker_residential_FoldingDoor_02/meshes/aws_FoldingDoor_02_visual.DAE
[3.462s] -- Up-to-date: /home/spkmak/vegabot_ws/install/vegabot_description/share/vegabot_description/models/aws_robomaker_residential_FoldingDoor_02/model.config
[3.462s] -- Up-to-date: /home/spkmak/vegabot_ws/install/vegabot_description/share/vegabot_description/models/aws_robomaker_residential_FoldingDoor_02/model.sdf
[3.463s] -- Up-to-date: /home/spkmak/vegabot_ws/install/vegabot_description/share/vegabot_description/models/aws_robomaker_residential_FoldingDoor_02/materials
[3.463s] -- Up-to-date: /home/spkmak/vegabot_ws/install/vegabot_description/share/vegabot_description/models/aws_robomaker_residential_FoldingDoor_02/materials/textures
[3.463s] -- Up-to-date: /home/spkmak/vegabot_ws/install/vegabot_description/share/vegabot_description/models/aws_robomaker_residential_FoldingDoor_02/materials/textures/aws_FoldingDoor_02.png
[3.463s] -- Up-to-date: /home/spkmak/vegabot_ws/install/vegabot_description/share/vegabot_description/models/aws_robomaker_residential_SecurityCamera_01
[3.463s] -- Up-to-date: /home/spkmak/vegabot_ws/install/vegabot_description/share/vegabot_description/models/aws_robomaker_residential_SecurityCamera_01/meshes
[3.464s] -- Up-to-date: /home/spkmak/vegabot_ws/install/vegabot_description/share/vegabot_description/models/aws_robomaker_residential_SecurityCamera_01/meshes/aws_SecurityCamera_01_collision.DAE
[3.464s] -- Up-to-date: /home/spkmak/vegabot_ws/install/vegabot_description/share/vegabot_description/models/aws_robomaker_residential_SecurityCamera_01/meshes/aws_SecurityCamera_01_visual.DAE
[3.464s] -- Up-to-date: /home/spkmak/vegabot_ws/install/vegabot_description/share/vegabot_description/models/aws_robomaker_residential_SecurityCamera_01/model.config
[3.464s] -- Up-to-date: /home/spkmak/vegabot_ws/install/vegabot_description/share/vegabot_description/models/aws_robomaker_residential_SecurityCamera_01/model.sdf
[3.464s] -- Up-to-date: /home/spkmak/vegabot_ws/install/vegabot_description/share/vegabot_description/models/aws_robomaker_residential_SecurityCamera_01/materials
[3.465s] -- Up-to-date: /home/spkmak/vegabot_ws/install/vegabot_description/share/vegabot_description/models/aws_robomaker_residential_SecurityCamera_01/materials/textures
[3.465s] -- Up-to-date: /home/spkmak/vegabot_ws/install/vegabot_description/share/vegabot_description/models/aws_robomaker_residential_SecurityCamera_01/materials/textures/aws_SecurityCamera_01.png
[3.465s] -- Up-to-date: /home/spkmak/vegabot_ws/install/vegabot_description/share/vegabot_description/models/aws_robomaker_residential_Bed_01
[3.465s] -- Up-to-date: /home/spkmak/vegabot_ws/install/vegabot_description/share/vegabot_description/models/aws_robomaker_residential_Bed_01/meshes
[3.465s] -- Up-to-date: /home/spkmak/vegabot_ws/install/vegabot_description/share/vegabot_description/models/aws_robomaker_residential_Bed_01/meshes/aws_Bed_01_visual.DAE
[3.466s] -- Up-to-date: /home/spkmak/vegabot_ws/install/vegabot_description/share/vegabot_description/models/aws_robomaker_residential_Bed_01/meshes/aws_Bed_01_collision.DAE
[3.466s] -- Up-to-date: /home/spkmak/vegabot_ws/install/vegabot_description/share/vegabot_description/models/aws_robomaker_residential_Bed_01/model.config
[3.466s] -- Up-to-date: /home/spkmak/vegabot_ws/install/vegabot_description/share/vegabot_description/models/aws_robomaker_residential_Bed_01/model.sdf
[3.466s] -- Up-to-date: /home/spkmak/vegabot_ws/install/vegabot_description/share/vegabot_description/models/aws_robomaker_residential_Bed_01/materials
[3.466s] -- Up-to-date: /home/spkmak/vegabot_ws/install/vegabot_description/share/vegabot_description/models/aws_robomaker_residential_Bed_01/materials/textures
[3.467s] -- Up-to-date: /home/spkmak/vegabot_ws/install/vegabot_description/share/vegabot_description/models/aws_robomaker_residential_Bed_01/materials/textures/aws_BedB_01.png
[3.467s] -- Up-to-date: /home/spkmak/vegabot_ws/install/vegabot_description/share/vegabot_description/models/aws_robomaker_residential_Bed_01/materials/textures/aws_Bed_01.png
[3.467s] -- Up-to-date: /home/spkmak/vegabot_ws/install/vegabot_description/share/vegabot_description/models/aws_robomaker_residential_Bed_01/materials/textures/aws_BedA_01.png
[3.467s] -- Up-to-date: /home/spkmak/vegabot_ws/install/vegabot_description/share/vegabot_description/models/aws_robomaker_residential_Bed_01/materials/textures/aws_BedC_01.png
[3.467s] -- Up-to-date: /home/spkmak/vegabot_ws/install/vegabot_description/share/vegabot_description/models/aws_robomaker_warehouse_TrashCanC_01
[3.467s] -- Up-to-date: /home/spkmak/vegabot_ws/install/vegabot_description/share/vegabot_description/models/aws_robomaker_warehouse_TrashCanC_01/meshes
[3.468s] -- Up-to-date: /home/spkmak/vegabot_ws/install/vegabot_description/share/vegabot_description/models/aws_robomaker_warehouse_TrashCanC_01/meshes/aws_robomaker_warehouse_TrashCanC_01_visual.DAE
[3.468s] -- Up-to-date: /home/spkmak/vegabot_ws/install/vegabot_description/share/vegabot_description/models/aws_robomaker_warehouse_TrashCanC_01/meshes/aws_robomaker_warehouse_TrashCanC_01_collision.DAE
[3.468s] -- Up-to-date: /home/spkmak/vegabot_ws/install/vegabot_description/share/vegabot_description/models/aws_robomaker_warehouse_TrashCanC_01/model.config
[3.468s] -- Up-to-date: /home/spkmak/vegabot_ws/install/vegabot_description/share/vegabot_description/models/aws_robomaker_warehouse_TrashCanC_01/model.sdf
[3.468s] -- Up-to-date: /home/spkmak/vegabot_ws/install/vegabot_description/share/vegabot_description/models/aws_robomaker_warehouse_TrashCanC_01/materials
[3.468s] -- Up-to-date: /home/spkmak/vegabot_ws/install/vegabot_description/share/vegabot_description/models/aws_robomaker_warehouse_TrashCanC_01/materials/textures
[3.468s] -- Up-to-date: /home/spkmak/vegabot_ws/install/vegabot_description/share/vegabot_description/models/aws_robomaker_warehouse_TrashCanC_01/materials/textures/aws_robomaker_warehouse_TrashCanC_01.png
[3.469s] -- Up-to-date: /home/spkmak/vegabot_ws/install/vegabot_description/share/vegabot_description/models/aws_robomaker_residential_Pillow_01
[3.469s] -- Up-to-date: /home/spkmak/vegabot_ws/install/vegabot_description/share/vegabot_description/models/aws_robomaker_residential_Pillow_01/meshes
[3.469s] -- Up-to-date: /home/spkmak/vegabot_ws/install/vegabot_description/share/vegabot_description/models/aws_robomaker_residential_Pillow_01/meshes/aws_Pillow_01_collision.DAE
[3.469s] -- Up-to-date: /home/spkmak/vegabot_ws/install/vegabot_description/share/vegabot_description/models/aws_robomaker_residential_Pillow_01/meshes/aws_Pillow_01_visual.DAE
[3.469s] -- Up-to-date: /home/spkmak/vegabot_ws/install/vegabot_description/share/vegabot_description/models/aws_robomaker_residential_Pillow_01/model.config
[3.470s] -- Up-to-date: /home/spkmak/vegabot_ws/install/vegabot_description/share/vegabot_description/models/aws_robomaker_residential_Pillow_01/model.sdf
[3.470s] -- Up-to-date: /home/spkmak/vegabot_ws/install/vegabot_description/share/vegabot_description/models/aws_robomaker_residential_Pillow_01/materials
[3.470s] -- Up-to-date: /home/spkmak/vegabot_ws/install/vegabot_description/share/vegabot_description/models/aws_robomaker_residential_Pillow_01/materials/textures
[3.470s] -- Up-to-date: /home/spkmak/vegabot_ws/install/vegabot_description/share/vegabot_description/models/aws_robomaker_residential_Pillow_01/materials/textures/aws_Pillow_01.png
[3.470s] -- Up-to-date: /home/spkmak/vegabot_ws/install/vegabot_description/share/vegabot_description/models/aws_robomaker_warehouse_ClutteringA_01
[3.470s] -- Up-to-date: /home/spkmak/vegabot_ws/install/vegabot_description/share/vegabot_description/models/aws_robomaker_warehouse_ClutteringA_01/meshes
[3.472s] -- Up-to-date: /home/spkmak/vegabot_ws/install/vegabot_description/share/vegabot_description/models/aws_robomaker_warehouse_ClutteringA_01/meshes/aws_robomaker_warehouse_ClutteringA_01_visual.DAE
[3.472s] -- Up-to-date: /home/spkmak/vegabot_ws/install/vegabot_description/share/vegabot_description/models/aws_robomaker_warehouse_ClutteringA_01/meshes/aws_robomaker_warehouse_ClutteringA_01_collision.DAE
[3.472s] -- Up-to-date: /home/spkmak/vegabot_ws/install/vegabot_description/share/vegabot_description/models/aws_robomaker_warehouse_ClutteringA_01/model.config
[3.472s] -- Up-to-date: /home/spkmak/vegabot_ws/install/vegabot_description/share/vegabot_description/models/aws_robomaker_warehouse_ClutteringA_01/model.sdf
[3.472s] -- Up-to-date: /home/spkmak/vegabot_ws/install/vegabot_description/share/vegabot_description/models/aws_robomaker_warehouse_ClutteringA_01/.DS_Store
[3.473s] -- Up-to-date: /home/spkmak/vegabot_ws/install/vegabot_description/share/vegabot_description/models/aws_robomaker_warehouse_ClutteringA_01/materials
[3.473s] -- Up-to-date: /home/spkmak/vegabot_ws/install/vegabot_description/share/vegabot_description/models/aws_robomaker_warehouse_ClutteringA_01/materials/textures
[3.473s] -- Up-to-date: /home/spkmak/vegabot_ws/install/vegabot_description/share/vegabot_description/models/aws_robomaker_warehouse_ClutteringA_01/materials/textures/aws_robomaker_warehouse_ClutteringA_01.png
[3.473s] -- Up-to-date: /home/spkmak/vegabot_ws/install/vegabot_description/share/vegabot_description/models/aws_robomaker_warehouse_ClutteringA_01/materials/textures/aws_robomaker_warehouse_ClutteringA_03.png
[3.473s] -- Up-to-date: /home/spkmak/vegabot_ws/install/vegabot_description/share/vegabot_description/models/aws_robomaker_warehouse_ClutteringA_01/materials/textures/aws_robomaker_warehouse_ClutteringA_02.png
[3.474s] -- Up-to-date: /home/spkmak/vegabot_ws/install/vegabot_description/share/vegabot_description/models/aws_robomaker_warehouse_ClutteringA_01/materials/textures/.DS_Store
[3.474s] -- Up-to-date: /home/spkmak/vegabot_ws/install/vegabot_description/share/vegabot_description/models/aws_robomaker_warehouse_ClutteringA_01/materials/.DS_Store
[3.474s] -- Up-to-date: /home/spkmak/vegabot_ws/install/vegabot_description/share/vegabot_description/models/aws_robomaker_residential_CoffeeTable_01
[3.474s] -- Up-to-date: /home/spkmak/vegabot_ws/install/vegabot_description/share/vegabot_description/models/aws_robomaker_residential_CoffeeTable_01/meshes
[3.474s] -- Up-to-date: /home/spkmak/vegabot_ws/install/vegabot_description/share/vegabot_description/models/aws_robomaker_residential_CoffeeTable_01/meshes/aws_CoffeeTable_01_collision.DAE
[3.474s] -- Up-to-date: /home/spkmak/vegabot_ws/install/vegabot_description/share/vegabot_description/models/aws_robomaker_residential_CoffeeTable_01/meshes/aws_CoffeeTable_01_visual.DAE
[3.474s] -- Up-to-date: /home/spkmak/vegabot_ws/install/vegabot_description/share/vegabot_description/models/aws_robomaker_residential_CoffeeTable_01/model.config
[3.475s] -- Up-to-date: /home/spkmak/vegabot_ws/install/vegabot_description/share/vegabot_description/models/aws_robomaker_residential_CoffeeTable_01/model.sdf
[3.475s] -- Up-to-date: /home/spkmak/vegabot_ws/install/vegabot_description/share/vegabot_description/models/aws_robomaker_residential_CoffeeTable_01/materials
[3.475s] -- Up-to-date: /home/spkmak/vegabot_ws/install/vegabot_description/share/vegabot_description/models/aws_robomaker_residential_CoffeeTable_01/materials/textures
[3.475s] -- Up-to-date: /home/spkmak/vegabot_ws/install/vegabot_description/share/vegabot_description/models/aws_robomaker_residential_CoffeeTable_01/materials/textures/aws_CoffeeTable_01.png
[3.475s] -- Up-to-date: /home/spkmak/vegabot_ws/install/vegabot_description/share/vegabot_description/models/aws_robomaker_residential_BalconyTable_01
[3.475s] -- Up-to-date: /home/spkmak/vegabot_ws/install/vegabot_description/share/vegabot_description/models/aws_robomaker_residential_BalconyTable_01/meshes
[3.476s] -- Up-to-date: /home/spkmak/vegabot_ws/install/vegabot_description/share/vegabot_description/models/aws_robomaker_residential_BalconyTable_01/meshes/aws_BalconyTable_01_collision.DAE
[3.476s] -- Up-to-date: /home/spkmak/vegabot_ws/install/vegabot_description/share/vegabot_description/models/aws_robomaker_residential_BalconyTable_01/meshes/aws_BalconyTable_01_visual.DAE
[3.476s] -- Up-to-date: /home/spkmak/vegabot_ws/install/vegabot_description/share/vegabot_description/models/aws_robomaker_residential_BalconyTable_01/model.config
[3.476s] -- Up-to-date: /home/spkmak/vegabot_ws/install/vegabot_description/share/vegabot_description/models/aws_robomaker_residential_BalconyTable_01/model.sdf
[3.476s] -- Up-to-date: /home/spkmak/vegabot_ws/install/vegabot_description/share/vegabot_description/models/aws_robomaker_residential_BalconyTable_01/materials
[3.476s] -- Up-to-date: /home/spkmak/vegabot_ws/install/vegabot_description/share/vegabot_description/models/aws_robomaker_residential_BalconyTable_01/materials/textures
[3.476s] -- Up-to-date: /home/spkmak/vegabot_ws/install/vegabot_description/share/vegabot_description/models/aws_robomaker_residential_BalconyTable_01/materials/textures/aws_BalconyTable_01.png
[3.477s] -- Up-to-date: /home/spkmak/vegabot_ws/install/vegabot_description/share/vegabot_description/models/aws_robomaker_residential_Rangehood_01
[3.477s] -- Up-to-date: /home/spkmak/vegabot_ws/install/vegabot_description/share/vegabot_description/models/aws_robomaker_residential_Rangehood_01/meshes
[3.477s] -- Up-to-date: /home/spkmak/vegabot_ws/install/vegabot_description/share/vegabot_description/models/aws_robomaker_residential_Rangehood_01/meshes/aws_Rangehood_01_visual.DAE
[3.477s] -- Up-to-date: /home/spkmak/vegabot_ws/install/vegabot_description/share/vegabot_description/models/aws_robomaker_residential_Rangehood_01/meshes/aws_Rangehood_01_collision.DAE
[3.477s] -- Up-to-date: /home/spkmak/vegabot_ws/install/vegabot_description/share/vegabot_description/models/aws_robomaker_residential_Rangehood_01/model.config
[3.477s] -- Up-to-date: /home/spkmak/vegabot_ws/install/vegabot_description/share/vegabot_description/models/aws_robomaker_residential_Rangehood_01/model.sdf
[3.477s] -- Up-to-date: /home/spkmak/vegabot_ws/install/vegabot_description/share/vegabot_description/models/aws_robomaker_residential_Rangehood_01/materials
[3.478s] -- Up-to-date: /home/spkmak/vegabot_ws/install/vegabot_description/share/vegabot_description/models/aws_robomaker_residential_Rangehood_01/materials/textures
[3.478s] -- Up-to-date: /home/spkmak/vegabot_ws/install/vegabot_description/share/vegabot_description/models/aws_robomaker_residential_Rangehood_01/materials/textures/aws_Rangehood_01.png
[3.478s] -- Up-to-date: /home/spkmak/vegabot_ws/install/vegabot_description/share/vegabot_description/models/aws_robomaker_residential_DeskPortraitD_04
[3.478s] -- Up-to-date: /home/spkmak/vegabot_ws/install/vegabot_description/share/vegabot_description/models/aws_robomaker_residential_DeskPortraitD_04/meshes
[3.478s] -- Up-to-date: /home/spkmak/vegabot_ws/install/vegabot_description/share/vegabot_description/models/aws_robomaker_residential_DeskPortraitD_04/meshes/aws_DeskPortraitD_01_collision.DAE
[3.478s] -- Up-to-date: /home/spkmak/vegabot_ws/install/vegabot_description/share/vegabot_description/models/aws_robomaker_residential_DeskPortraitD_04/meshes/aws_DeskPortraitD_01_visual.DAE
[3.479s] -- Up-to-date: /home/spkmak/vegabot_ws/install/vegabot_description/share/vegabot_description/models/aws_robomaker_residential_DeskPortraitD_04/model.config
[3.479s] -- Up-to-date: /home/spkmak/vegabot_ws/install/vegabot_description/share/vegabot_description/models/aws_robomaker_residential_DeskPortraitD_04/model.sdf
[3.479s] -- Up-to-date: /home/spkmak/vegabot_ws/install/vegabot_description/share/vegabot_description/models/aws_robomaker_residential_DeskPortraitD_04/materials
[3.479s] -- Up-to-date: /home/spkmak/vegabot_ws/install/vegabot_description/share/vegabot_description/models/aws_robomaker_residential_DeskPortraitD_04/materials/textures
[3.479s] -- Up-to-date: /home/spkmak/vegabot_ws/install/vegabot_description/share/vegabot_description/models/aws_robomaker_residential_DeskPortraitD_04/materials/textures/aws_DeskPortraitD_02.png
[3.479s] -- Up-to-date: /home/spkmak/vegabot_ws/install/vegabot_description/share/vegabot_description/models/aws_robomaker_residential_DeskPortraitD_04/materials/textures/aws_DeskPortraitD_01.png
[3.480s] -- Up-to-date: /home/spkmak/vegabot_ws/install/vegabot_description/share/vegabot_description/models/aws_robomaker_residential_PortraitB_01
[3.480s] -- Up-to-date: /home/spkmak/vegabot_ws/install/vegabot_description/share/vegabot_description/models/aws_robomaker_residential_PortraitB_01/meshes
[3.480s] -- Up-to-date: /home/spkmak/vegabot_ws/install/vegabot_description/share/vegabot_description/models/aws_robomaker_residential_PortraitB_01/meshes/aws_PortraitB_01_collision.DAE
[3.480s] -- Up-to-date: /home/spkmak/vegabot_ws/install/vegabot_description/share/vegabot_description/models/aws_robomaker_residential_PortraitB_01/meshes/aws_PortraitB_01_visual.DAE
[3.480s] -- Up-to-date: /home/spkmak/vegabot_ws/install/vegabot_description/share/vegabot_description/models/aws_robomaker_residential_PortraitB_01/model.config
[3.481s] -- Up-to-date: /home/spkmak/vegabot_ws/install/vegabot_description/share/vegabot_description/models/aws_robomaker_residential_PortraitB_01/model.sdf
[3.481s] -- Up-to-date: /home/spkmak/vegabot_ws/install/vegabot_description/share/vegabot_description/models/aws_robomaker_residential_PortraitB_01/materials
[3.481s] -- Up-to-date: /home/spkmak/vegabot_ws/install/vegabot_description/share/vegabot_description/models/aws_robomaker_residential_PortraitB_01/materials/textures
[3.481s] -- Up-to-date: /home/spkmak/vegabot_ws/install/vegabot_description/share/vegabot_description/models/aws_robomaker_residential_PortraitB_01/materials/textures/aws_PortraitB_02.png
[3.481s] -- Up-to-date: /home/spkmak/vegabot_ws/install/vegabot_description/share/vegabot_description/models/aws_robomaker_residential_PortraitB_01/materials/textures/aws_PortraitB_01.png
[3.481s] -- Up-to-date: /home/spkmak/vegabot_ws/install/vegabot_description/share/vegabot_description/models/aws_robomaker_warehouse_RoofB_01
[3.482s] -- Up-to-date: /home/spkmak/vegabot_ws/install/vegabot_description/share/vegabot_description/models/aws_robomaker_warehouse_RoofB_01/meshes
[3.482s] -- Up-to-date: /home/spkmak/vegabot_ws/install/vegabot_description/share/vegabot_description/models/aws_robomaker_warehouse_RoofB_01/meshes/aws_robomaker_warehouse_RoofB_01_visual.DAE
[3.482s] -- Up-to-date: /home/spkmak/vegabot_ws/install/vegabot_description/share/vegabot_description/models/aws_robomaker_warehouse_RoofB_01/meshes/aws_robomaker_warehouse_RoofB_01_collision.DAE
[3.482s] -- Up-to-date: /home/spkmak/vegabot_ws/install/vegabot_description/share/vegabot_description/models/aws_robomaker_warehouse_RoofB_01/model.config
[3.482s] -- Up-to-date: /home/spkmak/vegabot_ws/install/vegabot_description/share/vegabot_description/models/aws_robomaker_warehouse_RoofB_01/model.sdf
[3.483s] -- Up-to-date: /home/spkmak/vegabot_ws/install/vegabot_description/share/vegabot_description/models/aws_robomaker_warehouse_RoofB_01/materials
[3.483s] -- Up-to-date: /home/spkmak/vegabot_ws/install/vegabot_description/share/vegabot_description/models/aws_robomaker_warehouse_RoofB_01/materials/textures
[3.483s] -- Up-to-date: /home/spkmak/vegabot_ws/install/vegabot_description/share/vegabot_description/models/aws_robomaker_warehouse_RoofB_01/materials/textures/aws_robomaker_warehouse_RoofB_01.png
[3.483s] -- Up-to-date: /home/spkmak/vegabot_ws/install/vegabot_description/share/vegabot_description/models/aws_robomaker_residential_DeskPortraitC_01
[3.483s] -- Up-to-date: /home/spkmak/vegabot_ws/install/vegabot_description/share/vegabot_description/models/aws_robomaker_residential_DeskPortraitC_01/meshes
[3.484s] -- Up-to-date: /home/spkmak/vegabot_ws/install/vegabot_description/share/vegabot_description/models/aws_robomaker_residential_DeskPortraitC_01/meshes/aws_DeskPortraitC_01_collision.DAE
[3.484s] -- Up-to-date: /home/spkmak/vegabot_ws/install/vegabot_description/share/vegabot_description/models/aws_robomaker_residential_DeskPortraitC_01/meshes/aws_DeskPortraitC_01_visual.DAE
[3.484s] -- Up-to-date: /home/spkmak/vegabot_ws/install/vegabot_description/share/vegabot_description/models/aws_robomaker_residential_DeskPortraitC_01/model.config
[3.484s] -- Up-to-date: /home/spkmak/vegabot_ws/install/vegabot_description/share/vegabot_description/models/aws_robomaker_residential_DeskPortraitC_01/model.sdf
[3.484s] -- Up-to-date: /home/spkmak/vegabot_ws/install/vegabot_description/share/vegabot_description/models/aws_robomaker_residential_DeskPortraitC_01/materials
[3.484s] -- Up-to-date: /home/spkmak/vegabot_ws/install/vegabot_description/share/vegabot_description/models/aws_robomaker_residential_DeskPortraitC_01/materials/textures
[3.485s] -- Up-to-date: /home/spkmak/vegabot_ws/install/vegabot_description/share/vegabot_description/models/aws_robomaker_residential_DeskPortraitC_01/materials/textures/aws_DeskPortraitC_01.png
[3.485s] -- Up-to-date: /home/spkmak/vegabot_ws/install/vegabot_description/share/vegabot_description/models/aws_robomaker_residential_DeskPortraitC_01/materials/textures/aws_DeskPortraitC_02.png
[3.485s] -- Up-to-date: /home/spkmak/vegabot_ws/install/vegabot_description/share/vegabot_description/models/aws_robomaker_residential_ChairA_01
[3.485s] -- Up-to-date: /home/spkmak/vegabot_ws/install/vegabot_description/share/vegabot_description/models/aws_robomaker_residential_ChairA_01/meshes
[3.486s] -- Up-to-date: /home/spkmak/vegabot_ws/install/vegabot_description/share/vegabot_description/models/aws_robomaker_residential_ChairA_01/meshes/aws_ChairA_01_collision.DAE
[3.486s] -- Up-to-date: /home/spkmak/vegabot_ws/install/vegabot_description/share/vegabot_description/models/aws_robomaker_residential_ChairA_01/meshes/aws_ChairA_01_visual.DAE
[3.486s] -- Up-to-date: /home/spkmak/vegabot_ws/install/vegabot_description/share/vegabot_description/models/aws_robomaker_residential_ChairA_01/model.config
[3.486s] -- Up-to-date: /home/spkmak/vegabot_ws/install/vegabot_description/share/vegabot_description/models/aws_robomaker_residential_ChairA_01/model.sdf
[3.486s] -- Up-to-date: /home/spkmak/vegabot_ws/install/vegabot_description/share/vegabot_description/models/aws_robomaker_residential_ChairA_01/materials
[3.486s] -- Up-to-date: /home/spkmak/vegabot_ws/install/vegabot_description/share/vegabot_description/models/aws_robomaker_residential_ChairA_01/materials/textures
[3.487s] -- Up-to-date: /home/spkmak/vegabot_ws/install/vegabot_description/share/vegabot_description/models/aws_robomaker_residential_ChairA_01/materials/textures/aws_ChairA_01.png
[3.487s] -- Up-to-date: /home/spkmak/vegabot_ws/install/vegabot_description/share/vegabot_description/models/aws_robomaker_residential_PortraitD_01
[3.487s] -- Up-to-date: /home/spkmak/vegabot_ws/install/vegabot_description/share/vegabot_description/models/aws_robomaker_residential_PortraitD_01/meshes
[3.488s] -- Up-to-date: /home/spkmak/vegabot_ws/install/vegabot_description/share/vegabot_description/models/aws_robomaker_residential_PortraitD_01/meshes/aws_PortraitD_01_visual.DAE
[3.488s] -- Up-to-date: /home/spkmak/vegabot_ws/install/vegabot_description/share/vegabot_description/models/aws_robomaker_residential_PortraitD_01/meshes/aws_PortraitD_01_collision.DAE
[3.488s] -- Up-to-date: /home/spkmak/vegabot_ws/install/vegabot_description/share/vegabot_description/models/aws_robomaker_residential_PortraitD_01/model.config
[3.488s] -- Up-to-date: /home/spkmak/vegabot_ws/install/vegabot_description/share/vegabot_description/models/aws_robomaker_residential_PortraitD_01/model.sdf
[3.488s] -- Up-to-date: /home/spkmak/vegabot_ws/install/vegabot_description/share/vegabot_description/models/aws_robomaker_residential_PortraitD_01/materials
[3.488s] -- Up-to-date: /home/spkmak/vegabot_ws/install/vegabot_description/share/vegabot_description/models/aws_robomaker_residential_PortraitD_01/materials/textures
[3.489s] -- Up-to-date: /home/spkmak/vegabot_ws/install/vegabot_description/share/vegabot_description/models/aws_robomaker_residential_PortraitD_01/materials/textures/aws_PortraitD_01.png
[3.489s] -- Up-to-date: /home/spkmak/vegabot_ws/install/vegabot_description/share/vegabot_description/models/aws_robomaker_residential_PortraitD_01/materials/textures/aws_PortraitD_02.png
[3.489s] -- Up-to-date: /home/spkmak/vegabot_ws/install/vegabot_description/share/vegabot_description/models/aws_robomaker_warehouse_Lamp_01
[3.489s] -- Up-to-date: /home/spkmak/vegabot_ws/install/vegabot_description/share/vegabot_description/models/aws_robomaker_warehouse_Lamp_01/meshes
[3.489s] -- Up-to-date: /home/spkmak/vegabot_ws/install/vegabot_description/share/vegabot_description/models/aws_robomaker_warehouse_Lamp_01/meshes/aws_robomaker_warehouse_Lamp_01_visual.DAE
[3.490s] -- Up-to-date: /home/spkmak/vegabot_ws/install/vegabot_description/share/vegabot_description/models/aws_robomaker_warehouse_Lamp_01/meshes/aws_robomaker_warehouse_Lamp_01_collision.DAE
[3.490s] -- Up-to-date: /home/spkmak/vegabot_ws/install/vegabot_description/share/vegabot_description/models/aws_robomaker_warehouse_Lamp_01/model.config
[3.490s] -- Up-to-date: /home/spkmak/vegabot_ws/install/vegabot_description/share/vegabot_description/models/aws_robomaker_warehouse_Lamp_01/model.sdf
[3.490s] -- Up-to-date: /home/spkmak/vegabot_ws/install/vegabot_description/share/vegabot_description/models/aws_robomaker_warehouse_Lamp_01/materials
[3.490s] -- Up-to-date: /home/spkmak/vegabot_ws/install/vegabot_description/share/vegabot_description/models/aws_robomaker_warehouse_Lamp_01/materials/textures
[3.490s] -- Up-to-date: /home/spkmak/vegabot_ws/install/vegabot_description/share/vegabot_description/models/aws_robomaker_warehouse_Lamp_01/materials/textures/aws_robomaker_warehouse_Lamp_01.png
[3.490s] -- Up-to-date: /home/spkmak/vegabot_ws/install/vegabot_description/share/vegabot_description/models/aws_robomaker_residential_KitchenTable_01
[3.491s] -- Up-to-date: /home/spkmak/vegabot_ws/install/vegabot_description/share/vegabot_description/models/aws_robomaker_residential_KitchenTable_01/meshes
[3.491s] -- Up-to-date: /home/spkmak/vegabot_ws/install/vegabot_description/share/vegabot_description/models/aws_robomaker_residential_KitchenTable_01/meshes/aws_KitchenTable_01_visual.DAE
[3.492s] -- Up-to-date: /home/spkmak/vegabot_ws/install/vegabot_description/share/vegabot_description/models/aws_robomaker_residential_KitchenTable_01/meshes/aws_KitchenTable_01_collision.DAE
[3.492s] -- Up-to-date: /home/spkmak/vegabot_ws/install/vegabot_description/share/vegabot_description/models/aws_robomaker_residential_KitchenTable_01/model.config
[3.492s] -- Up-to-date: /home/spkmak/vegabot_ws/install/vegabot_description/share/vegabot_description/models/aws_robomaker_residential_KitchenTable_01/model.sdf
[3.492s] -- Up-to-date: /home/spkmak/vegabot_ws/install/vegabot_description/share/vegabot_description/models/aws_robomaker_residential_KitchenTable_01/materials
[3.492s] -- Up-to-date: /home/spkmak/vegabot_ws/install/vegabot_description/share/vegabot_description/models/aws_robomaker_residential_KitchenTable_01/materials/textures
[3.492s] -- Up-to-date: /home/spkmak/vegabot_ws/install/vegabot_description/share/vegabot_description/models/aws_robomaker_residential_KitchenTable_01/materials/textures/aws_KitchenTable_01.png
[3.492s] -- Up-to-date: /home/spkmak/vegabot_ws/install/vegabot_description/share/vegabot_description/models/vegabot_dock
[3.493s] -- Up-to-date: /home/spkmak/vegabot_ws/install/vegabot_description/share/vegabot_description/models/vegabot_dock/meshes
[3.493s] -- Up-to-date: /home/spkmak/vegabot_ws/install/vegabot_description/share/vegabot_description/models/vegabot_dock/meshes/vegabot_dock.stl
[3.493s] -- Up-to-date: /home/spkmak/vegabot_ws/install/vegabot_description/share/vegabot_description/models/vegabot_dock/model.config
[3.493s] -- Up-to-date: /home/spkmak/vegabot_ws/install/vegabot_description/share/vegabot_description/models/vegabot_dock/model.sdf
[3.494s] -- Up-to-date: /home/spkmak/vegabot_ws/install/vegabot_description/share/vegabot_description/models/aws_robomaker_residential_Dumbbell_01
[3.494s] -- Up-to-date: /home/spkmak/vegabot_ws/install/vegabot_description/share/vegabot_description/models/aws_robomaker_residential_Dumbbell_01/meshes
[3.494s] -- Up-to-date: /home/spkmak/vegabot_ws/install/vegabot_description/share/vegabot_description/models/aws_robomaker_residential_Dumbbell_01/meshes/aws_Dumbbell_01_collision.DAE
[3.494s] -- Up-to-date: /home/spkmak/vegabot_ws/install/vegabot_description/share/vegabot_description/models/aws_robomaker_residential_Dumbbell_01/meshes/aws_Dumbbell_01_visual.DAE
[3.494s] -- Up-to-date: /home/spkmak/vegabot_ws/install/vegabot_description/share/vegabot_description/models/aws_robomaker_residential_Dumbbell_01/model.config
[3.494s] -- Up-to-date: /home/spkmak/vegabot_ws/install/vegabot_description/share/vegabot_description/models/aws_robomaker_residential_Dumbbell_01/model.sdf
[3.495s] -- Up-to-date: /home/spkmak/vegabot_ws/install/vegabot_description/share/vegabot_description/models/aws_robomaker_residential_Dumbbell_01/materials
[3.495s] -- Up-to-date: /home/spkmak/vegabot_ws/install/vegabot_description/share/vegabot_description/models/aws_robomaker_residential_Dumbbell_01/materials/textures
[3.495s] -- Up-to-date: /home/spkmak/vegabot_ws/install/vegabot_description/share/vegabot_description/models/aws_robomaker_residential_Dumbbell_01/materials/textures/aws_Dumbbell_01.png
[3.495s] -- Up-to-date: /home/spkmak/vegabot_ws/install/vegabot_description/share/vegabot_description/models/aws_robomaker_residential_PortraitB_02
[3.495s] -- Up-to-date: /home/spkmak/vegabot_ws/install/vegabot_description/share/vegabot_description/models/aws_robomaker_residential_PortraitB_02/meshes
[3.496s] -- Up-to-date: /home/spkmak/vegabot_ws/install/vegabot_description/share/vegabot_description/models/aws_robomaker_residential_PortraitB_02/meshes/aws_PortraitB_01_collision.DAE
[3.496s] -- Up-to-date: /home/spkmak/vegabot_ws/install/vegabot_description/share/vegabot_description/models/aws_robomaker_residential_PortraitB_02/meshes/aws_PortraitB_01_visual.DAE
[3.496s] -- Up-to-date: /home/spkmak/vegabot_ws/install/vegabot_description/share/vegabot_description/models/aws_robomaker_residential_PortraitB_02/model.config
[3.496s] -- Up-to-date: /home/spkmak/vegabot_ws/install/vegabot_description/share/vegabot_description/models/aws_robomaker_residential_PortraitB_02/model.sdf
[3.496s] -- Up-to-date: /home/spkmak/vegabot_ws/install/vegabot_description/share/vegabot_description/models/aws_robomaker_residential_PortraitB_02/materials
[3.497s] -- Up-to-date: /home/spkmak/vegabot_ws/install/vegabot_description/share/vegabot_description/models/aws_robomaker_residential_PortraitB_02/materials/textures
[3.497s] -- Up-to-date: /home/spkmak/vegabot_ws/install/vegabot_description/share/vegabot_description/models/aws_robomaker_residential_PortraitB_02/materials/textures/aws_PortraitB_02.png
[3.497s] -- Up-to-date: /home/spkmak/vegabot_ws/install/vegabot_description/share/vegabot_description/models/aws_robomaker_residential_PortraitB_02/materials/textures/aws_PortraitB_01.png
[3.497s] -- Up-to-date: /home/spkmak/vegabot_ws/install/vegabot_description/share/vegabot_description/models/aws_robomaker_residential_Door_01
[3.497s] -- Up-to-date: /home/spkmak/vegabot_ws/install/vegabot_description/share/vegabot_description/models/aws_robomaker_residential_Door_01/meshes
[3.498s] -- Up-to-date: /home/spkmak/vegabot_ws/install/vegabot_description/share/vegabot_description/models/aws_robomaker_residential_Door_01/meshes/aws_Door_01_collision.DAE
[3.498s] -- Up-to-date: /home/spkmak/vegabot_ws/install/vegabot_description/share/vegabot_description/models/aws_robomaker_residential_Door_01/meshes/aws_Door_01_visual.DAE
[3.498s] -- Up-to-date: /home/spkmak/vegabot_ws/install/vegabot_description/share/vegabot_description/models/aws_robomaker_residential_Door_01/model.config
[3.498s] -- Up-to-date: /home/spkmak/vegabot_ws/install/vegabot_description/share/vegabot_description/models/aws_robomaker_residential_Door_01/model.sdf
[3.498s] -- Up-to-date: /home/spkmak/vegabot_ws/install/vegabot_description/share/vegabot_description/models/aws_robomaker_residential_Door_01/materials
[3.498s] -- Up-to-date: /home/spkmak/vegabot_ws/install/vegabot_description/share/vegabot_description/models/aws_robomaker_residential_Door_01/materials/textures
[3.499s] -- Up-to-date: /home/spkmak/vegabot_ws/install/vegabot_description/share/vegabot_description/models/aws_robomaker_residential_Door_01/materials/textures/aws_Door_01.png
[3.499s] -- Up-to-date: /home/spkmak/vegabot_ws/install/vegabot_description/share/vegabot_description/models/aws_robomaker_residential_RoomWindow_01
[3.499s] -- Up-to-date: /home/spkmak/vegabot_ws/install/vegabot_description/share/vegabot_description/models/aws_robomaker_residential_RoomWindow_01/meshes
[3.499s] -- Up-to-date: /home/spkmak/vegabot_ws/install/vegabot_description/share/vegabot_description/models/aws_robomaker_residential_RoomWindow_01/meshes/aws_RoomWindow_01_collision.DAE
[3.500s] -- Up-to-date: /home/spkmak/vegabot_ws/install/vegabot_description/share/vegabot_description/models/aws_robomaker_residential_RoomWindow_01/meshes/aws_RoomWindow_01_visual.DAE
[3.500s] -- Up-to-date: /home/spkmak/vegabot_ws/install/vegabot_description/share/vegabot_description/models/aws_robomaker_residential_RoomWindow_01/model.config
[3.500s] -- Up-to-date: /home/spkmak/vegabot_ws/install/vegabot_description/share/vegabot_description/models/aws_robomaker_residential_RoomWindow_01/model.sdf
[3.500s] -- Up-to-date: /home/spkmak/vegabot_ws/install/vegabot_description/share/vegabot_description/models/aws_robomaker_residential_RoomWindow_01/materials
[3.504s] -- Up-to-date: /home/spkmak/vegabot_ws/install/vegabot_description/share/vegabot_description/models/aws_robomaker_residential_RoomWindow_01/materials/textures
[3.504s] -- Up-to-date: /home/spkmak/vegabot_ws/install/vegabot_description/share/vegabot_description/models/aws_robomaker_residential_RoomWindow_01/materials/textures/aws_RoomWindow_01.png
[3.505s] -- Up-to-date: /home/spkmak/vegabot_ws/install/vegabot_description/share/vegabot_description/models/aws_robomaker_residential_DeskPortraitB_02
[3.505s] -- Up-to-date: /home/spkmak/vegabot_ws/install/vegabot_description/share/vegabot_description/models/aws_robomaker_residential_DeskPortraitB_02/meshes
[3.505s] -- Up-to-date: /home/spkmak/vegabot_ws/install/vegabot_description/share/vegabot_description/models/aws_robomaker_residential_DeskPortraitB_02/meshes/aws_DeskPortraitB_01_collision.DAE
[3.506s] -- Up-to-date: /home/spkmak/vegabot_ws/install/vegabot_description/share/vegabot_description/models/aws_robomaker_residential_DeskPortraitB_02/meshes/aws_DeskPortraitB_01_visual.DAE
[3.506s] -- Up-to-date: /home/spkmak/vegabot_ws/install/vegabot_description/share/vegabot_description/models/aws_robomaker_residential_DeskPortraitB_02/model.config
[3.506s] -- Up-to-date: /home/spkmak/vegabot_ws/install/vegabot_description/share/vegabot_description/models/aws_robomaker_residential_DeskPortraitB_02/model.sdf
[3.506s] -- Up-to-date: /home/spkmak/vegabot_ws/install/vegabot_description/share/vegabot_description/models/aws_robomaker_residential_DeskPortraitB_02/materials
[3.506s] -- Up-to-date: /home/spkmak/vegabot_ws/install/vegabot_description/share/vegabot_description/models/aws_robomaker_residential_DeskPortraitB_02/materials/textures
[3.507s] -- Up-to-date: /home/spkmak/vegabot_ws/install/vegabot_description/share/vegabot_description/models/aws_robomaker_residential_DeskPortraitB_02/materials/textures/aws_DeskPortraitB_02.png
[3.507s] -- Up-to-date: /home/spkmak/vegabot_ws/install/vegabot_description/share/vegabot_description/models/aws_robomaker_residential_DeskPortraitB_02/materials/textures/aws_DeskPortraitB_01.png
[3.507s] -- Up-to-date: /home/spkmak/vegabot_ws/install/vegabot_description/share/vegabot_description/models/aws_robomaker_residential_AirconditionerB_01
[3.507s] -- Up-to-date: /home/spkmak/vegabot_ws/install/vegabot_description/share/vegabot_description/models/aws_robomaker_residential_AirconditionerB_01/meshes
[3.507s] -- Up-to-date: /home/spkmak/vegabot_ws/install/vegabot_description/share/vegabot_description/models/aws_robomaker_residential_AirconditionerB_01/meshes/aws_AirconditionerB_01_collision.DAE
[3.508s] -- Up-to-date: /home/spkmak/vegabot_ws/install/vegabot_description/share/vegabot_description/models/aws_robomaker_residential_AirconditionerB_01/meshes/aws_AirconditionerB_01_visual.DAE
[3.508s] -- Up-to-date: /home/spkmak/vegabot_ws/install/vegabot_description/share/vegabot_description/models/aws_robomaker_residential_AirconditionerB_01/model.config
[3.508s] -- Up-to-date: /home/spkmak/vegabot_ws/install/vegabot_description/share/vegabot_description/models/aws_robomaker_residential_AirconditionerB_01/model.sdf
[3.508s] -- Up-to-date: /home/spkmak/vegabot_ws/install/vegabot_description/share/vegabot_description/models/aws_robomaker_residential_AirconditionerB_01/materials
[3.508s] -- Up-to-date: /home/spkmak/vegabot_ws/install/vegabot_description/share/vegabot_description/models/aws_robomaker_residential_AirconditionerB_01/materials/textures
[3.508s] -- Up-to-date: /home/spkmak/vegabot_ws/install/vegabot_description/share/vegabot_description/models/aws_robomaker_residential_AirconditionerB_01/materials/textures/aws_AirconditionerB_01.png
[3.509s] -- Up-to-date: /home/spkmak/vegabot_ws/install/vegabot_description/share/vegabot_description/models/aws_robomaker_residential_KitchenUtensils_01
[3.509s] -- Up-to-date: /home/spkmak/vegabot_ws/install/vegabot_description/share/vegabot_description/models/aws_robomaker_residential_KitchenUtensils_01/meshes
[3.509s] -- Up-to-date: /home/spkmak/vegabot_ws/install/vegabot_description/share/vegabot_description/models/aws_robomaker_residential_KitchenUtensils_01/meshes/aws_KitchenUtensils_01_collision.DAE
[3.509s] -- Up-to-date: /home/spkmak/vegabot_ws/install/vegabot_description/share/vegabot_description/models/aws_robomaker_residential_KitchenUtensils_01/meshes/aws_KitchenUtensils_01_visual.DAE
[3.509s] -- Up-to-date: /home/spkmak/vegabot_ws/install/vegabot_description/share/vegabot_description/models/aws_robomaker_residential_KitchenUtensils_01/model.config
[3.509s] -- Up-to-date: /home/spkmak/vegabot_ws/install/vegabot_description/share/vegabot_description/models/aws_robomaker_residential_KitchenUtensils_01/model.sdf
[3.510s] -- Up-to-date: /home/spkmak/vegabot_ws/install/vegabot_description/share/vegabot_description/models/aws_robomaker_residential_KitchenUtensils_01/materials
[3.510s] -- Up-to-date: /home/spkmak/vegabot_ws/install/vegabot_description/share/vegabot_description/models/aws_robomaker_residential_KitchenUtensils_01/materials/textures
[3.510s] -- Up-to-date: /home/spkmak/vegabot_ws/install/vegabot_description/share/vegabot_description/models/aws_robomaker_residential_KitchenUtensils_01/materials/textures/aws_KitchenUtensils_01.png
[3.510s] -- Up-to-date: /home/spkmak/vegabot_ws/install/vegabot_description/share/vegabot_description/models/aws_robomaker_residential_NightStand_01
[3.510s] -- Up-to-date: /home/spkmak/vegabot_ws/install/vegabot_description/share/vegabot_description/models/aws_robomaker_residential_NightStand_01/meshes
[3.511s] -- Up-to-date: /home/spkmak/vegabot_ws/install/vegabot_description/share/vegabot_description/models/aws_robomaker_residential_NightStand_01/meshes/aws_NightStand_01_visual.DAE
[3.511s] -- Up-to-date: /home/spkmak/vegabot_ws/install/vegabot_description/share/vegabot_description/models/aws_robomaker_residential_NightStand_01/meshes/aws_NightStand_01_collision.DAE
[3.511s] -- Up-to-date: /home/spkmak/vegabot_ws/install/vegabot_description/share/vegabot_description/models/aws_robomaker_residential_NightStand_01/model.config
[3.511s] -- Up-to-date: /home/spkmak/vegabot_ws/install/vegabot_description/share/vegabot_description/models/aws_robomaker_residential_NightStand_01/model.sdf
[3.511s] -- Up-to-date: /home/spkmak/vegabot_ws/install/vegabot_description/share/vegabot_description/models/aws_robomaker_residential_NightStand_01/materials
[3.511s] -- Up-to-date: /home/spkmak/vegabot_ws/install/vegabot_description/share/vegabot_description/models/aws_robomaker_residential_NightStand_01/materials/textures
[3.512s] -- Up-to-date: /home/spkmak/vegabot_ws/install/vegabot_description/share/vegabot_description/models/aws_robomaker_residential_NightStand_01/materials/textures/aws_NightStand_01.png
[3.512s] -- Up-to-date: /home/spkmak/vegabot_ws/install/vegabot_description/share/vegabot_description/models/aws_robomaker_residential_Tablet_01
[3.512s] -- Up-to-date: /home/spkmak/vegabot_ws/install/vegabot_description/share/vegabot_description/models/aws_robomaker_residential_Tablet_01/meshes
[3.512s] -- Up-to-date: /home/spkmak/vegabot_ws/install/vegabot_description/share/vegabot_description/models/aws_robomaker_residential_Tablet_01/meshes/aws_Tablet_01_collision.DAE
[3.512s] -- Up-to-date: /home/spkmak/vegabot_ws/install/vegabot_description/share/vegabot_description/models/aws_robomaker_residential_Tablet_01/meshes/aws_Tablet_01_visual.DAE
[3.512s] -- Up-to-date: /home/spkmak/vegabot_ws/install/vegabot_description/share/vegabot_description/models/aws_robomaker_residential_Tablet_01/model.config
[3.513s] -- Up-to-date: /home/spkmak/vegabot_ws/install/vegabot_description/share/vegabot_description/models/aws_robomaker_residential_Tablet_01/model.sdf
[3.513s] -- Up-to-date: /home/spkmak/vegabot_ws/install/vegabot_description/share/vegabot_description/models/aws_robomaker_residential_Tablet_01/materials
[3.513s] -- Up-to-date: /home/spkmak/vegabot_ws/install/vegabot_description/share/vegabot_description/models/aws_robomaker_residential_Tablet_01/materials/textures
[3.513s] -- Up-to-date: /home/spkmak/vegabot_ws/install/vegabot_description/share/vegabot_description/models/aws_robomaker_residential_Tablet_01/materials/textures/aws_Tablet_01_nologo.png
[3.513s] -- Up-to-date: /home/spkmak/vegabot_ws/install/vegabot_description/share/vegabot_description/models/aws_robomaker_residential_PortraitC_01
[3.513s] -- Up-to-date: /home/spkmak/vegabot_ws/install/vegabot_description/share/vegabot_description/models/aws_robomaker_residential_PortraitC_01/meshes
[3.514s] -- Up-to-date: /home/spkmak/vegabot_ws/install/vegabot_description/share/vegabot_description/models/aws_robomaker_residential_PortraitC_01/meshes/aws_PortraitC_01_collision.DAE
[3.514s] -- Up-to-date: /home/spkmak/vegabot_ws/install/vegabot_description/share/vegabot_description/models/aws_robomaker_residential_PortraitC_01/meshes/aws_PortraitC_01_visual.DAE
[3.514s] -- Up-to-date: /home/spkmak/vegabot_ws/install/vegabot_description/share/vegabot_description/models/aws_robomaker_residential_PortraitC_01/model.config
[3.514s] -- Up-to-date: /home/spkmak/vegabot_ws/install/vegabot_description/share/vegabot_description/models/aws_robomaker_residential_PortraitC_01/model.sdf
[3.514s] -- Up-to-date: /home/spkmak/vegabot_ws/install/vegabot_description/share/vegabot_description/models/aws_robomaker_residential_PortraitC_01/materials
[3.515s] -- Up-to-date: /home/spkmak/vegabot_ws/install/vegabot_description/share/vegabot_description/models/aws_robomaker_residential_PortraitC_01/materials/textures
[3.515s] -- Up-to-date: /home/spkmak/vegabot_ws/install/vegabot_description/share/vegabot_description/models/aws_robomaker_residential_PortraitC_01/materials/textures/aws_PortraitC_01.png
[3.515s] -- Up-to-date: /home/spkmak/vegabot_ws/install/vegabot_description/share/vegabot_description/models/aws_robomaker_residential_PortraitC_01/materials/textures/aws_PortraitC_02.png
[3.515s] -- Up-to-date: /home/spkmak/vegabot_ws/install/vegabot_description/share/vegabot_description/models/aws_robomaker_residential_RoomCeiling_01
[3.515s] -- Up-to-date: /home/spkmak/vegabot_ws/install/vegabot_description/share/vegabot_description/models/aws_robomaker_residential_RoomCeiling_01/meshes
[3.515s] -- Up-to-date: /home/spkmak/vegabot_ws/install/vegabot_description/share/vegabot_description/models/aws_robomaker_residential_RoomCeiling_01/meshes/aws_RoomCeiling_01_visual.DAE
[3.515s] -- Up-to-date: /home/spkmak/vegabot_ws/install/vegabot_description/share/vegabot_description/models/aws_robomaker_residential_RoomCeiling_01/meshes/aws_RoomCeiling_01_collision.DAE
[3.516s] -- Up-to-date: /home/spkmak/vegabot_ws/install/vegabot_description/share/vegabot_description/models/aws_robomaker_residential_RoomCeiling_01/model.config
[3.516s] -- Up-to-date: /home/spkmak/vegabot_ws/install/vegabot_description/share/vegabot_description/models/aws_robomaker_residential_RoomCeiling_01/model.sdf
[3.516s] -- Up-to-date: /home/spkmak/vegabot_ws/install/vegabot_description/share/vegabot_description/models/aws_robomaker_residential_RoomCeiling_01/materials
[3.516s] -- Up-to-date: /home/spkmak/vegabot_ws/install/vegabot_description/share/vegabot_description/models/aws_robomaker_residential_RoomCeiling_01/materials/textures
[3.516s] -- Up-to-date: /home/spkmak/vegabot_ws/install/vegabot_description/share/vegabot_description/models/aws_robomaker_residential_RoomCeiling_01/materials/textures/aws_RoomCeiling_01.png
[3.517s] -- Up-to-date: /home/spkmak/vegabot_ws/install/vegabot_description/share/vegabot_description/models/aws_robomaker_residential_Tableware_01
[3.517s] -- Up-to-date: /home/spkmak/vegabot_ws/install/vegabot_description/share/vegabot_description/models/aws_robomaker_residential_Tableware_01/meshes
[3.517s] -- Up-to-date: /home/spkmak/vegabot_ws/install/vegabot_description/share/vegabot_description/models/aws_robomaker_residential_Tableware_01/meshes/aws_Tableware_01_collision.DAE
[3.517s] -- Up-to-date: /home/spkmak/vegabot_ws/install/vegabot_description/share/vegabot_description/models/aws_robomaker_residential_Tableware_01/meshes/aws_Tableware_01_visual.DAE
[3.517s] -- Up-to-date: /home/spkmak/vegabot_ws/install/vegabot_description/share/vegabot_description/models/aws_robomaker_residential_Tableware_01/model.config
[3.517s] -- Up-to-date: /home/spkmak/vegabot_ws/install/vegabot_description/share/vegabot_description/models/aws_robomaker_residential_Tableware_01/model.sdf
[3.517s] -- Up-to-date: /home/spkmak/vegabot_ws/install/vegabot_description/share/vegabot_description/models/aws_robomaker_residential_Tableware_01/materials
[3.518s] -- Up-to-date: /home/spkmak/vegabot_ws/install/vegabot_description/share/vegabot_description/models/aws_robomaker_residential_Tableware_01/materials/textures
[3.518s] -- Up-to-date: /home/spkmak/vegabot_ws/install/vegabot_description/share/vegabot_description/models/aws_robomaker_residential_Tableware_01/materials/textures/aws_Tableware_01.png
[3.519s] -- Installing: /home/spkmak/vegabot_ws/install/vegabot_description/share/ament_index/resource_index/package_run_dependencies/vegabot_description
[3.521s] -- Installing: /home/spkmak/vegabot_ws/install/vegabot_description/share/ament_index/resource_index/parent_prefix_path/vegabot_description
[3.522s] -- Up-to-date: /home/spkmak/vegabot_ws/install/vegabot_description/share/vegabot_description/environment/ament_prefix_path.sh
[3.523s] -- Installing: /home/spkmak/vegabot_ws/install/vegabot_description/share/vegabot_description/environment/ament_prefix_path.dsv
[3.523s] -- Up-to-date: /home/spkmak/vegabot_ws/install/vegabot_description/share/vegabot_description/environment/path.sh
[3.523s] -- Installing: /home/spkmak/vegabot_ws/install/vegabot_description/share/vegabot_description/environment/path.dsv
[3.524s] -- Up-to-date: /home/spkmak/vegabot_ws/install/vegabot_description/share/vegabot_description/local_setup.bash
[3.524s] -- Up-to-date: /home/spkmak/vegabot_ws/install/vegabot_description/share/vegabot_description/local_setup.sh
[3.524s] -- Up-to-date: /home/spkmak/vegabot_ws/install/vegabot_description/share/vegabot_description/local_setup.zsh
[3.525s] -- Installing: /home/spkmak/vegabot_ws/install/vegabot_description/share/vegabot_description/local_setup.dsv
[3.525s] -- Installing: /home/spkmak/vegabot_ws/install/vegabot_description/share/vegabot_description/package.dsv
[3.525s] -- Up-to-date: /home/spkmak/vegabot_ws/install/vegabot_description/share/ament_index/resource_index/packages/vegabot_description
[3.525s] -- Up-to-date: /home/spkmak/vegabot_ws/install/vegabot_description/share/vegabot_description/cmake/vegabot_descriptionConfig.cmake
[3.525s] -- Up-to-date: /home/spkmak/vegabot_ws/install/vegabot_description/share/vegabot_description/cmake/vegabot_descriptionConfig-version.cmake
[3.525s] -- Installing: /home/spkmak/vegabot_ws/install/vegabot_description/share/vegabot_description/package.xml
[3.533s] Invoked command in '/home/spkmak/vegabot_ws/build/vegabot_description' returned '0': CMAKE_PREFIX_PATH=${CMAKE_PREFIX_PATH}:/home/spkmak/ros2_ws/install/so_arm_100_bringup:/opt/ros/humble /home/spkmak/.local/bin/cmake --install /home/spkmak/vegabot_ws/build/vegabot_description
