[0.029s] Invoking command in '/home/spkmak/vegabot_ws/build/vegabot_description': CMAKE_PREFIX_PATH=${CMAKE_PREFIX_PATH}:/home/spkmak/ros2_ws/install/so_arm_100_bringup:/opt/ros/humble /home/spkmak/.local/bin/cmake --build /home/spkmak/vegabot_ws/build/vegabot_description -- -j6 -l6
[0.191s] -- Found ament_cmake: 1.3.14 (/opt/ros/humble/share/ament_cmake/cmake)
[0.624s] -- Found ament_lint_auto: 0.12.15 (/opt/ros/humble/share/ament_lint_auto/cmake)
[0.890s] -- Added test 'flake8' to check Python code syntax and style conventions
[0.909s] -- Added test 'lint_cmake' to check CMake code style
[0.919s] -- Added test 'pep257' to check Python code against some of the docstring style conventions in PEP 257
[0.996s] -- Added test 'xmllint' to check XML markup files
[0.998s] -- Configuring done (0.8s)
[1.006s] -- Generating done (0.0s)
[1.008s] -- Build files have been written to: /home/spkmak/vegabot_ws/build/vegabot_description
[1.036s] Invoked command in '/home/spkmak/vegabot_ws/build/vegabot_description' returned '0': CMAKE_PREFIX_PATH=${CMAKE_PREFIX_PATH}:/home/spkmak/ros2_ws/install/so_arm_100_bringup:/opt/ros/humble /home/spkmak/.local/bin/cmake --build /home/spkmak/vegabot_ws/build/vegabot_description -- -j6 -l6
[1.039s] Invoking command in '/home/spkmak/vegabot_ws/build/vegabot_description': CMAKE_PREFIX_PATH=${CMAKE_PREFIX_PATH}:/home/spkmak/ros2_ws/install/so_arm_100_bringup:/opt/ros/humble /home/spkmak/.local/bin/cmake --install /home/spkmak/vegabot_ws/build/vegabot_description
[1.189s] -- Install configuration: ""
[1.190s] -- Up-to-date: /home/spkmak/vegabot_ws/install/vegabot_description/share/vegabot_description/urdf
[1.191s] -- Up-to-date: /home/spkmak/vegabot_ws/install/vegabot_description/share/vegabot_description/urdf/bot.urdf
[1.191s] -- Up-to-date: /home/spkmak/vegabot_ws/install/vegabot_description/share/vegabot_description/urdf/vegabot_gazebo.xacro
[1.191s] -- Up-to-date: /home/spkmak/vegabot_ws/install/vegabot_description/share/vegabot_description/urdf/vegabot_base.xacro
[1.192s] -- Up-to-date: /home/spkmak/vegabot_ws/install/vegabot_description/share/vegabot_description/urdf/bot_wheel.urdf
[1.192s] -- Up-to-date: /home/spkmak/vegabot_ws/install/vegabot_description/share/vegabot_description/urdf/vegabot_sensors.xacro
[1.192s] -- Up-to-date: /home/spkmak/vegabot_ws/install/vegabot_description/share/vegabot_description/urdf/vegabot.urdf.xacro
[1.192s] -- Up-to-date: /home/spkmak/vegabot_ws/install/vegabot_description/share/vegabot_description/urdf/template.urdf
[1.193s] -- Up-to-date: /home/spkmak/vegabot_ws/install/vegabot_description/share/vegabot_description/urdf/vegabot_ros2control.xacro
[1.193s] -- Up-to-date: /home/spkmak/vegabot_ws/install/vegabot_description/share/vegabot_description/rviz
[1.193s] -- Up-to-date: /home/spkmak/vegabot_ws/install/vegabot_description/share/vegabot_description/rviz/display.rviz
[1.193s] -- Up-to-date: /home/spkmak/vegabot_ws/install/vegabot_description/share/vegabot_description/launch
[1.194s] -- Up-to-date: /home/spkmak/vegabot_ws/install/vegabot_description/share/vegabot_description/launch/display.launch.py
[1.194s] -- Up-to-date: /home/spkmak/vegabot_ws/install/vegabot_description/share/vegabot_description/launch/gazebo.launch.py
[1.194s] -- Up-to-date: /home/spkmak/vegabot_ws/install/vegabot_description/share/vegabot_description/worlds
[1.194s] -- Up-to-date: /home/spkmak/vegabot_ws/install/vegabot_description/share/vegabot_description/worlds/empty.world
[1.194s] -- Up-to-date: /home/spkmak/vegabot_ws/install/vegabot_description/share/vegabot_description/worlds/small_house.world
[1.195s] -- Up-to-date: /home/spkmak/vegabot_ws/install/vegabot_description/share/vegabot_description/worlds/qr_maze.world
[1.195s] -- Up-to-date: /home/spkmak/vegabot_ws/install/vegabot_description/share/vegabot_description/photos
[1.195s] -- Up-to-date: /home/spkmak/vegabot_ws/install/vegabot_description/share/vegabot_description/photos/PortraitB_03.jpg
[1.195s] -- Up-to-date: /home/spkmak/vegabot_ws/install/vegabot_description/share/vegabot_description/photos/PortraitC_01.jpg
[1.195s] -- Up-to-date: /home/spkmak/vegabot_ws/install/vegabot_description/share/vegabot_description/photos/DeskPortraitC_01.jpg
[1.196s] -- Up-to-date: /home/spkmak/vegabot_ws/install/vegabot_description/share/vegabot_description/photos/DeskPortraitC_02.jpg
[1.196s] -- Up-to-date: /home/spkmak/vegabot_ws/install/vegabot_description/share/vegabot_description/photos/DeskPortraitD_02.jpg
[1.196s] -- Up-to-date: /home/spkmak/vegabot_ws/install/vegabot_description/share/vegabot_description/photos/PortraitA_01.jpg
[1.196s] -- Up-to-date: /home/spkmak/vegabot_ws/install/vegabot_description/share/vegabot_description/photos/PortraitE_01.jpg
[1.197s] -- Up-to-date: /home/spkmak/vegabot_ws/install/vegabot_description/share/vegabot_description/photos/PortraitB_02.jpg
[1.197s] -- Up-to-date: /home/spkmak/vegabot_ws/install/vegabot_description/share/vegabot_description/photos/DeskPortraitA_01.jpg
[1.197s] -- Up-to-date: /home/spkmak/vegabot_ws/install/vegabot_description/share/vegabot_description/photos/DeskPortraitB_01.jpg
[1.197s] -- Up-to-date: /home/spkmak/vegabot_ws/install/vegabot_description/share/vegabot_description/photos/DeskPortraitD_01.jpg
[1.198s] -- Up-to-date: /home/spkmak/vegabot_ws/install/vegabot_description/share/vegabot_description/photos/DeskPortraitA_02.jpg
[1.198s] -- Up-to-date: /home/spkmak/vegabot_ws/install/vegabot_description/share/vegabot_description/photos/PortraitE_02.jpg
[1.198s] -- Up-to-date: /home/spkmak/vegabot_ws/install/vegabot_description/share/vegabot_description/photos/DeskPortraitB_02.jpg
[1.198s] -- Up-to-date: /home/spkmak/vegabot_ws/install/vegabot_description/share/vegabot_description/photos/PortraitA_02.jpg
[1.198s] -- Up-to-date: /home/spkmak/vegabot_ws/install/vegabot_description/share/vegabot_description/photos/PortraitB_01.jpg
[1.199s] -- Up-to-date: /home/spkmak/vegabot_ws/install/vegabot_description/share/vegabot_description/photos/PortraitD_01.jpg
[1.199s] -- Up-to-date: /home/spkmak/vegabot_ws/install/vegabot_description/share/vegabot_description/photos/DeskPortraitD_03.jpg
[1.199s] -- Up-to-date: /home/spkmak/vegabot_ws/install/vegabot_description/share/vegabot_description/photos/DeskPortraitD_04.jpg
[1.199s] -- Up-to-date: /home/spkmak/vegabot_ws/install/vegabot_description/share/vegabot_description/photos/PortraitD_02.jpg
[1.200s] -- Up-to-date: /home/spkmak/vegabot_ws/install/vegabot_description/share/vegabot_description/meshes
[1.200s] -- Up-to-date: /home/spkmak/vegabot_ws/install/vegabot_description/share/vegabot_description/meshes/vegabot_base_link.stl
[1.200s] -- Up-to-date: /home/spkmak/vegabot_ws/install/vegabot_description/share/vegabot_description/meshes/vegabot_lidar.stl
[1.200s] -- Up-to-date: /home/spkmak/vegabot_ws/install/vegabot_description/share/vegabot_description/meshes/vegabot_right_wheel.stl
[1.201s] -- Up-to-date: /home/spkmak/vegabot_ws/install/vegabot_description/share/vegabot_description/meshes/rear_left_castor.stl
[1.201s] -- Up-to-date: /home/spkmak/vegabot_ws/install/vegabot_description/share/vegabot_description/meshes/front_left_castor.stl
[1.201s] -- Up-to-date: /home/spkmak/vegabot_ws/install/vegabot_description/share/vegabot_description/meshes/vegabot_camera.stl
[1.201s] -- Up-to-date: /home/spkmak/vegabot_ws/install/vegabot_description/share/vegabot_description/meshes/vegabot_left_wheel.stl
[1.202s] -- Up-to-date: /home/spkmak/vegabot_ws/install/vegabot_description/share/vegabot_description/meshes/rear_right_castor.stl
[1.202s] -- Up-to-date: /home/spkmak/vegabot_ws/install/vegabot_description/share/vegabot_description/meshes/vegabot_toplid.stl
[1.202s] -- Up-to-date: /home/spkmak/vegabot_ws/install/vegabot_description/share/vegabot_description/meshes/vegabot_imu.stl
[1.202s] -- Up-to-date: /home/spkmak/vegabot_ws/install/vegabot_description/share/vegabot_description/meshes/vegabot_dock.stl
[1.203s] -- Up-to-date: /home/spkmak/vegabot_ws/install/vegabot_description/share/vegabot_description/meshes/front_right_castor.stl
[1.203s] -- Up-to-date: /home/spkmak/vegabot_ws/install/vegabot_description/share/vegabot_description/photos
[1.203s] -- Up-to-date: /home/spkmak/vegabot_ws/install/vegabot_description/share/vegabot_description/photos/PortraitB_03.jpg
[1.204s] -- Up-to-date: /home/spkmak/vegabot_ws/install/vegabot_description/share/vegabot_description/photos/PortraitC_01.jpg
[1.204s] -- Up-to-date: /home/spkmak/vegabot_ws/install/vegabot_description/share/vegabot_description/photos/DeskPortraitC_01.jpg
[1.204s] -- Up-to-date: /home/spkmak/vegabot_ws/install/vegabot_description/share/vegabot_description/photos/DeskPortraitC_02.jpg
[1.204s] -- Up-to-date: /home/spkmak/vegabot_ws/install/vegabot_description/share/vegabot_description/photos/DeskPortraitD_02.jpg
[1.204s] -- Up-to-date: /home/spkmak/vegabot_ws/install/vegabot_description/share/vegabot_description/photos/PortraitA_01.jpg
[1.205s] -- Up-to-date: /home/spkmak/vegabot_ws/install/vegabot_description/share/vegabot_description/photos/PortraitE_01.jpg
[1.205s] -- Up-to-date: /home/spkmak/vegabot_ws/install/vegabot_description/share/vegabot_description/photos/PortraitB_02.jpg
[1.205s] -- Up-to-date: /home/spkmak/vegabot_ws/install/vegabot_description/share/vegabot_description/photos/DeskPortraitA_01.jpg
[1.205s] -- Up-to-date: /home/spkmak/vegabot_ws/install/vegabot_description/share/vegabot_description/photos/DeskPortraitB_01.jpg
[1.205s] -- Up-to-date: /home/spkmak/vegabot_ws/install/vegabot_description/share/vegabot_description/photos/DeskPortraitD_01.jpg
[1.206s] -- Up-to-date: /home/spkmak/vegabot_ws/install/vegabot_description/share/vegabot_description/photos/DeskPortraitA_02.jpg
[1.206s] -- Up-to-date: /home/spkmak/vegabot_ws/install/vegabot_description/share/vegabot_description/photos/PortraitE_02.jpg
[1.206s] -- Up-to-date: /home/spkmak/vegabot_ws/install/vegabot_description/share/vegabot_description/photos/DeskPortraitB_02.jpg
[1.206s] -- Up-to-date: /home/spkmak/vegabot_ws/install/vegabot_description/share/vegabot_description/photos/PortraitA_02.jpg
[1.207s] -- Up-to-date: /home/spkmak/vegabot_ws/install/vegabot_description/share/vegabot_description/photos/PortraitB_01.jpg
[1.207s] -- Up-to-date: /home/spkmak/vegabot_ws/install/vegabot_description/share/vegabot_description/photos/PortraitD_01.jpg
[1.207s] -- Up-to-date: /home/spkmak/vegabot_ws/install/vegabot_description/share/vegabot_description/photos/DeskPortraitD_03.jpg
[1.207s] -- Up-to-date: /home/spkmak/vegabot_ws/install/vegabot_description/share/vegabot_description/photos/DeskPortraitD_04.jpg
[1.207s] -- Up-to-date: /home/spkmak/vegabot_ws/install/vegabot_description/share/vegabot_description/photos/PortraitD_02.jpg
[1.208s] -- Installing: /home/spkmak/vegabot_ws/install/vegabot_description/share/vegabot_description/models
[1.208s] -- Installing: /home/spkmak/vegabot_ws/install/vegabot_description/share/vegabot_description/models/aws_robomaker_warehouse_ClutteringC_01
[1.208s] -- Installing: /home/spkmak/vegabot_ws/install/vegabot_description/share/vegabot_description/models/aws_robomaker_warehouse_ClutteringC_01/meshes
[1.208s] -- Installing: /home/spkmak/vegabot_ws/install/vegabot_description/share/vegabot_description/models/aws_robomaker_warehouse_ClutteringC_01/meshes/aws_robomaker_warehouse_ClutteringC_01_visual.DAE
[1.209s] -- Installing: /home/spkmak/vegabot_ws/install/vegabot_description/share/vegabot_description/models/aws_robomaker_warehouse_ClutteringC_01/meshes/aws_robomaker_warehouse_ClutteringC_01_collision.DAE
[1.209s] -- Installing: /home/spkmak/vegabot_ws/install/vegabot_description/share/vegabot_description/models/aws_robomaker_warehouse_ClutteringC_01/model.config
[1.209s] -- Installing: /home/spkmak/vegabot_ws/install/vegabot_description/share/vegabot_description/models/aws_robomaker_warehouse_ClutteringC_01/model.sdf
[1.209s] -- Installing: /home/spkmak/vegabot_ws/install/vegabot_description/share/vegabot_description/models/aws_robomaker_warehouse_ClutteringC_01/materials
[1.210s] -- Installing: /home/spkmak/vegabot_ws/install/vegabot_description/share/vegabot_description/models/aws_robomaker_warehouse_ClutteringC_01/materials/textures
[1.210s] -- Installing: /home/spkmak/vegabot_ws/install/vegabot_description/share/vegabot_description/models/aws_robomaker_warehouse_ClutteringC_01/materials/textures/aws_robomaker_warehouse_ClutteringC_02.png
[1.210s] -- Installing: /home/spkmak/vegabot_ws/install/vegabot_description/share/vegabot_description/models/aws_robomaker_warehouse_ClutteringC_01/materials/textures/aws_robomaker_warehouse_ClutteringC_01.png
[1.214s] -- Installing: /home/spkmak/vegabot_ws/install/vegabot_description/share/vegabot_description/models/aws_robomaker_residential_HouseWallB_01
[1.215s] -- Installing: /home/spkmak/vegabot_ws/install/vegabot_description/share/vegabot_description/models/aws_robomaker_residential_HouseWallB_01/meshes
[1.215s] -- Installing: /home/spkmak/vegabot_ws/install/vegabot_description/share/vegabot_description/models/aws_robomaker_residential_HouseWallB_01/meshes/aws_HouseWallB_01_collision.DAE
[1.217s] -- Installing: /home/spkmak/vegabot_ws/install/vegabot_description/share/vegabot_description/models/aws_robomaker_residential_HouseWallB_01/meshes/aws_HouseWallB_01_visual.DAE
[1.219s] -- Installing: /home/spkmak/vegabot_ws/install/vegabot_description/share/vegabot_description/models/aws_robomaker_residential_HouseWallB_01/model.config
[1.220s] -- Installing: /home/spkmak/vegabot_ws/install/vegabot_description/share/vegabot_description/models/aws_robomaker_residential_HouseWallB_01/model.sdf
[1.220s] -- Installing: /home/spkmak/vegabot_ws/install/vegabot_description/share/vegabot_description/models/aws_robomaker_residential_HouseWallB_01/materials
[1.220s] -- Installing: /home/spkmak/vegabot_ws/install/vegabot_description/share/vegabot_description/models/aws_robomaker_residential_HouseWallB_01/materials/textures
[1.221s] -- Installing: /home/spkmak/vegabot_ws/install/vegabot_description/share/vegabot_description/models/aws_robomaker_residential_HouseWallB_01/materials/textures/aws_HouseWallB_01.png
[1.228s] -- Installing: /home/spkmak/vegabot_ws/install/vegabot_description/share/vegabot_description/models/aws_robomaker_residential_DeskPortraitD_02
[1.228s] -- Installing: /home/spkmak/vegabot_ws/install/vegabot_description/share/vegabot_description/models/aws_robomaker_residential_DeskPortraitD_02/meshes
[1.229s] -- Installing: /home/spkmak/vegabot_ws/install/vegabot_description/share/vegabot_description/models/aws_robomaker_residential_DeskPortraitD_02/meshes/aws_DeskPortraitD_01_collision.DAE
[1.229s] -- Installing: /home/spkmak/vegabot_ws/install/vegabot_description/share/vegabot_description/models/aws_robomaker_residential_DeskPortraitD_02/meshes/aws_DeskPortraitD_01_visual.DAE
[1.230s] -- Installing: /home/spkmak/vegabot_ws/install/vegabot_description/share/vegabot_description/models/aws_robomaker_residential_DeskPortraitD_02/model.config
[1.231s] -- Installing: /home/spkmak/vegabot_ws/install/vegabot_description/share/vegabot_description/models/aws_robomaker_residential_DeskPortraitD_02/model.sdf
[1.231s] -- Installing: /home/spkmak/vegabot_ws/install/vegabot_description/share/vegabot_description/models/aws_robomaker_residential_DeskPortraitD_02/materials
[1.232s] -- Installing: /home/spkmak/vegabot_ws/install/vegabot_description/share/vegabot_description/models/aws_robomaker_residential_DeskPortraitD_02/materials/textures
[1.232s] -- Installing: /home/spkmak/vegabot_ws/install/vegabot_description/share/vegabot_description/models/aws_robomaker_residential_DeskPortraitD_02/materials/textures/aws_DeskPortraitD_02.png
[1.284s] -- Installing: /home/spkmak/vegabot_ws/install/vegabot_description/share/vegabot_description/models/aws_robomaker_residential_DeskPortraitD_02/materials/textures/aws_DeskPortraitD_01.png
[1.285s] -- Installing: /home/spkmak/vegabot_ws/install/vegabot_description/share/vegabot_description/models/aws_robomaker_residential_FitnessEquipment_01
[1.285s] -- Installing: /home/spkmak/vegabot_ws/install/vegabot_description/share/vegabot_description/models/aws_robomaker_residential_FitnessEquipment_01/meshes
[1.286s] -- Installing: /home/spkmak/vegabot_ws/install/vegabot_description/share/vegabot_description/models/aws_robomaker_residential_FitnessEquipment_01/meshes/aws_FitnessEquipment_01_visual.DAE
[1.293s] -- Installing: /home/spkmak/vegabot_ws/install/vegabot_description/share/vegabot_description/models/aws_robomaker_residential_FitnessEquipment_01/meshes/aws_FitnessEquipment_01_collision.DAE
[1.294s] -- Installing: /home/spkmak/vegabot_ws/install/vegabot_description/share/vegabot_description/models/aws_robomaker_residential_FitnessEquipment_01/model.config
[1.295s] -- Installing: /home/spkmak/vegabot_ws/install/vegabot_description/share/vegabot_description/models/aws_robomaker_residential_FitnessEquipment_01/model.sdf
[1.296s] -- Installing: /home/spkmak/vegabot_ws/install/vegabot_description/share/vegabot_description/models/aws_robomaker_residential_FitnessEquipment_01/materials
[1.296s] -- Installing: /home/spkmak/vegabot_ws/install/vegabot_description/share/vegabot_description/models/aws_robomaker_residential_FitnessEquipment_01/materials/textures
[1.296s] -- Installing: /home/spkmak/vegabot_ws/install/vegabot_description/share/vegabot_description/models/aws_robomaker_residential_FitnessEquipment_01/materials/textures/aws_FitnessEquipment_01.png
[1.301s] -- Installing: /home/spkmak/vegabot_ws/install/vegabot_description/share/vegabot_description/models/aws_robomaker_residential_Curtain_01
[1.302s] -- Installing: /home/spkmak/vegabot_ws/install/vegabot_description/share/vegabot_description/models/aws_robomaker_residential_Curtain_01/meshes
[1.302s] -- Installing: /home/spkmak/vegabot_ws/install/vegabot_description/share/vegabot_description/models/aws_robomaker_residential_Curtain_01/meshes/aws_Curtain_01_visual.DAE
[1.304s] -- Installing: /home/spkmak/vegabot_ws/install/vegabot_description/share/vegabot_description/models/aws_robomaker_residential_Curtain_01/meshes/aws_Curtain_01_collision.DAE
[1.305s] -- Installing: /home/spkmak/vegabot_ws/install/vegabot_description/share/vegabot_description/models/aws_robomaker_residential_Curtain_01/model.config
[1.306s] -- Installing: /home/spkmak/vegabot_ws/install/vegabot_description/share/vegabot_description/models/aws_robomaker_residential_Curtain_01/model.sdf
[1.306s] -- Installing: /home/spkmak/vegabot_ws/install/vegabot_description/share/vegabot_description/models/aws_robomaker_residential_Curtain_01/materials
[1.307s] -- Installing: /home/spkmak/vegabot_ws/install/vegabot_description/share/vegabot_description/models/aws_robomaker_residential_Curtain_01/materials/textures
[1.307s] -- Installing: /home/spkmak/vegabot_ws/install/vegabot_description/share/vegabot_description/models/aws_robomaker_residential_Curtain_01/materials/textures/aws_Curtain_01.png
[1.312s] -- Installing: /home/spkmak/vegabot_ws/install/vegabot_description/share/vegabot_description/models/aws_robomaker_residential_TV_01
[1.312s] -- Installing: /home/spkmak/vegabot_ws/install/vegabot_description/share/vegabot_description/models/aws_robomaker_residential_TV_01/meshes
[1.312s] -- Installing: /home/spkmak/vegabot_ws/install/vegabot_description/share/vegabot_description/models/aws_robomaker_residential_TV_01/meshes/aws_TV_01_visual.DAE
[1.313s] -- Installing: /home/spkmak/vegabot_ws/install/vegabot_description/share/vegabot_description/models/aws_robomaker_residential_TV_01/meshes/aws_TV_01_collision.DAE
[1.314s] -- Installing: /home/spkmak/vegabot_ws/install/vegabot_description/share/vegabot_description/models/aws_robomaker_residential_TV_01/model.config
[1.314s] -- Installing: /home/spkmak/vegabot_ws/install/vegabot_description/share/vegabot_description/models/aws_robomaker_residential_TV_01/model.sdf
[1.315s] -- Installing: /home/spkmak/vegabot_ws/install/vegabot_description/share/vegabot_description/models/aws_robomaker_residential_TV_01/materials
[1.315s] -- Installing: /home/spkmak/vegabot_ws/install/vegabot_description/share/vegabot_description/models/aws_robomaker_residential_TV_01/materials/textures
[1.315s] -- Installing: /home/spkmak/vegabot_ws/install/vegabot_description/share/vegabot_description/models/aws_robomaker_residential_TV_01/materials/textures/aws_TV_01.png
[1.328s] -- Installing: /home/spkmak/vegabot_ws/install/vegabot_description/share/vegabot_description/models/aws_robomaker_residential_PortraitB_03
[1.329s] -- Installing: /home/spkmak/vegabot_ws/install/vegabot_description/share/vegabot_description/models/aws_robomaker_residential_PortraitB_03/meshes
[1.329s] -- Installing: /home/spkmak/vegabot_ws/install/vegabot_description/share/vegabot_description/models/aws_robomaker_residential_PortraitB_03/meshes/aws_PortraitB_01_collision.DAE
[1.330s] -- Installing: /home/spkmak/vegabot_ws/install/vegabot_description/share/vegabot_description/models/aws_robomaker_residential_PortraitB_03/meshes/aws_PortraitB_01_visual.DAE
[1.331s] -- Installing: /home/spkmak/vegabot_ws/install/vegabot_description/share/vegabot_description/models/aws_robomaker_residential_PortraitB_03/model.config
[1.332s] -- Installing: /home/spkmak/vegabot_ws/install/vegabot_description/share/vegabot_description/models/aws_robomaker_residential_PortraitB_03/model.sdf
[1.333s] -- Installing: /home/spkmak/vegabot_ws/install/vegabot_description/share/vegabot_description/models/aws_robomaker_residential_PortraitB_03/materials
[1.333s] -- Installing: /home/spkmak/vegabot_ws/install/vegabot_description/share/vegabot_description/models/aws_robomaker_residential_PortraitB_03/materials/textures
[1.333s] -- Installing: /home/spkmak/vegabot_ws/install/vegabot_description/share/vegabot_description/models/aws_robomaker_residential_PortraitB_03/materials/textures/aws_PortraitB_02.png
[1.345s] -- Installing: /home/spkmak/vegabot_ws/install/vegabot_description/share/vegabot_description/models/aws_robomaker_residential_PortraitB_03/materials/textures/aws_PortraitB_01.png
[1.345s] -- Installing: /home/spkmak/vegabot_ws/install/vegabot_description/share/vegabot_description/models/aws_robomaker_residential_AirconditionerA_01
[1.346s] -- Installing: /home/spkmak/vegabot_ws/install/vegabot_description/share/vegabot_description/models/aws_robomaker_residential_AirconditionerA_01/meshes
[1.346s] -- Installing: /home/spkmak/vegabot_ws/install/vegabot_description/share/vegabot_description/models/aws_robomaker_residential_AirconditionerA_01/meshes/aws_AirconditionerA_01_visual.DAE
[1.348s] -- Installing: /home/spkmak/vegabot_ws/install/vegabot_description/share/vegabot_description/models/aws_robomaker_residential_AirconditionerA_01/meshes/aws__Air conditioner_01.DAE
[1.349s] -- Installing: /home/spkmak/vegabot_ws/install/vegabot_description/share/vegabot_description/models/aws_robomaker_residential_AirconditionerA_01/meshes/aws_AirconditionerA_01_collision.DAE
[1.350s] -- Installing: /home/spkmak/vegabot_ws/install/vegabot_description/share/vegabot_description/models/aws_robomaker_residential_AirconditionerA_01/model.config
[1.350s] -- Installing: /home/spkmak/vegabot_ws/install/vegabot_description/share/vegabot_description/models/aws_robomaker_residential_AirconditionerA_01/model.sdf
[1.351s] -- Installing: /home/spkmak/vegabot_ws/install/vegabot_description/share/vegabot_description/models/aws_robomaker_residential_AirconditionerA_01/materials
[1.351s] -- Installing: /home/spkmak/vegabot_ws/install/vegabot_description/share/vegabot_description/models/aws_robomaker_residential_AirconditionerA_01/materials/textures
[1.351s] -- Installing: /home/spkmak/vegabot_ws/install/vegabot_description/share/vegabot_description/models/aws_robomaker_residential_AirconditionerA_01/materials/textures/aws_AirconditionerA_01.png
[1.371s] -- Installing: /home/spkmak/vegabot_ws/install/vegabot_description/share/vegabot_description/models/aws_robomaker_residential_KitchenCabinet_01
[1.372s] -- Installing: /home/spkmak/vegabot_ws/install/vegabot_description/share/vegabot_description/models/aws_robomaker_residential_KitchenCabinet_01/meshes
[1.372s] -- Installing: /home/spkmak/vegabot_ws/install/vegabot_description/share/vegabot_description/models/aws_robomaker_residential_KitchenCabinet_01/meshes/aws_KitchenCabinet_01_collision.DAE
[1.373s] -- Installing: /home/spkmak/vegabot_ws/install/vegabot_description/share/vegabot_description/models/aws_robomaker_residential_KitchenCabinet_01/meshes/aws_KitchenCabinet_01_visual.DAE
[1.403s] -- Installing: /home/spkmak/vegabot_ws/install/vegabot_description/share/vegabot_description/models/aws_robomaker_residential_KitchenCabinet_01/model.config
[1.404s] -- Installing: /home/spkmak/vegabot_ws/install/vegabot_description/share/vegabot_description/models/aws_robomaker_residential_KitchenCabinet_01/model.sdf
[1.405s] -- Installing: /home/spkmak/vegabot_ws/install/vegabot_description/share/vegabot_description/models/aws_robomaker_residential_KitchenCabinet_01/materials
[1.405s] -- Installing: /home/spkmak/vegabot_ws/install/vegabot_description/share/vegabot_description/models/aws_robomaker_residential_KitchenCabinet_01/materials/textures
[1.406s] -- Installing: /home/spkmak/vegabot_ws/install/vegabot_description/share/vegabot_description/models/aws_robomaker_residential_KitchenCabinet_01/materials/textures/aws_KitchenCabinet_01.png
[1.416s] -- Installing: /home/spkmak/vegabot_ws/install/vegabot_description/share/vegabot_description/models/aws_robomaker_residential_Ball_01
[1.416s] -- Installing: /home/spkmak/vegabot_ws/install/vegabot_description/share/vegabot_description/models/aws_robomaker_residential_Ball_01/meshes
[1.416s] -- Installing: /home/spkmak/vegabot_ws/install/vegabot_description/share/vegabot_description/models/aws_robomaker_residential_Ball_01/meshes/aws_Ball_01_collision.DAE
[1.418s] -- Installing: /home/spkmak/vegabot_ws/install/vegabot_description/share/vegabot_description/models/aws_robomaker_residential_Ball_01/meshes/aws_Ball_01_visual.DAE
[1.421s] -- Installing: /home/spkmak/vegabot_ws/install/vegabot_description/share/vegabot_description/models/aws_robomaker_residential_Ball_01/model.config
[1.422s] -- Installing: /home/spkmak/vegabot_ws/install/vegabot_description/share/vegabot_description/models/aws_robomaker_residential_Ball_01/model.sdf
[1.422s] -- Installing: /home/spkmak/vegabot_ws/install/vegabot_description/share/vegabot_description/models/aws_robomaker_residential_Ball_01/materials
[1.423s] -- Installing: /home/spkmak/vegabot_ws/install/vegabot_description/share/vegabot_description/models/aws_robomaker_residential_Ball_01/materials/textures
[1.423s] -- Installing: /home/spkmak/vegabot_ws/install/vegabot_description/share/vegabot_description/models/aws_robomaker_residential_Ball_01/materials/textures/aws_Ball_01.png
[1.424s] -- Installing: /home/spkmak/vegabot_ws/install/vegabot_description/share/vegabot_description/models/aws_robomaker_residential_ChairD_01
[1.425s] -- Installing: /home/spkmak/vegabot_ws/install/vegabot_description/share/vegabot_description/models/aws_robomaker_residential_ChairD_01/meshes
[1.425s] -- Installing: /home/spkmak/vegabot_ws/install/vegabot_description/share/vegabot_description/models/aws_robomaker_residential_ChairD_01/meshes/aws_ChairD_01_collision.DAE
[1.425s] -- Installing: /home/spkmak/vegabot_ws/install/vegabot_description/share/vegabot_description/models/aws_robomaker_residential_ChairD_01/meshes/aws_ChairD_01_visual.DAE
[1.428s] -- Installing: /home/spkmak/vegabot_ws/install/vegabot_description/share/vegabot_description/models/aws_robomaker_residential_ChairD_01/model.config
[1.429s] -- Installing: /home/spkmak/vegabot_ws/install/vegabot_description/share/vegabot_description/models/aws_robomaker_residential_ChairD_01/model.sdf
[1.429s] -- Installing: /home/spkmak/vegabot_ws/install/vegabot_description/share/vegabot_description/models/aws_robomaker_residential_ChairD_01/materials
[1.430s] -- Installing: /home/spkmak/vegabot_ws/install/vegabot_description/share/vegabot_description/models/aws_robomaker_residential_ChairD_01/materials/textures
[1.430s] -- Installing: /home/spkmak/vegabot_ws/install/vegabot_description/share/vegabot_description/models/aws_robomaker_residential_ChairD_01/materials/textures/aws_ChairD_01.png
[1.431s] -- Installing: /home/spkmak/vegabot_ws/install/vegabot_description/share/vegabot_description/models/marker0
[1.431s] -- Installing: /home/spkmak/vegabot_ws/install/vegabot_description/share/vegabot_description/models/marker0/meshes
[1.431s] -- Installing: /home/spkmak/vegabot_ws/install/vegabot_description/share/vegabot_description/models/marker0/meshes/Marker0.dae
[1.432s] -- Installing: /home/spkmak/vegabot_ws/install/vegabot_description/share/vegabot_description/models/marker0/model.config
[1.433s] -- Installing: /home/spkmak/vegabot_ws/install/vegabot_description/share/vegabot_description/models/marker0/model.sdf
[1.433s] -- Installing: /home/spkmak/vegabot_ws/install/vegabot_description/share/vegabot_description/models/marker0/materials
[1.433s] -- Installing: /home/spkmak/vegabot_ws/install/vegabot_description/share/vegabot_description/models/marker0/materials/textures
[1.434s] -- Installing: /home/spkmak/vegabot_ws/install/vegabot_description/share/vegabot_description/models/marker0/materials/textures/Marker0.png
[1.435s] -- Installing: /home/spkmak/vegabot_ws/install/vegabot_description/share/vegabot_description/models/aws_robomaker_residential_Handle_01
[1.435s] -- Installing: /home/spkmak/vegabot_ws/install/vegabot_description/share/vegabot_description/models/aws_robomaker_residential_Handle_01/meshes
[1.435s] -- Installing: /home/spkmak/vegabot_ws/install/vegabot_description/share/vegabot_description/models/aws_robomaker_residential_Handle_01/meshes/aws_Handle_01_visual.DAE
[1.446s] -- Installing: /home/spkmak/vegabot_ws/install/vegabot_description/share/vegabot_description/models/aws_robomaker_residential_Handle_01/meshes/aws_ handle_01_collision.DAE
[1.447s] -- Installing: /home/spkmak/vegabot_ws/install/vegabot_description/share/vegabot_description/models/aws_robomaker_residential_Handle_01/meshes/aws_Handle_01_collision.DAE
[1.448s] -- Installing: /home/spkmak/vegabot_ws/install/vegabot_description/share/vegabot_description/models/aws_robomaker_residential_Handle_01/model.config
[1.449s] -- Installing: /home/spkmak/vegabot_ws/install/vegabot_description/share/vegabot_description/models/aws_robomaker_residential_Handle_01/model.sdf
[1.449s] -- Installing: /home/spkmak/vegabot_ws/install/vegabot_description/share/vegabot_description/models/aws_robomaker_residential_Handle_01/materials
[1.450s] -- Installing: /home/spkmak/vegabot_ws/install/vegabot_description/share/vegabot_description/models/aws_robomaker_residential_Handle_01/materials/textures
[1.450s] -- Installing: /home/spkmak/vegabot_ws/install/vegabot_description/share/vegabot_description/models/aws_robomaker_residential_Handle_01/materials/textures/aws_Handle_01.png
[1.464s] -- Installing: /home/spkmak/vegabot_ws/install/vegabot_description/share/vegabot_description/models/aws_robomaker_residential_PortraitE_01
[1.464s] -- Installing: /home/spkmak/vegabot_ws/install/vegabot_description/share/vegabot_description/models/aws_robomaker_residential_PortraitE_01/meshes
[1.465s] -- Installing: /home/spkmak/vegabot_ws/install/vegabot_description/share/vegabot_description/models/aws_robomaker_residential_PortraitE_01/meshes/aws_PortraitE_01_collision.DAE
[1.466s] -- Installing: /home/spkmak/vegabot_ws/install/vegabot_description/share/vegabot_description/models/aws_robomaker_residential_PortraitE_01/meshes/aws_PortraitE_01_visual.DAE
[1.467s] -- Installing: /home/spkmak/vegabot_ws/install/vegabot_description/share/vegabot_description/models/aws_robomaker_residential_PortraitE_01/model.config
[1.468s] -- Installing: /home/spkmak/vegabot_ws/install/vegabot_description/share/vegabot_description/models/aws_robomaker_residential_PortraitE_01/model.sdf
[1.468s] -- Installing: /home/spkmak/vegabot_ws/install/vegabot_description/share/vegabot_description/models/aws_robomaker_residential_PortraitE_01/materials
[1.469s] -- Installing: /home/spkmak/vegabot_ws/install/vegabot_description/share/vegabot_description/models/aws_robomaker_residential_PortraitE_01/materials/textures
[1.469s] -- Installing: /home/spkmak/vegabot_ws/install/vegabot_description/share/vegabot_description/models/aws_robomaker_residential_PortraitE_01/materials/textures/aws_PortraitE_01.png
[1.470s] -- Installing: /home/spkmak/vegabot_ws/install/vegabot_description/share/vegabot_description/models/aws_robomaker_residential_PortraitE_01/materials/textures/aws_PortraitE_02.png
[1.491s] -- Installing: /home/spkmak/vegabot_ws/install/vegabot_description/share/vegabot_description/models/aws_robomaker_residential_Refrigerator_01
[1.491s] -- Installing: /home/spkmak/vegabot_ws/install/vegabot_description/share/vegabot_description/models/aws_robomaker_residential_Refrigerator_01/meshes
[1.491s] -- Installing: /home/spkmak/vegabot_ws/install/vegabot_description/share/vegabot_description/models/aws_robomaker_residential_Refrigerator_01/meshes/aws_Refrigerator_01_visual.DAE
[1.496s] -- Installing: /home/spkmak/vegabot_ws/install/vegabot_description/share/vegabot_description/models/aws_robomaker_residential_Refrigerator_01/meshes/aws_Refrigerator_01_collision.DAE
[1.497s] -- Installing: /home/spkmak/vegabot_ws/install/vegabot_description/share/vegabot_description/models/aws_robomaker_residential_Refrigerator_01/meshes/aws_Refrigerator_01.DAE
[1.504s] -- Installing: /home/spkmak/vegabot_ws/install/vegabot_description/share/vegabot_description/models/aws_robomaker_residential_Refrigerator_01/model.config
[1.504s] -- Installing: /home/spkmak/vegabot_ws/install/vegabot_description/share/vegabot_description/models/aws_robomaker_residential_Refrigerator_01/model.sdf
[1.505s] -- Installing: /home/spkmak/vegabot_ws/install/vegabot_description/share/vegabot_description/models/aws_robomaker_residential_Refrigerator_01/materials
[1.505s] -- Installing: /home/spkmak/vegabot_ws/install/vegabot_description/share/vegabot_description/models/aws_robomaker_residential_Refrigerator_01/materials/textures
[1.505s] -- Installing: /home/spkmak/vegabot_ws/install/vegabot_description/share/vegabot_description/models/aws_robomaker_residential_Refrigerator_01/materials/textures/aws_Refrigerator_02.png
[1.507s] -- Installing: /home/spkmak/vegabot_ws/install/vegabot_description/share/vegabot_description/models/aws_robomaker_residential_Refrigerator_01/materials/textures/aws_Refrigerator_01.png
[1.512s] -- Installing: /home/spkmak/vegabot_ws/install/vegabot_description/share/vegabot_description/models/aws_robomaker_residential_TV_02
[1.512s] -- Installing: /home/spkmak/vegabot_ws/install/vegabot_description/share/vegabot_description/models/aws_robomaker_residential_TV_02/meshes
[1.512s] -- Installing: /home/spkmak/vegabot_ws/install/vegabot_description/share/vegabot_description/models/aws_robomaker_residential_TV_02/meshes/aws_TV_01_visual.DAE
[1.513s] -- Installing: /home/spkmak/vegabot_ws/install/vegabot_description/share/vegabot_description/models/aws_robomaker_residential_TV_02/meshes/aws_TV_01_collision.DAE
[1.514s] -- Installing: /home/spkmak/vegabot_ws/install/vegabot_description/share/vegabot_description/models/aws_robomaker_residential_TV_02/model.config
[1.515s] -- Installing: /home/spkmak/vegabot_ws/install/vegabot_description/share/vegabot_description/models/aws_robomaker_residential_TV_02/model.sdf
[1.516s] -- Installing: /home/spkmak/vegabot_ws/install/vegabot_description/share/vegabot_description/models/aws_robomaker_residential_TV_02/materials
[1.516s] -- Installing: /home/spkmak/vegabot_ws/install/vegabot_description/share/vegabot_description/models/aws_robomaker_residential_TV_02/materials/textures
[1.516s] -- Installing: /home/spkmak/vegabot_ws/install/vegabot_description/share/vegabot_description/models/aws_robomaker_residential_TV_02/materials/textures/aws_TV_01.png
[1.528s] -- Installing: /home/spkmak/vegabot_ws/install/vegabot_description/share/vegabot_description/models/aws_robomaker_residential_FoldingDoor_01
[1.529s] -- Installing: /home/spkmak/vegabot_ws/install/vegabot_description/share/vegabot_description/models/aws_robomaker_residential_FoldingDoor_01/meshes
[1.529s] -- Installing: /home/spkmak/vegabot_ws/install/vegabot_description/share/vegabot_description/models/aws_robomaker_residential_FoldingDoor_01/meshes/aws_FoldingDoor_01_visual.DAE
[1.560s] -- Installing: /home/spkmak/vegabot_ws/install/vegabot_description/share/vegabot_description/models/aws_robomaker_residential_FoldingDoor_01/meshes/aws_FoldingDoor_01_collision.DAE
[1.560s] -- Installing: /home/spkmak/vegabot_ws/install/vegabot_description/share/vegabot_description/models/aws_robomaker_residential_FoldingDoor_01/model.config
[1.561s] -- Installing: /home/spkmak/vegabot_ws/install/vegabot_description/share/vegabot_description/models/aws_robomaker_residential_FoldingDoor_01/model.sdf
[1.562s] -- Installing: /home/spkmak/vegabot_ws/install/vegabot_description/share/vegabot_description/models/aws_robomaker_residential_FoldingDoor_01/materials
[1.562s] -- Installing: /home/spkmak/vegabot_ws/install/vegabot_description/share/vegabot_description/models/aws_robomaker_residential_FoldingDoor_01/materials/textures
[1.562s] -- Installing: /home/spkmak/vegabot_ws/install/vegabot_description/share/vegabot_description/models/aws_robomaker_residential_FoldingDoor_01/materials/textures/aws_FoldingDoor_01.png
[1.563s] -- Installing: /home/spkmak/vegabot_ws/install/vegabot_description/share/vegabot_description/models/aws_robomaker_warehouse_Bucket_01
[1.564s] -- Installing: /home/spkmak/vegabot_ws/install/vegabot_description/share/vegabot_description/models/aws_robomaker_warehouse_Bucket_01/meshes
[1.564s] -- Installing: /home/spkmak/vegabot_ws/install/vegabot_description/share/vegabot_description/models/aws_robomaker_warehouse_Bucket_01/meshes/aws_robomaker_warehouse_Bucket_01_collision.DAE
[1.565s] -- Installing: /home/spkmak/vegabot_ws/install/vegabot_description/share/vegabot_description/models/aws_robomaker_warehouse_Bucket_01/meshes/aws_robomaker_warehouse_Bucket_01_visual.DAE
[1.566s] -- Installing: /home/spkmak/vegabot_ws/install/vegabot_description/share/vegabot_description/models/aws_robomaker_warehouse_Bucket_01/model.config
[1.566s] -- Installing: /home/spkmak/vegabot_ws/install/vegabot_description/share/vegabot_description/models/aws_robomaker_warehouse_Bucket_01/model.sdf
[1.567s] -- Installing: /home/spkmak/vegabot_ws/install/vegabot_description/share/vegabot_description/models/aws_robomaker_warehouse_Bucket_01/.DS_Store
[1.568s] -- Installing: /home/spkmak/vegabot_ws/install/vegabot_description/share/vegabot_description/models/aws_robomaker_warehouse_Bucket_01/materials
[1.568s] -- Installing: /home/spkmak/vegabot_ws/install/vegabot_description/share/vegabot_description/models/aws_robomaker_warehouse_Bucket_01/materials/textures
[1.568s] -- Installing: /home/spkmak/vegabot_ws/install/vegabot_description/share/vegabot_description/models/aws_robomaker_warehouse_Bucket_01/materials/textures/aws_robomaker_warehouse_Bucket_01.png
[1.574s] -- Installing: /home/spkmak/vegabot_ws/install/vegabot_description/share/vegabot_description/models/aws_robomaker_warehouse_Bucket_01/materials/.DS_Store
[1.575s] -- Installing: /home/spkmak/vegabot_ws/install/vegabot_description/share/vegabot_description/models/aws_robomaker_residential_Board_01
[1.575s] -- Installing: /home/spkmak/vegabot_ws/install/vegabot_description/share/vegabot_description/models/aws_robomaker_residential_Board_01/meshes
[1.576s] -- Installing: /home/spkmak/vegabot_ws/install/vegabot_description/share/vegabot_description/models/aws_robomaker_residential_Board_01/meshes/aws_Board_01_visual.DAE
[1.577s] -- Installing: /home/spkmak/vegabot_ws/install/vegabot_description/share/vegabot_description/models/aws_robomaker_residential_Board_01/meshes/aws_Board_01_collision.DAE
[1.578s] -- Installing: /home/spkmak/vegabot_ws/install/vegabot_description/share/vegabot_description/models/aws_robomaker_residential_Board_01/model.config
[1.579s] -- Installing: /home/spkmak/vegabot_ws/install/vegabot_description/share/vegabot_description/models/aws_robomaker_residential_Board_01/model.sdf
[1.579s] -- Installing: /home/spkmak/vegabot_ws/install/vegabot_description/share/vegabot_description/models/aws_robomaker_residential_Board_01/materials
[1.580s] -- Installing: /home/spkmak/vegabot_ws/install/vegabot_description/share/vegabot_description/models/aws_robomaker_residential_Board_01/materials/textures
[1.580s] -- Installing: /home/spkmak/vegabot_ws/install/vegabot_description/share/vegabot_description/models/aws_robomaker_residential_Board_01/materials/textures/aws_Board_01.png
[1.589s] -- Installing: /home/spkmak/vegabot_ws/install/vegabot_description/share/vegabot_description/models/aws_robomaker_warehouse_DeskC_01
[1.589s] -- Installing: /home/spkmak/vegabot_ws/install/vegabot_description/share/vegabot_description/models/aws_robomaker_warehouse_DeskC_01/meshes
[1.590s] -- Installing: /home/spkmak/vegabot_ws/install/vegabot_description/share/vegabot_description/models/aws_robomaker_warehouse_DeskC_01/meshes/aws_robomaker_warehouse_DeskC_01_visual.DAE
[1.595s] -- Installing: /home/spkmak/vegabot_ws/install/vegabot_description/share/vegabot_description/models/aws_robomaker_warehouse_DeskC_01/meshes/aws_robomaker_warehouse_DeskC_01_collision.DAE
[1.597s] -- Installing: /home/spkmak/vegabot_ws/install/vegabot_description/share/vegabot_description/models/aws_robomaker_warehouse_DeskC_01/model.config
[1.597s] -- Installing: /home/spkmak/vegabot_ws/install/vegabot_description/share/vegabot_description/models/aws_robomaker_warehouse_DeskC_01/model.sdf
[1.598s] -- Installing: /home/spkmak/vegabot_ws/install/vegabot_description/share/vegabot_description/models/aws_robomaker_warehouse_DeskC_01/materials
[1.598s] -- Installing: /home/spkmak/vegabot_ws/install/vegabot_description/share/vegabot_description/models/aws_robomaker_warehouse_DeskC_01/materials/textures
[1.598s] -- Installing: /home/spkmak/vegabot_ws/install/vegabot_description/share/vegabot_description/models/aws_robomaker_warehouse_DeskC_01/materials/textures/aws_robomaker_warehouse_DeskC_04.png
[1.600s] -- Installing: /home/spkmak/vegabot_ws/install/vegabot_description/share/vegabot_description/models/aws_robomaker_warehouse_DeskC_01/materials/textures/aws_robomaker_warehouse_DeskC_02.png
[1.608s] -- Installing: /home/spkmak/vegabot_ws/install/vegabot_description/share/vegabot_description/models/aws_robomaker_warehouse_DeskC_01/materials/textures/aws_robomaker_warehouse_DeskC_03.psd
[1.634s] -- Installing: /home/spkmak/vegabot_ws/install/vegabot_description/share/vegabot_description/models/aws_robomaker_warehouse_DeskC_01/materials/textures/aws_robomaker_warehouse_DeskC_03.png
[1.640s] -- Installing: /home/spkmak/vegabot_ws/install/vegabot_description/share/vegabot_description/models/aws_robomaker_warehouse_DeskC_01/materials/textures/aws_robomaker_warehouse_DeskC_01.png
[1.655s] -- Installing: /home/spkmak/vegabot_ws/install/vegabot_description/share/vegabot_description/models/aws_robomaker_warehouse_DeskC_01/materials/.DS_Store
[1.656s] -- Installing: /home/spkmak/vegabot_ws/install/vegabot_description/share/vegabot_description/models/aws_robomaker_residential_RoomWall_01
[1.656s] -- Installing: /home/spkmak/vegabot_ws/install/vegabot_description/share/vegabot_description/models/aws_robomaker_residential_RoomWall_01/meshes
[1.656s] -- Installing: /home/spkmak/vegabot_ws/install/vegabot_description/share/vegabot_description/models/aws_robomaker_residential_RoomWall_01/meshes/aws_RoomWall_01_visual.DAE
[1.657s] -- Installing: /home/spkmak/vegabot_ws/install/vegabot_description/share/vegabot_description/models/aws_robomaker_residential_RoomWall_01/meshes/aws_RoomWall_01_collision.DAE
[1.657s] -- Installing: /home/spkmak/vegabot_ws/install/vegabot_description/share/vegabot_description/models/aws_robomaker_residential_RoomWall_01/model.config
[1.658s] -- Installing: /home/spkmak/vegabot_ws/install/vegabot_description/share/vegabot_description/models/aws_robomaker_residential_RoomWall_01/model.sdf
[1.658s] -- Installing: /home/spkmak/vegabot_ws/install/vegabot_description/share/vegabot_description/models/aws_robomaker_residential_RoomWall_01/materials
[1.659s] -- Installing: /home/spkmak/vegabot_ws/install/vegabot_description/share/vegabot_description/models/aws_robomaker_residential_RoomWall_01/materials/textures
[1.659s] -- Installing: /home/spkmak/vegabot_ws/install/vegabot_description/share/vegabot_description/models/aws_robomaker_residential_RoomWall_01/materials/textures/aws_RoomWall_01.png
[1.701s] -- Installing: /home/spkmak/vegabot_ws/install/vegabot_description/share/vegabot_description/models/maze_walls
[1.701s] -- Installing: /home/spkmak/vegabot_ws/install/vegabot_description/share/vegabot_description/models/maze_walls/meshes
[1.702s] -- Installing: /home/spkmak/vegabot_ws/install/vegabot_description/share/vegabot_description/models/maze_walls/meshes/maze_walls.dae
[1.702s] -- Installing: /home/spkmak/vegabot_ws/install/vegabot_description/share/vegabot_description/models/maze_walls/model.config
[1.703s] -- Installing: /home/spkmak/vegabot_ws/install/vegabot_description/share/vegabot_description/models/maze_walls/model.sdf
[1.703s] -- Installing: /home/spkmak/vegabot_ws/install/vegabot_description/share/vegabot_description/models/aws_robomaker_residential_LightC_01
[1.704s] -- Installing: /home/spkmak/vegabot_ws/install/vegabot_description/share/vegabot_description/models/aws_robomaker_residential_LightC_01/meshes
[1.704s] -- Installing: /home/spkmak/vegabot_ws/install/vegabot_description/share/vegabot_description/models/aws_robomaker_residential_LightC_01/meshes/aws_LightC_01_visual.DAE
[1.707s] -- Installing: /home/spkmak/vegabot_ws/install/vegabot_description/share/vegabot_description/models/aws_robomaker_residential_LightC_01/meshes/aws_LightC_01_collision.DAE
[1.708s] -- Installing: /home/spkmak/vegabot_ws/install/vegabot_description/share/vegabot_description/models/aws_robomaker_residential_LightC_01/model.config
[1.709s] -- Installing: /home/spkmak/vegabot_ws/install/vegabot_description/share/vegabot_description/models/aws_robomaker_residential_LightC_01/model.sdf
[1.710s] -- Installing: /home/spkmak/vegabot_ws/install/vegabot_description/share/vegabot_description/models/aws_robomaker_residential_LightC_01/materials
[1.710s] -- Installing: /home/spkmak/vegabot_ws/install/vegabot_description/share/vegabot_description/models/aws_robomaker_residential_LightC_01/materials/textures
[1.710s] -- Installing: /home/spkmak/vegabot_ws/install/vegabot_description/share/vegabot_description/models/aws_robomaker_residential_LightC_01/materials/textures/aws_LightC_01.png
[1.711s] -- Installing: /home/spkmak/vegabot_ws/install/vegabot_description/share/vegabot_description/models/aws_robomaker_residential_SofaB_01
[1.712s] -- Installing: /home/spkmak/vegabot_ws/install/vegabot_description/share/vegabot_description/models/aws_robomaker_residential_SofaB_01/meshes
[1.712s] -- Installing: /home/spkmak/vegabot_ws/install/vegabot_description/share/vegabot_description/models/aws_robomaker_residential_SofaB_01/meshes/aws_SofaB_01_visual.DAE
[1.715s] -- Installing: /home/spkmak/vegabot_ws/install/vegabot_description/share/vegabot_description/models/aws_robomaker_residential_SofaB_01/meshes/aws_SofaB_01_collision.DAE
[1.717s] -- Installing: /home/spkmak/vegabot_ws/install/vegabot_description/share/vegabot_description/models/aws_robomaker_residential_SofaB_01/model.config
[1.718s] -- Installing: /home/spkmak/vegabot_ws/install/vegabot_description/share/vegabot_description/models/aws_robomaker_residential_SofaB_01/model.sdf
[1.718s] -- Installing: /home/spkmak/vegabot_ws/install/vegabot_description/share/vegabot_description/models/aws_robomaker_residential_SofaB_01/materials
[1.719s] -- Installing: /home/spkmak/vegabot_ws/install/vegabot_description/share/vegabot_description/models/aws_robomaker_residential_SofaB_01/materials/textures
[1.719s] -- Installing: /home/spkmak/vegabot_ws/install/vegabot_description/share/vegabot_description/models/aws_robomaker_residential_SofaB_01/materials/textures/aws_SofaB_01.png
[1.720s] -- Installing: /home/spkmak/vegabot_ws/install/vegabot_description/share/vegabot_description/models/aws_robomaker_residential_DeskPortraitD_01
[1.721s] -- Installing: /home/spkmak/vegabot_ws/install/vegabot_description/share/vegabot_description/models/aws_robomaker_residential_DeskPortraitD_01/meshes
[1.721s] -- Installing: /home/spkmak/vegabot_ws/install/vegabot_description/share/vegabot_description/models/aws_robomaker_residential_DeskPortraitD_01/meshes/aws_DeskPortraitD_01_collision.DAE
[1.721s] -- Installing: /home/spkmak/vegabot_ws/install/vegabot_description/share/vegabot_description/models/aws_robomaker_residential_DeskPortraitD_01/meshes/aws_DeskPortraitD_01_visual.DAE
[1.722s] -- Installing: /home/spkmak/vegabot_ws/install/vegabot_description/share/vegabot_description/models/aws_robomaker_residential_DeskPortraitD_01/model.config
[1.723s] -- Installing: /home/spkmak/vegabot_ws/install/vegabot_description/share/vegabot_description/models/aws_robomaker_residential_DeskPortraitD_01/model.sdf
[1.724s] -- Installing: /home/spkmak/vegabot_ws/install/vegabot_description/share/vegabot_description/models/aws_robomaker_residential_DeskPortraitD_01/materials
[1.724s] -- Installing: /home/spkmak/vegabot_ws/install/vegabot_description/share/vegabot_description/models/aws_robomaker_residential_DeskPortraitD_01/materials/textures
[1.724s] -- Installing: /home/spkmak/vegabot_ws/install/vegabot_description/share/vegabot_description/models/aws_robomaker_residential_DeskPortraitD_01/materials/textures/aws_DeskPortraitD_02.png
[1.757s] -- Installing: /home/spkmak/vegabot_ws/install/vegabot_description/share/vegabot_description/models/aws_robomaker_residential_DeskPortraitD_01/materials/textures/aws_DeskPortraitD_01.png
[1.758s] -- Installing: /home/spkmak/vegabot_ws/install/vegabot_description/share/vegabot_description/models/aws_robomaker_warehouse_ShelfF_01
[1.758s] -- Installing: /home/spkmak/vegabot_ws/install/vegabot_description/share/vegabot_description/models/aws_robomaker_warehouse_ShelfF_01/meshes
[1.758s] -- Installing: /home/spkmak/vegabot_ws/install/vegabot_description/share/vegabot_description/models/aws_robomaker_warehouse_ShelfF_01/meshes/aws_robomaker_warehouse_ShelfF_01_collision.DAE
[1.759s] -- Installing: /home/spkmak/vegabot_ws/install/vegabot_description/share/vegabot_description/models/aws_robomaker_warehouse_ShelfF_01/meshes/aws_robomaker_warehouse_ShelfF_01_visual.DAE
[1.768s] -- Installing: /home/spkmak/vegabot_ws/install/vegabot_description/share/vegabot_description/models/aws_robomaker_warehouse_ShelfF_01/model.config
[1.769s] -- Installing: /home/spkmak/vegabot_ws/install/vegabot_description/share/vegabot_description/models/aws_robomaker_warehouse_ShelfF_01/model.sdf
[1.770s] -- Installing: /home/spkmak/vegabot_ws/install/vegabot_description/share/vegabot_description/models/aws_robomaker_warehouse_ShelfF_01/materials
[1.770s] -- Installing: /home/spkmak/vegabot_ws/install/vegabot_description/share/vegabot_description/models/aws_robomaker_warehouse_ShelfF_01/materials/textures
[1.770s] -- Installing: /home/spkmak/vegabot_ws/install/vegabot_description/share/vegabot_description/models/aws_robomaker_warehouse_ShelfF_01/materials/textures/aws_robomaker_warehouse_ShelfF_02.png
[1.778s] -- Installing: /home/spkmak/vegabot_ws/install/vegabot_description/share/vegabot_description/models/aws_robomaker_warehouse_ShelfF_01/materials/textures/aws_robomaker_warehouse_ShelfF_01.png
[1.779s] -- Installing: /home/spkmak/vegabot_ws/install/vegabot_description/share/vegabot_description/models/aws_robomaker_warehouse_ShelfF_01/materials/textures/aws_robomaker_warehouse_ShelfF_03.png
[1.784s] -- Installing: /home/spkmak/vegabot_ws/install/vegabot_description/share/vegabot_description/models/aws_robomaker_residential_Vase_01
[1.785s] -- Installing: /home/spkmak/vegabot_ws/install/vegabot_description/share/vegabot_description/models/aws_robomaker_residential_Vase_01/meshes
[1.785s] -- Installing: /home/spkmak/vegabot_ws/install/vegabot_description/share/vegabot_description/models/aws_robomaker_residential_Vase_01/meshes/aws_Vase_01_collision.DAE
[1.786s] -- Installing: /home/spkmak/vegabot_ws/install/vegabot_description/share/vegabot_description/models/aws_robomaker_residential_Vase_01/meshes/aws_Vase_01_visual.DAE
[1.796s] -- Installing: /home/spkmak/vegabot_ws/install/vegabot_description/share/vegabot_description/models/aws_robomaker_residential_Vase_01/model.config
[1.796s] -- Installing: /home/spkmak/vegabot_ws/install/vegabot_description/share/vegabot_description/models/aws_robomaker_residential_Vase_01/model.sdf
[1.797s] -- Installing: /home/spkmak/vegabot_ws/install/vegabot_description/share/vegabot_description/models/aws_robomaker_residential_Vase_01/materials
[1.797s] -- Installing: /home/spkmak/vegabot_ws/install/vegabot_description/share/vegabot_description/models/aws_robomaker_residential_Vase_01/materials/textures
[1.797s] -- Installing: /home/spkmak/vegabot_ws/install/vegabot_description/share/vegabot_description/models/aws_robomaker_residential_Vase_01/materials/textures/aws_Vase_01.png
[1.802s] -- Installing: /home/spkmak/vegabot_ws/install/vegabot_description/share/vegabot_description/models/aws_robomaker_residential_PortraitE_02
[1.802s] -- Installing: /home/spkmak/vegabot_ws/install/vegabot_description/share/vegabot_description/models/aws_robomaker_residential_PortraitE_02/meshes
[1.802s] -- Installing: /home/spkmak/vegabot_ws/install/vegabot_description/share/vegabot_description/models/aws_robomaker_residential_PortraitE_02/meshes/aws_PortraitE_01_collision.DAE
[1.803s] -- Installing: /home/spkmak/vegabot_ws/install/vegabot_description/share/vegabot_description/models/aws_robomaker_residential_PortraitE_02/meshes/aws_PortraitE_01_visual.DAE
[1.804s] -- Installing: /home/spkmak/vegabot_ws/install/vegabot_description/share/vegabot_description/models/aws_robomaker_residential_PortraitE_02/model.config
[1.804s] -- Installing: /home/spkmak/vegabot_ws/install/vegabot_description/share/vegabot_description/models/aws_robomaker_residential_PortraitE_02/model.sdf
[1.805s] -- Installing: /home/spkmak/vegabot_ws/install/vegabot_description/share/vegabot_description/models/aws_robomaker_residential_PortraitE_02/materials
[1.806s] -- Installing: /home/spkmak/vegabot_ws/install/vegabot_description/share/vegabot_description/models/aws_robomaker_residential_PortraitE_02/materials/textures
[1.806s] -- Installing: /home/spkmak/vegabot_ws/install/vegabot_description/share/vegabot_description/models/aws_robomaker_residential_PortraitE_02/materials/textures/aws_PortraitE_01.png
[1.807s] -- Installing: /home/spkmak/vegabot_ws/install/vegabot_description/share/vegabot_description/models/aws_robomaker_residential_PortraitE_02/materials/textures/aws_PortraitE_02.png
[1.826s] -- Installing: /home/spkmak/vegabot_ws/install/vegabot_description/share/vegabot_description/models/aws_robomaker_residential_PortraitD_02
[1.826s] -- Installing: /home/spkmak/vegabot_ws/install/vegabot_description/share/vegabot_description/models/aws_robomaker_residential_PortraitD_02/meshes
[1.826s] -- Installing: /home/spkmak/vegabot_ws/install/vegabot_description/share/vegabot_description/models/aws_robomaker_residential_PortraitD_02/meshes/aws_PortraitD_01_visual.DAE
[1.827s] -- Installing: /home/spkmak/vegabot_ws/install/vegabot_description/share/vegabot_description/models/aws_robomaker_residential_PortraitD_02/meshes/aws_PortraitD_01_collision.DAE
[1.827s] -- Installing: /home/spkmak/vegabot_ws/install/vegabot_description/share/vegabot_description/models/aws_robomaker_residential_PortraitD_02/model.config
[1.828s] -- Installing: /home/spkmak/vegabot_ws/install/vegabot_description/share/vegabot_description/models/aws_robomaker_residential_PortraitD_02/model.sdf
[1.829s] -- Installing: /home/spkmak/vegabot_ws/install/vegabot_description/share/vegabot_description/models/aws_robomaker_residential_PortraitD_02/materials
[1.829s] -- Installing: /home/spkmak/vegabot_ws/install/vegabot_description/share/vegabot_description/models/aws_robomaker_residential_PortraitD_02/materials/textures
[1.830s] -- Installing: /home/spkmak/vegabot_ws/install/vegabot_description/share/vegabot_description/models/aws_robomaker_residential_PortraitD_02/materials/textures/aws_PortraitD_01.png
[1.831s] -- Installing: /home/spkmak/vegabot_ws/install/vegabot_description/share/vegabot_description/models/aws_robomaker_residential_PortraitD_02/materials/textures/aws_PortraitD_02.png
[1.844s] -- Installing: /home/spkmak/vegabot_ws/install/vegabot_description/share/vegabot_description/models/aws_robomaker_residential_PortraitA_02
[1.844s] -- Installing: /home/spkmak/vegabot_ws/install/vegabot_description/share/vegabot_description/models/aws_robomaker_residential_PortraitA_02/meshes
[1.844s] -- Installing: /home/spkmak/vegabot_ws/install/vegabot_description/share/vegabot_description/models/aws_robomaker_residential_PortraitA_02/meshes/aws_PortraitA_01_collision.DAE
[1.845s] -- Installing: /home/spkmak/vegabot_ws/install/vegabot_description/share/vegabot_description/models/aws_robomaker_residential_PortraitA_02/meshes/aws_PortraitA_01_visual.DAE
[1.846s] -- Installing: /home/spkmak/vegabot_ws/install/vegabot_description/share/vegabot_description/models/aws_robomaker_residential_PortraitA_02/model.config
[1.847s] -- Installing: /home/spkmak/vegabot_ws/install/vegabot_description/share/vegabot_description/models/aws_robomaker_residential_PortraitA_02/model.sdf
[1.848s] -- Installing: /home/spkmak/vegabot_ws/install/vegabot_description/share/vegabot_description/models/aws_robomaker_residential_PortraitA_02/materials
[1.848s] -- Installing: /home/spkmak/vegabot_ws/install/vegabot_description/share/vegabot_description/models/aws_robomaker_residential_PortraitA_02/materials/textures
[1.849s] -- Installing: /home/spkmak/vegabot_ws/install/vegabot_description/share/vegabot_description/models/aws_robomaker_residential_PortraitA_02/materials/textures/aws_PortraitA_02.png
[1.860s] -- Installing: /home/spkmak/vegabot_ws/install/vegabot_description/share/vegabot_description/models/aws_robomaker_residential_PortraitA_02/materials/textures/aws_PortraitA_01.png
[1.861s] -- Installing: /home/spkmak/vegabot_ws/install/vegabot_description/share/vegabot_description/models/aws_robomaker_warehouse_ClutteringD_01
[1.862s] -- Installing: /home/spkmak/vegabot_ws/install/vegabot_description/share/vegabot_description/models/aws_robomaker_warehouse_ClutteringD_01/meshes
[1.862s] -- Installing: /home/spkmak/vegabot_ws/install/vegabot_description/share/vegabot_description/models/aws_robomaker_warehouse_ClutteringD_01/meshes/aws_robomaker_warehouse_ClutteringD_01_visual.DAE
[1.864s] -- Installing: /home/spkmak/vegabot_ws/install/vegabot_description/share/vegabot_description/models/aws_robomaker_warehouse_ClutteringD_01/meshes/aws_robomaker_warehouse_ClutteringD_01_collision.DAE
[1.865s] -- Installing: /home/spkmak/vegabot_ws/install/vegabot_description/share/vegabot_description/models/aws_robomaker_warehouse_ClutteringD_01/model.config
[1.865s] -- Installing: /home/spkmak/vegabot_ws/install/vegabot_description/share/vegabot_description/models/aws_robomaker_warehouse_ClutteringD_01/model.sdf
[1.866s] -- Installing: /home/spkmak/vegabot_ws/install/vegabot_description/share/vegabot_description/models/aws_robomaker_warehouse_ClutteringD_01/materials
[1.867s] -- Installing: /home/spkmak/vegabot_ws/install/vegabot_description/share/vegabot_description/models/aws_robomaker_warehouse_ClutteringD_01/materials/textures
[1.867s] -- Installing: /home/spkmak/vegabot_ws/install/vegabot_description/share/vegabot_description/models/aws_robomaker_warehouse_ClutteringD_01/materials/textures/aws_robomaker_warehouse_ClutteringD_01.png
[1.873s] -- Installing: /home/spkmak/vegabot_ws/install/vegabot_description/share/vegabot_description/models/aws_robomaker_warehouse_ClutteringD_01/materials/textures/aws_robomaker_warehouse_ClutteringD_02.png
[1.879s] -- Installing: /home/spkmak/vegabot_ws/install/vegabot_description/share/vegabot_description/models/aws_robomaker_warehouse_PalletJackB_01
[1.880s] -- Installing: /home/spkmak/vegabot_ws/install/vegabot_description/share/vegabot_description/models/aws_robomaker_warehouse_PalletJackB_01/meshes
[1.880s] -- Installing: /home/spkmak/vegabot_ws/install/vegabot_description/share/vegabot_description/models/aws_robomaker_warehouse_PalletJackB_01/meshes/aws_robomaker_warehouse_PalletJackB_01_visual.DAE
[1.889s] -- Installing: /home/spkmak/vegabot_ws/install/vegabot_description/share/vegabot_description/models/aws_robomaker_warehouse_PalletJackB_01/meshes/aws_robomaker_warehouse_PalletJackB_01_collision.DAE
[1.893s] -- Installing: /home/spkmak/vegabot_ws/install/vegabot_description/share/vegabot_description/models/aws_robomaker_warehouse_PalletJackB_01/model.config
[1.894s] -- Installing: /home/spkmak/vegabot_ws/install/vegabot_description/share/vegabot_description/models/aws_robomaker_warehouse_PalletJackB_01/model.sdf
[1.895s] -- Installing: /home/spkmak/vegabot_ws/install/vegabot_description/share/vegabot_description/models/aws_robomaker_warehouse_PalletJackB_01/.DS_Store
[1.896s] -- Installing: /home/spkmak/vegabot_ws/install/vegabot_description/share/vegabot_description/models/aws_robomaker_warehouse_PalletJackB_01/materials
[1.896s] -- Installing: /home/spkmak/vegabot_ws/install/vegabot_description/share/vegabot_description/models/aws_robomaker_warehouse_PalletJackB_01/materials/textures
[1.897s] -- Installing: /home/spkmak/vegabot_ws/install/vegabot_description/share/vegabot_description/models/aws_robomaker_warehouse_PalletJackB_01/materials/textures/aws_robomaker_warehouse_PalletJackB_02.png
[1.898s] -- Installing: /home/spkmak/vegabot_ws/install/vegabot_description/share/vegabot_description/models/aws_robomaker_warehouse_PalletJackB_01/materials/textures/aws_robomaker_warehouse_PalletJackB_01.png
[1.911s] -- Installing: /home/spkmak/vegabot_ws/install/vegabot_description/share/vegabot_description/models/aws_robomaker_warehouse_PalletJackB_01/materials/.DS_Store
[1.912s] -- Installing: /home/spkmak/vegabot_ws/install/vegabot_description/share/vegabot_description/models/aws_robomaker_residential_Trash_01
[1.912s] -- Installing: /home/spkmak/vegabot_ws/install/vegabot_description/share/vegabot_description/models/aws_robomaker_residential_Trash_01/meshes
[1.913s] -- Installing: /home/spkmak/vegabot_ws/install/vegabot_description/share/vegabot_description/models/aws_robomaker_residential_Trash_01/meshes/aws_Trash_01_visual.DAE
[1.916s] -- Installing: /home/spkmak/vegabot_ws/install/vegabot_description/share/vegabot_description/models/aws_robomaker_residential_Trash_01/meshes/aws_Trash_01_collision.DAE
[1.918s] -- Installing: /home/spkmak/vegabot_ws/install/vegabot_description/share/vegabot_description/models/aws_robomaker_residential_Trash_01/model.config
[1.918s] -- Installing: /home/spkmak/vegabot_ws/install/vegabot_description/share/vegabot_description/models/aws_robomaker_residential_Trash_01/model.sdf
[1.919s] -- Installing: /home/spkmak/vegabot_ws/install/vegabot_description/share/vegabot_description/models/aws_robomaker_residential_Trash_01/materials
[1.920s] -- Installing: /home/spkmak/vegabot_ws/install/vegabot_description/share/vegabot_description/models/aws_robomaker_residential_Trash_01/materials/textures
[1.921s] -- Installing: /home/spkmak/vegabot_ws/install/vegabot_description/share/vegabot_description/models/aws_robomaker_residential_Trash_01/materials/textures/aws_Trash_01.png
[1.928s] -- Installing: /home/spkmak/vegabot_ws/install/vegabot_description/share/vegabot_description/models/aws_robomaker_warehouse_WallB_01
[1.928s] -- Installing: /home/spkmak/vegabot_ws/install/vegabot_description/share/vegabot_description/models/aws_robomaker_warehouse_WallB_01/meshes
[1.928s] -- Installing: /home/spkmak/vegabot_ws/install/vegabot_description/share/vegabot_description/models/aws_robomaker_warehouse_WallB_01/meshes/aws_robomaker_warehouse_WallB_01_collision.DAE
[1.929s] -- Installing: /home/spkmak/vegabot_ws/install/vegabot_description/share/vegabot_description/models/aws_robomaker_warehouse_WallB_01/meshes/aws_robomaker_warehouse_WallB_01_visual.DAE
[1.930s] -- Installing: /home/spkmak/vegabot_ws/install/vegabot_description/share/vegabot_description/models/aws_robomaker_warehouse_WallB_01/model.config
[1.931s] -- Installing: /home/spkmak/vegabot_ws/install/vegabot_description/share/vegabot_description/models/aws_robomaker_warehouse_WallB_01/model.sdf
[1.932s] -- Installing: /home/spkmak/vegabot_ws/install/vegabot_description/share/vegabot_description/models/aws_robomaker_warehouse_WallB_01/materials
[1.932s] -- Installing: /home/spkmak/vegabot_ws/install/vegabot_description/share/vegabot_description/models/aws_robomaker_warehouse_WallB_01/materials/textures
[1.932s] -- Installing: /home/spkmak/vegabot_ws/install/vegabot_description/share/vegabot_description/models/aws_robomaker_warehouse_WallB_01/materials/textures/aws_robomaker_warehouse_WallB_01.png
[1.938s] -- Installing: /home/spkmak/vegabot_ws/install/vegabot_description/share/vegabot_description/models/aws_robomaker_warehouse_GroundB_01
[1.938s] -- Installing: /home/spkmak/vegabot_ws/install/vegabot_description/share/vegabot_description/models/aws_robomaker_warehouse_GroundB_01/meshes
[1.939s] -- Installing: /home/spkmak/vegabot_ws/install/vegabot_description/share/vegabot_description/models/aws_robomaker_warehouse_GroundB_01/meshes/aws_robomaker_warehouse_GroundB_01_visual.DAE
[1.940s] -- Installing: /home/spkmak/vegabot_ws/install/vegabot_description/share/vegabot_description/models/aws_robomaker_warehouse_GroundB_01/meshes/aws_robomaker_warehouse_GroundB_01_collision.DAE
[1.941s] -- Installing: /home/spkmak/vegabot_ws/install/vegabot_description/share/vegabot_description/models/aws_robomaker_warehouse_GroundB_01/model.config
[1.941s] -- Installing: /home/spkmak/vegabot_ws/install/vegabot_description/share/vegabot_description/models/aws_robomaker_warehouse_GroundB_01/model.sdf
[1.942s] -- Installing: /home/spkmak/vegabot_ws/install/vegabot_description/share/vegabot_description/models/aws_robomaker_warehouse_GroundB_01/materials
[1.943s] -- Installing: /home/spkmak/vegabot_ws/install/vegabot_description/share/vegabot_description/models/aws_robomaker_warehouse_GroundB_01/materials/textures
[1.943s] -- Installing: /home/spkmak/vegabot_ws/install/vegabot_description/share/vegabot_description/models/aws_robomaker_warehouse_GroundB_01/materials/textures/aws_robomaker_warehouse_GroundB_01.png
[1.967s] -- Installing: /home/spkmak/vegabot_ws/install/vegabot_description/share/vegabot_description/models/aws_robomaker_warehouse_GroundB_01/materials/textures/aws_robomaker_warehouse_GroundB_02.png
[1.969s] -- Installing: /home/spkmak/vegabot_ws/install/vegabot_description/share/vegabot_description/models/aws_robomaker_residential_DeskPortraitA_01
[1.969s] -- Installing: /home/spkmak/vegabot_ws/install/vegabot_description/share/vegabot_description/models/aws_robomaker_residential_DeskPortraitA_01/meshes
[1.970s] -- Installing: /home/spkmak/vegabot_ws/install/vegabot_description/share/vegabot_description/models/aws_robomaker_residential_DeskPortraitA_01/meshes/aws_DeskPortraitA_01_collision.DAE
[1.970s] -- Installing: /home/spkmak/vegabot_ws/install/vegabot_description/share/vegabot_description/models/aws_robomaker_residential_DeskPortraitA_01/meshes/aws_DeskPortraitA_01_visual.DAE
[1.976s] -- Installing: /home/spkmak/vegabot_ws/install/vegabot_description/share/vegabot_description/models/aws_robomaker_residential_DeskPortraitA_01/model.config
[1.977s] -- Installing: /home/spkmak/vegabot_ws/install/vegabot_description/share/vegabot_description/models/aws_robomaker_residential_DeskPortraitA_01/model.sdf
[1.977s] -- Installing: /home/spkmak/vegabot_ws/install/vegabot_description/share/vegabot_description/models/aws_robomaker_residential_DeskPortraitA_01/materials
[1.978s] -- Installing: /home/spkmak/vegabot_ws/install/vegabot_description/share/vegabot_description/models/aws_robomaker_residential_DeskPortraitA_01/materials/textures
[1.978s] -- Installing: /home/spkmak/vegabot_ws/install/vegabot_description/share/vegabot_description/models/aws_robomaker_residential_DeskPortraitA_01/materials/textures/aws_DeskPortraitA_02.png
[1.996s] -- Installing: /home/spkmak/vegabot_ws/install/vegabot_description/share/vegabot_description/models/aws_robomaker_residential_DeskPortraitA_01/materials/textures/aws_DeskPortraitA_01.png
[1.997s] -- Installing: /home/spkmak/vegabot_ws/install/vegabot_description/share/vegabot_description/models/aws_robomaker_warehouse_ShelfD_01
[1.998s] -- Installing: /home/spkmak/vegabot_ws/install/vegabot_description/share/vegabot_description/models/aws_robomaker_warehouse_ShelfD_01/meshes
[1.998s] -- Installing: /home/spkmak/vegabot_ws/install/vegabot_description/share/vegabot_description/models/aws_robomaker_warehouse_ShelfD_01/meshes/aws_robomaker_warehouse_ShelfD_01_collision.DAE
[1.999s] -- Installing: /home/spkmak/vegabot_ws/install/vegabot_description/share/vegabot_description/models/aws_robomaker_warehouse_ShelfD_01/meshes/aws_robomaker_warehouse_ShelfD_01_visual.DAE
[2.004s] -- Installing: /home/spkmak/vegabot_ws/install/vegabot_description/share/vegabot_description/models/aws_robomaker_warehouse_ShelfD_01/model.config
[2.005s] -- Installing: /home/spkmak/vegabot_ws/install/vegabot_description/share/vegabot_description/models/aws_robomaker_warehouse_ShelfD_01/model.sdf
[2.006s] -- Installing: /home/spkmak/vegabot_ws/install/vegabot_description/share/vegabot_description/models/aws_robomaker_warehouse_ShelfD_01/materials
[2.006s] -- Installing: /home/spkmak/vegabot_ws/install/vegabot_description/share/vegabot_description/models/aws_robomaker_warehouse_ShelfD_01/materials/textures
[2.007s] -- Installing: /home/spkmak/vegabot_ws/install/vegabot_description/share/vegabot_description/models/aws_robomaker_warehouse_ShelfD_01/materials/textures/aws_robomaker_warehouse_ShelfD_01.png
[2.008s] -- Installing: /home/spkmak/vegabot_ws/install/vegabot_description/share/vegabot_description/models/aws_robomaker_warehouse_ShelfD_01/materials/textures/aws_robomaker_warehouse_ShelfD_04.png
[2.015s] -- Installing: /home/spkmak/vegabot_ws/install/vegabot_description/share/vegabot_description/models/aws_robomaker_warehouse_ShelfD_01/materials/textures/aws_robomaker_warehouse_ShelfD_03.png
[2.023s] -- Installing: /home/spkmak/vegabot_ws/install/vegabot_description/share/vegabot_description/models/aws_robomaker_warehouse_ShelfD_01/materials/textures/aws_robomaker_warehouse_ShelfD_02.png
[2.030s] -- Installing: /home/spkmak/vegabot_ws/install/vegabot_description/share/vegabot_description/models/aws_robomaker_residential_FloorB_01
[2.030s] -- Installing: /home/spkmak/vegabot_ws/install/vegabot_description/share/vegabot_description/models/aws_robomaker_residential_FloorB_01/meshes
[2.030s] -- Installing: /home/spkmak/vegabot_ws/install/vegabot_description/share/vegabot_description/models/aws_robomaker_residential_FloorB_01/meshes/aws_FloorB_01_collision.DAE
[2.031s] -- Installing: /home/spkmak/vegabot_ws/install/vegabot_description/share/vegabot_description/models/aws_robomaker_residential_FloorB_01/meshes/aws_FloorB_01_visual.DAE
[2.032s] -- Installing: /home/spkmak/vegabot_ws/install/vegabot_description/share/vegabot_description/models/aws_robomaker_residential_FloorB_01/model.config
[2.033s] -- Installing: /home/spkmak/vegabot_ws/install/vegabot_description/share/vegabot_description/models/aws_robomaker_residential_FloorB_01/model.sdf
[2.033s] -- Installing: /home/spkmak/vegabot_ws/install/vegabot_description/share/vegabot_description/models/aws_robomaker_residential_FloorB_01/materials
[2.034s] -- Installing: /home/spkmak/vegabot_ws/install/vegabot_description/share/vegabot_description/models/aws_robomaker_residential_FloorB_01/materials/textures
[2.034s] -- Installing: /home/spkmak/vegabot_ws/install/vegabot_description/share/vegabot_description/models/aws_robomaker_residential_FloorB_01/materials/textures/aws_FloorB_01.png
[2.040s] -- Installing: /home/spkmak/vegabot_ws/install/vegabot_description/share/vegabot_description/models/aws_robomaker_residential_Quilt_01
[2.041s] -- Installing: /home/spkmak/vegabot_ws/install/vegabot_description/share/vegabot_description/models/aws_robomaker_residential_Quilt_01/meshes
[2.041s] -- Installing: /home/spkmak/vegabot_ws/install/vegabot_description/share/vegabot_description/models/aws_robomaker_residential_Quilt_01/meshes/aws_Quilt_01_collision.DAE
[2.042s] -- Installing: /home/spkmak/vegabot_ws/install/vegabot_description/share/vegabot_description/models/aws_robomaker_residential_Quilt_01/meshes/aws_Quilt_01_visual.DAE
[2.047s] -- Installing: /home/spkmak/vegabot_ws/install/vegabot_description/share/vegabot_description/models/aws_robomaker_residential_Quilt_01/model.config
[2.048s] -- Installing: /home/spkmak/vegabot_ws/install/vegabot_description/share/vegabot_description/models/aws_robomaker_residential_Quilt_01/model.sdf
[2.048s] -- Installing: /home/spkmak/vegabot_ws/install/vegabot_description/share/vegabot_description/models/aws_robomaker_residential_Quilt_01/materials
[2.049s] -- Installing: /home/spkmak/vegabot_ws/install/vegabot_description/share/vegabot_description/models/aws_robomaker_residential_Quilt_01/materials/textures
[2.049s] -- Installing: /home/spkmak/vegabot_ws/install/vegabot_description/share/vegabot_description/models/aws_robomaker_residential_Quilt_01/materials/textures/aws_Quilt_01.png
[2.065s] -- Installing: /home/spkmak/vegabot_ws/install/vegabot_description/share/vegabot_description/models/aws_robomaker_residential_Carpet_01
[2.065s] -- Installing: /home/spkmak/vegabot_ws/install/vegabot_description/share/vegabot_description/models/aws_robomaker_residential_Carpet_01/meshes
[2.065s] -- Installing: /home/spkmak/vegabot_ws/install/vegabot_description/share/vegabot_description/models/aws_robomaker_residential_Carpet_01/meshes/aws_Carpet_01_collision.DAE
[2.066s] -- Installing: /home/spkmak/vegabot_ws/install/vegabot_description/share/vegabot_description/models/aws_robomaker_residential_Carpet_01/meshes/aws_Carpet_01_visual.DAE
[2.067s] -- Installing: /home/spkmak/vegabot_ws/install/vegabot_description/share/vegabot_description/models/aws_robomaker_residential_Carpet_01/model.config
[2.067s] -- Installing: /home/spkmak/vegabot_ws/install/vegabot_description/share/vegabot_description/models/aws_robomaker_residential_Carpet_01/model.sdf
[2.068s] -- Installing: /home/spkmak/vegabot_ws/install/vegabot_description/share/vegabot_description/models/aws_robomaker_residential_Carpet_01/materials
[2.068s] -- Installing: /home/spkmak/vegabot_ws/install/vegabot_description/share/vegabot_description/models/aws_robomaker_residential_Carpet_01/materials/textures
[2.068s] -- Installing: /home/spkmak/vegabot_ws/install/vegabot_description/share/vegabot_description/models/aws_robomaker_residential_Carpet_01/materials/textures/aws_Carpet_01.png
[2.191s] -- Installing: /home/spkmak/vegabot_ws/install/vegabot_description/share/vegabot_description/models/aws_robomaker_residential_ShoeRack_01
[2.192s] -- Installing: /home/spkmak/vegabot_ws/install/vegabot_description/share/vegabot_description/models/aws_robomaker_residential_ShoeRack_01/meshes
[2.193s] -- Installing: /home/spkmak/vegabot_ws/install/vegabot_description/share/vegabot_description/models/aws_robomaker_residential_ShoeRack_01/meshes/aws_ShoeRack_01_collision.DAE
[2.193s] -- Installing: /home/spkmak/vegabot_ws/install/vegabot_description/share/vegabot_description/models/aws_robomaker_residential_ShoeRack_01/meshes/aws_ShoeRack_01_visual.DAE
[2.197s] -- Installing: /home/spkmak/vegabot_ws/install/vegabot_description/share/vegabot_description/models/aws_robomaker_residential_ShoeRack_01/model.config
[2.197s] -- Installing: /home/spkmak/vegabot_ws/install/vegabot_description/share/vegabot_description/models/aws_robomaker_residential_ShoeRack_01/model.sdf
[2.198s] -- Installing: /home/spkmak/vegabot_ws/install/vegabot_description/share/vegabot_description/models/aws_robomaker_residential_ShoeRack_01/materials
[2.198s] -- Installing: /home/spkmak/vegabot_ws/install/vegabot_description/share/vegabot_description/models/aws_robomaker_residential_ShoeRack_01/materials/textures
[2.199s] -- Installing: /home/spkmak/vegabot_ws/install/vegabot_description/share/vegabot_description/models/aws_robomaker_residential_ShoeRack_01/materials/textures/aws_ShoeRack_01.png
[2.213s] -- Installing: /home/spkmak/vegabot_ws/install/vegabot_description/share/vegabot_description/models/aws_robomaker_residential_TVCabinet_01
[2.213s] -- Installing: /home/spkmak/vegabot_ws/install/vegabot_description/share/vegabot_description/models/aws_robomaker_residential_TVCabinet_01/meshes
[2.213s] -- Installing: /home/spkmak/vegabot_ws/install/vegabot_description/share/vegabot_description/models/aws_robomaker_residential_TVCabinet_01/meshes/aws_TVCabinet_01_collision.DAE
[2.214s] -- Installing: /home/spkmak/vegabot_ws/install/vegabot_description/share/vegabot_description/models/aws_robomaker_residential_TVCabinet_01/meshes/aws_TVCabinet_01_visual.DAE
[2.216s] -- Installing: /home/spkmak/vegabot_ws/install/vegabot_description/share/vegabot_description/models/aws_robomaker_residential_TVCabinet_01/model.config
[2.216s] -- Installing: /home/spkmak/vegabot_ws/install/vegabot_description/share/vegabot_description/models/aws_robomaker_residential_TVCabinet_01/model.sdf
[2.217s] -- Installing: /home/spkmak/vegabot_ws/install/vegabot_description/share/vegabot_description/models/aws_robomaker_residential_TVCabinet_01/materials
[2.217s] -- Installing: /home/spkmak/vegabot_ws/install/vegabot_description/share/vegabot_description/models/aws_robomaker_residential_TVCabinet_01/materials/textures
[2.218s] -- Installing: /home/spkmak/vegabot_ws/install/vegabot_description/share/vegabot_description/models/aws_robomaker_residential_TVCabinet_01/materials/textures/aws_TVCabinet_01.png
[2.232s] -- Installing: /home/spkmak/vegabot_ws/install/vegabot_description/share/vegabot_description/models/aws_robomaker_residential_DeskPortraitA_02
[2.232s] -- Installing: /home/spkmak/vegabot_ws/install/vegabot_description/share/vegabot_description/models/aws_robomaker_residential_DeskPortraitA_02/meshes
[2.233s] -- Installing: /home/spkmak/vegabot_ws/install/vegabot_description/share/vegabot_description/models/aws_robomaker_residential_DeskPortraitA_02/meshes/aws_DeskPortraitA_01_collision.DAE
[2.233s] -- Installing: /home/spkmak/vegabot_ws/install/vegabot_description/share/vegabot_description/models/aws_robomaker_residential_DeskPortraitA_02/meshes/aws_DeskPortraitA_01_visual.DAE
[2.238s] -- Installing: /home/spkmak/vegabot_ws/install/vegabot_description/share/vegabot_description/models/aws_robomaker_residential_DeskPortraitA_02/model.config
[2.239s] -- Installing: /home/spkmak/vegabot_ws/install/vegabot_description/share/vegabot_description/models/aws_robomaker_residential_DeskPortraitA_02/model.sdf
[2.239s] -- Installing: /home/spkmak/vegabot_ws/install/vegabot_description/share/vegabot_description/models/aws_robomaker_residential_DeskPortraitA_02/materials
[2.240s] -- Installing: /home/spkmak/vegabot_ws/install/vegabot_description/share/vegabot_description/models/aws_robomaker_residential_DeskPortraitA_02/materials/textures
[2.240s] -- Installing: /home/spkmak/vegabot_ws/install/vegabot_description/share/vegabot_description/models/aws_robomaker_residential_DeskPortraitA_02/materials/textures/aws_DeskPortraitA_02.png
[2.260s] -- Installing: /home/spkmak/vegabot_ws/install/vegabot_description/share/vegabot_description/models/aws_robomaker_residential_DeskPortraitA_02/materials/textures/aws_DeskPortraitA_01.png
[2.260s] -- Installing: /home/spkmak/vegabot_ws/install/vegabot_description/share/vegabot_description/models/aws_robomaker_warehouse_ShelfE_01
[2.260s] -- Installing: /home/spkmak/vegabot_ws/install/vegabot_description/share/vegabot_description/models/aws_robomaker_warehouse_ShelfE_01/meshes
[2.261s] -- Installing: /home/spkmak/vegabot_ws/install/vegabot_description/share/vegabot_description/models/aws_robomaker_warehouse_ShelfE_01/meshes/aws_robomaker_warehouse_ShelfE_01_collision.DAE
[2.261s] -- Installing: /home/spkmak/vegabot_ws/install/vegabot_description/share/vegabot_description/models/aws_robomaker_warehouse_ShelfE_01/meshes/aws_robomaker_warehouse_ShelfE_01_visual.DAE
[2.266s] -- Installing: /home/spkmak/vegabot_ws/install/vegabot_description/share/vegabot_description/models/aws_robomaker_warehouse_ShelfE_01/model.config
[2.266s] -- Installing: /home/spkmak/vegabot_ws/install/vegabot_description/share/vegabot_description/models/aws_robomaker_warehouse_ShelfE_01/model.sdf
[2.267s] -- Installing: /home/spkmak/vegabot_ws/install/vegabot_description/share/vegabot_description/models/aws_robomaker_warehouse_ShelfE_01/.DS_Store
[2.268s] -- Installing: /home/spkmak/vegabot_ws/install/vegabot_description/share/vegabot_description/models/aws_robomaker_warehouse_ShelfE_01/materials
[2.268s] -- Installing: /home/spkmak/vegabot_ws/install/vegabot_description/share/vegabot_description/models/aws_robomaker_warehouse_ShelfE_01/materials/textures
[2.268s] -- Installing: /home/spkmak/vegabot_ws/install/vegabot_description/share/vegabot_description/models/aws_robomaker_warehouse_ShelfE_01/materials/textures/aws_robomaker_warehouse_ShelfE_03.png
[2.276s] -- Installing: /home/spkmak/vegabot_ws/install/vegabot_description/share/vegabot_description/models/aws_robomaker_warehouse_ShelfE_01/materials/textures/aws_robomaker_warehouse_ShelfE_01.png
[2.277s] -- Installing: /home/spkmak/vegabot_ws/install/vegabot_description/share/vegabot_description/models/aws_robomaker_warehouse_ShelfE_01/materials/textures/aws_robomaker_warehouse_ShelfE_04.png
[2.283s] -- Installing: /home/spkmak/vegabot_ws/install/vegabot_description/share/vegabot_description/models/aws_robomaker_warehouse_ShelfE_01/materials/textures/aws_robomaker_warehouse_ShelfE_02.png
[2.289s] -- Installing: /home/spkmak/vegabot_ws/install/vegabot_description/share/vegabot_description/models/aws_robomaker_warehouse_ShelfE_01/materials/.DS_Store
[2.290s] -- Installing: /home/spkmak/vegabot_ws/install/vegabot_description/share/vegabot_description/models/aws_robomaker_residential_CookingBench_01
[2.291s] -- Installing: /home/spkmak/vegabot_ws/install/vegabot_description/share/vegabot_description/models/aws_robomaker_residential_CookingBench_01/meshes
[2.291s] -- Installing: /home/spkmak/vegabot_ws/install/vegabot_description/share/vegabot_description/models/aws_robomaker_residential_CookingBench_01/meshes/aws_CookingBench_01.DAE
[2.296s] -- Installing: /home/spkmak/vegabot_ws/install/vegabot_description/share/vegabot_description/models/aws_robomaker_residential_CookingBench_01/meshes/aws_CookingBench_01_collision.DAE
[2.297s] -- Installing: /home/spkmak/vegabot_ws/install/vegabot_description/share/vegabot_description/models/aws_robomaker_residential_CookingBench_01/meshes/aws_CookingBench_01_visual.DAE
[2.302s] -- Installing: /home/spkmak/vegabot_ws/install/vegabot_description/share/vegabot_description/models/aws_robomaker_residential_CookingBench_01/model.config
[2.302s] -- Installing: /home/spkmak/vegabot_ws/install/vegabot_description/share/vegabot_description/models/aws_robomaker_residential_CookingBench_01/model.sdf
[2.303s] -- Installing: /home/spkmak/vegabot_ws/install/vegabot_description/share/vegabot_description/models/aws_robomaker_residential_CookingBench_01/materials
[2.303s] -- Installing: /home/spkmak/vegabot_ws/install/vegabot_description/share/vegabot_description/models/aws_robomaker_residential_CookingBench_01/materials/textures
[2.303s] -- Installing: /home/spkmak/vegabot_ws/install/vegabot_description/share/vegabot_description/models/aws_robomaker_residential_CookingBench_01/materials/textures/aws_CookingBench_01.png
[2.309s] -- Installing: /home/spkmak/vegabot_ws/install/vegabot_description/share/vegabot_description/models/aws_robomaker_residential_Sofa_01
[2.309s] -- Installing: /home/spkmak/vegabot_ws/install/vegabot_description/share/vegabot_description/models/aws_robomaker_residential_Sofa_01/meshes
[2.310s] -- Installing: /home/spkmak/vegabot_ws/install/vegabot_description/share/vegabot_description/models/aws_robomaker_residential_Sofa_01/meshes/aws_Sofa_01_collision.DAE
[2.313s] -- Installing: /home/spkmak/vegabot_ws/install/vegabot_description/share/vegabot_description/models/aws_robomaker_residential_Sofa_01/meshes/aws_Sofa_01_visual.DAE
[2.330s] -- Installing: /home/spkmak/vegabot_ws/install/vegabot_description/share/vegabot_description/models/aws_robomaker_residential_Sofa_01/meshes/aws_Sofa_01.DAE
[2.374s] -- Installing: /home/spkmak/vegabot_ws/install/vegabot_description/share/vegabot_description/models/aws_robomaker_residential_Sofa_01/model.config
[2.375s] -- Installing: /home/spkmak/vegabot_ws/install/vegabot_description/share/vegabot_description/models/aws_robomaker_residential_Sofa_01/model.sdf
[2.376s] -- Installing: /home/spkmak/vegabot_ws/install/vegabot_description/share/vegabot_description/models/aws_robomaker_residential_Sofa_01/materials
[2.376s] -- Installing: /home/spkmak/vegabot_ws/install/vegabot_description/share/vegabot_description/models/aws_robomaker_residential_Sofa_01/materials/textures
[2.376s] -- Installing: /home/spkmak/vegabot_ws/install/vegabot_description/share/vegabot_description/models/aws_robomaker_residential_Sofa_01/materials/textures/aws_Sofa_01.png
[2.377s] -- Installing: /home/spkmak/vegabot_ws/install/vegabot_description/share/vegabot_description/models/aws_robomaker_residential_Wardrobe_01
[2.378s] -- Installing: /home/spkmak/vegabot_ws/install/vegabot_description/share/vegabot_description/models/aws_robomaker_residential_Wardrobe_01/meshes
[2.378s] -- Installing: /home/spkmak/vegabot_ws/install/vegabot_description/share/vegabot_description/models/aws_robomaker_residential_Wardrobe_01/meshes/aws_Wardrobe_01_collision.DAE
[2.379s] -- Installing: /home/spkmak/vegabot_ws/install/vegabot_description/share/vegabot_description/models/aws_robomaker_residential_Wardrobe_01/meshes/aws_Wardrobe_01_visual.DAE
[2.389s] -- Installing: /home/spkmak/vegabot_ws/install/vegabot_description/share/vegabot_description/models/aws_robomaker_residential_Wardrobe_01/model.config
[2.390s] -- Installing: /home/spkmak/vegabot_ws/install/vegabot_description/share/vegabot_description/models/aws_robomaker_residential_Wardrobe_01/model.sdf
[2.390s] -- Installing: /home/spkmak/vegabot_ws/install/vegabot_description/share/vegabot_description/models/aws_robomaker_residential_Wardrobe_01/materials
[2.390s] -- Installing: /home/spkmak/vegabot_ws/install/vegabot_description/share/vegabot_description/models/aws_robomaker_residential_Wardrobe_01/materials/textures
[2.391s] -- Installing: /home/spkmak/vegabot_ws/install/vegabot_description/share/vegabot_description/models/aws_robomaker_residential_Wardrobe_01/materials/textures/aws_Wardrobe_01.png
[2.421s] -- Installing: /home/spkmak/vegabot_ws/install/vegabot_description/share/vegabot_description/models/aws_robomaker_residential_SeasoningBox_01
[2.422s] -- Installing: /home/spkmak/vegabot_ws/install/vegabot_description/share/vegabot_description/models/aws_robomaker_residential_SeasoningBox_01/meshes
[2.422s] -- Installing: /home/spkmak/vegabot_ws/install/vegabot_description/share/vegabot_description/models/aws_robomaker_residential_SeasoningBox_01/meshes/aws_SeasoningBox_01_visual.DAE
[2.480s] -- Installing: /home/spkmak/vegabot_ws/install/vegabot_description/share/vegabot_description/models/aws_robomaker_residential_SeasoningBox_01/meshes/aws_SeasoningBox_01_collision.DAE
[2.481s] -- Installing: /home/spkmak/vegabot_ws/install/vegabot_description/share/vegabot_description/models/aws_robomaker_residential_SeasoningBox_01/model.config
[2.482s] -- Installing: /home/spkmak/vegabot_ws/install/vegabot_description/share/vegabot_description/models/aws_robomaker_residential_SeasoningBox_01/model.sdf
[2.483s] -- Installing: /home/spkmak/vegabot_ws/install/vegabot_description/share/vegabot_description/models/aws_robomaker_residential_SeasoningBox_01/materials
[2.484s] -- Installing: /home/spkmak/vegabot_ws/install/vegabot_description/share/vegabot_description/models/aws_robomaker_residential_SeasoningBox_01/materials/textures
[2.484s] -- Installing: /home/spkmak/vegabot_ws/install/vegabot_description/share/vegabot_description/models/aws_robomaker_residential_SeasoningBox_01/materials/textures/aws_SeasoningBox_01.png
[2.486s] -- Installing: /home/spkmak/vegabot_ws/install/vegabot_description/share/vegabot_description/models/aws_robomaker_residential_ReadingDesk_01
[2.486s] -- Installing: /home/spkmak/vegabot_ws/install/vegabot_description/share/vegabot_description/models/aws_robomaker_residential_ReadingDesk_01/meshes
[2.487s] -- Installing: /home/spkmak/vegabot_ws/install/vegabot_description/share/vegabot_description/models/aws_robomaker_residential_ReadingDesk_01/meshes/aws_ReadingDesk_01_visual.DAE
[2.492s] -- Installing: /home/spkmak/vegabot_ws/install/vegabot_description/share/vegabot_description/models/aws_robomaker_residential_ReadingDesk_01/meshes/aws_ReadingDesk_01_collision.DAE
[2.493s] -- Installing: /home/spkmak/vegabot_ws/install/vegabot_description/share/vegabot_description/models/aws_robomaker_residential_ReadingDesk_01/model.config
[2.493s] -- Installing: /home/spkmak/vegabot_ws/install/vegabot_description/share/vegabot_description/models/aws_robomaker_residential_ReadingDesk_01/model.sdf
[2.494s] -- Installing: /home/spkmak/vegabot_ws/install/vegabot_description/share/vegabot_description/models/aws_robomaker_residential_ReadingDesk_01/materials
[2.495s] -- Installing: /home/spkmak/vegabot_ws/install/vegabot_description/share/vegabot_description/models/aws_robomaker_residential_ReadingDesk_01/materials/textures
[2.495s] -- Installing: /home/spkmak/vegabot_ws/install/vegabot_description/share/vegabot_description/models/aws_robomaker_residential_ReadingDesk_01/materials/textures/aws_ReadingDesk_01.png
[2.509s] -- Installing: /home/spkmak/vegabot_ws/install/vegabot_description/share/vegabot_description/models/aws_robomaker_residential_Chandelier_01
[2.509s] -- Installing: /home/spkmak/vegabot_ws/install/vegabot_description/share/vegabot_description/models/aws_robomaker_residential_Chandelier_01/meshes
[2.509s] -- Installing: /home/spkmak/vegabot_ws/install/vegabot_description/share/vegabot_description/models/aws_robomaker_residential_Chandelier_01/meshes/aws_Chandelier_01_visual.DAE
[2.516s] -- Installing: /home/spkmak/vegabot_ws/install/vegabot_description/share/vegabot_description/models/aws_robomaker_residential_Chandelier_01/meshes/aws_Chandelier_01.DAE
[2.524s] -- Installing: /home/spkmak/vegabot_ws/install/vegabot_description/share/vegabot_description/models/aws_robomaker_residential_Chandelier_01/meshes/aws_Chandelier_01_collision.DAE
[2.525s] -- Installing: /home/spkmak/vegabot_ws/install/vegabot_description/share/vegabot_description/models/aws_robomaker_residential_Chandelier_01/model.config
[2.526s] -- Installing: /home/spkmak/vegabot_ws/install/vegabot_description/share/vegabot_description/models/aws_robomaker_residential_Chandelier_01/model.sdf
[2.527s] -- Installing: /home/spkmak/vegabot_ws/install/vegabot_description/share/vegabot_description/models/aws_robomaker_residential_Chandelier_01/materials
[2.527s] -- Installing: /home/spkmak/vegabot_ws/install/vegabot_description/share/vegabot_description/models/aws_robomaker_residential_Chandelier_01/materials/textures
[2.527s] -- Installing: /home/spkmak/vegabot_ws/install/vegabot_description/share/vegabot_description/models/aws_robomaker_residential_Chandelier_01/materials/textures/aws_Chandelier_01.png
[2.541s] -- Installing: /home/spkmak/vegabot_ws/install/vegabot_description/share/vegabot_description/models/marker1
[2.542s] -- Installing: /home/spkmak/vegabot_ws/install/vegabot_description/share/vegabot_description/models/marker1/meshes
[2.542s] -- Installing: /home/spkmak/vegabot_ws/install/vegabot_description/share/vegabot_description/models/marker1/meshes/Marker1.dae
[2.543s] -- Installing: /home/spkmak/vegabot_ws/install/vegabot_description/share/vegabot_description/models/marker1/model.config
[2.543s] -- Installing: /home/spkmak/vegabot_ws/install/vegabot_description/share/vegabot_description/models/marker1/model.sdf
[2.544s] -- Installing: /home/spkmak/vegabot_ws/install/vegabot_description/share/vegabot_description/models/marker1/materials
[2.544s] -- Installing: /home/spkmak/vegabot_ws/install/vegabot_description/share/vegabot_description/models/marker1/materials/textures
[2.544s] -- Installing: /home/spkmak/vegabot_ws/install/vegabot_description/share/vegabot_description/models/marker1/materials/textures/Marker1.png
[2.545s] -- Installing: /home/spkmak/vegabot_ws/install/vegabot_description/share/vegabot_description/models/aws_robomaker_residential_DeskPortraitB_01
[2.546s] -- Installing: /home/spkmak/vegabot_ws/install/vegabot_description/share/vegabot_description/models/aws_robomaker_residential_DeskPortraitB_01/meshes
[2.546s] -- Installing: /home/spkmak/vegabot_ws/install/vegabot_description/share/vegabot_description/models/aws_robomaker_residential_DeskPortraitB_01/meshes/aws_DeskPortraitB_01_collision.DAE
[2.547s] -- Installing: /home/spkmak/vegabot_ws/install/vegabot_description/share/vegabot_description/models/aws_robomaker_residential_DeskPortraitB_01/meshes/aws_DeskPortraitB_01_visual.DAE
[2.553s] -- Installing: /home/spkmak/vegabot_ws/install/vegabot_description/share/vegabot_description/models/aws_robomaker_residential_DeskPortraitB_01/model.config
[2.558s] -- Installing: /home/spkmak/vegabot_ws/install/vegabot_description/share/vegabot_description/models/aws_robomaker_residential_DeskPortraitB_01/model.sdf
[2.559s] -- Installing: /home/spkmak/vegabot_ws/install/vegabot_description/share/vegabot_description/models/aws_robomaker_residential_DeskPortraitB_01/materials
[2.559s] -- Installing: /home/spkmak/vegabot_ws/install/vegabot_description/share/vegabot_description/models/aws_robomaker_residential_DeskPortraitB_01/materials/textures
[2.560s] -- Installing: /home/spkmak/vegabot_ws/install/vegabot_description/share/vegabot_description/models/aws_robomaker_residential_DeskPortraitB_01/materials/textures/aws_DeskPortraitB_02.png
[2.579s] -- Installing: /home/spkmak/vegabot_ws/install/vegabot_description/share/vegabot_description/models/aws_robomaker_residential_DeskPortraitB_01/materials/textures/aws_DeskPortraitB_01.png
[2.580s] -- Installing: /home/spkmak/vegabot_ws/install/vegabot_description/share/vegabot_description/models/aws_robomaker_residential_DeskPortraitC_02
[2.581s] -- Installing: /home/spkmak/vegabot_ws/install/vegabot_description/share/vegabot_description/models/aws_robomaker_residential_DeskPortraitC_02/meshes
[2.581s] -- Installing: /home/spkmak/vegabot_ws/install/vegabot_description/share/vegabot_description/models/aws_robomaker_residential_DeskPortraitC_02/meshes/aws_DeskPortraitC_01_collision.DAE
[2.582s] -- Installing: /home/spkmak/vegabot_ws/install/vegabot_description/share/vegabot_description/models/aws_robomaker_residential_DeskPortraitC_02/meshes/aws_DeskPortraitC_01_visual.DAE
[2.588s] -- Installing: /home/spkmak/vegabot_ws/install/vegabot_description/share/vegabot_description/models/aws_robomaker_residential_DeskPortraitC_02/model.config
[2.589s] -- Installing: /home/spkmak/vegabot_ws/install/vegabot_description/share/vegabot_description/models/aws_robomaker_residential_DeskPortraitC_02/model.sdf
[2.589s] -- Installing: /home/spkmak/vegabot_ws/install/vegabot_description/share/vegabot_description/models/aws_robomaker_residential_DeskPortraitC_02/materials
[2.589s] -- Installing: /home/spkmak/vegabot_ws/install/vegabot_description/share/vegabot_description/models/aws_robomaker_residential_DeskPortraitC_02/materials/textures
[2.590s] -- Installing: /home/spkmak/vegabot_ws/install/vegabot_description/share/vegabot_description/models/aws_robomaker_residential_DeskPortraitC_02/materials/textures/aws_DeskPortraitC_01.png
[2.590s] -- Installing: /home/spkmak/vegabot_ws/install/vegabot_description/share/vegabot_description/models/aws_robomaker_residential_DeskPortraitC_02/materials/textures/aws_DeskPortraitC_02.png
[2.610s] -- Installing: /home/spkmak/vegabot_ws/install/vegabot_description/share/vegabot_description/models/aws_robomaker_residential_SofaC_01
[2.611s] -- Installing: /home/spkmak/vegabot_ws/install/vegabot_description/share/vegabot_description/models/aws_robomaker_residential_SofaC_01/meshes
[2.611s] -- Installing: /home/spkmak/vegabot_ws/install/vegabot_description/share/vegabot_description/models/aws_robomaker_residential_SofaC_01/meshes/aws_SofaC_01_collision.DAE
[2.615s] -- Installing: /home/spkmak/vegabot_ws/install/vegabot_description/share/vegabot_description/models/aws_robomaker_residential_SofaC_01/meshes/aws_SofaC_01_visual.DAE
[2.631s] -- Installing: /home/spkmak/vegabot_ws/install/vegabot_description/share/vegabot_description/models/aws_robomaker_residential_SofaC_01/model.config
[2.632s] -- Installing: /home/spkmak/vegabot_ws/install/vegabot_description/share/vegabot_description/models/aws_robomaker_residential_SofaC_01/model.sdf
[2.634s] -- Installing: /home/spkmak/vegabot_ws/install/vegabot_description/share/vegabot_description/models/aws_robomaker_residential_SofaC_01/materials
[2.635s] -- Installing: /home/spkmak/vegabot_ws/install/vegabot_description/share/vegabot_description/models/aws_robomaker_residential_SofaC_01/materials/textures
[2.635s] -- Installing: /home/spkmak/vegabot_ws/install/vegabot_description/share/vegabot_description/models/aws_robomaker_residential_SofaC_01/materials/textures/aws_SofaC_01.png
[2.636s] -- Installing: /home/spkmak/vegabot_ws/install/vegabot_description/share/vegabot_description/models/marker2
[2.636s] -- Installing: /home/spkmak/vegabot_ws/install/vegabot_description/share/vegabot_description/models/marker2/meshes
[2.636s] -- Installing: /home/spkmak/vegabot_ws/install/vegabot_description/share/vegabot_description/models/marker2/meshes/Marker2.dae
[2.637s] -- Installing: /home/spkmak/vegabot_ws/install/vegabot_description/share/vegabot_description/models/marker2/model.config
[2.637s] -- Installing: /home/spkmak/vegabot_ws/install/vegabot_description/share/vegabot_description/models/marker2/model.sdf
[2.637s] -- Installing: /home/spkmak/vegabot_ws/install/vegabot_description/share/vegabot_description/models/marker2/materials
[2.638s] -- Installing: /home/spkmak/vegabot_ws/install/vegabot_description/share/vegabot_description/models/marker2/materials/textures
[2.638s] -- Installing: /home/spkmak/vegabot_ws/install/vegabot_description/share/vegabot_description/models/marker2/materials/textures/Marker2.png
[2.639s] -- Installing: /home/spkmak/vegabot_ws/install/vegabot_description/share/vegabot_description/models/aws_robomaker_residential_DeskPortraitD_03
[2.639s] -- Installing: /home/spkmak/vegabot_ws/install/vegabot_description/share/vegabot_description/models/aws_robomaker_residential_DeskPortraitD_03/meshes
[2.639s] -- Installing: /home/spkmak/vegabot_ws/install/vegabot_description/share/vegabot_description/models/aws_robomaker_residential_DeskPortraitD_03/meshes/aws_DeskPortraitD_01_collision.DAE
[2.640s] -- Installing: /home/spkmak/vegabot_ws/install/vegabot_description/share/vegabot_description/models/aws_robomaker_residential_DeskPortraitD_03/meshes/aws_DeskPortraitD_01_visual.DAE
[2.642s] -- Installing: /home/spkmak/vegabot_ws/install/vegabot_description/share/vegabot_description/models/aws_robomaker_residential_DeskPortraitD_03/model.config
[2.642s] -- Installing: /home/spkmak/vegabot_ws/install/vegabot_description/share/vegabot_description/models/aws_robomaker_residential_DeskPortraitD_03/model.sdf
[2.643s] -- Installing: /home/spkmak/vegabot_ws/install/vegabot_description/share/vegabot_description/models/aws_robomaker_residential_DeskPortraitD_03/materials
[2.643s] -- Installing: /home/spkmak/vegabot_ws/install/vegabot_description/share/vegabot_description/models/aws_robomaker_residential_DeskPortraitD_03/materials/textures
[2.644s] -- Installing: /home/spkmak/vegabot_ws/install/vegabot_description/share/vegabot_description/models/aws_robomaker_residential_DeskPortraitD_03/materials/textures/aws_DeskPortraitD_02.png
[2.673s] -- Installing: /home/spkmak/vegabot_ws/install/vegabot_description/share/vegabot_description/models/aws_robomaker_residential_DeskPortraitD_03/materials/textures/aws_DeskPortraitD_01.png
[2.673s] -- Installing: /home/spkmak/vegabot_ws/install/vegabot_description/share/vegabot_description/models/aws_robomaker_residential_PortraitA_01
[2.674s] -- Installing: /home/spkmak/vegabot_ws/install/vegabot_description/share/vegabot_description/models/aws_robomaker_residential_PortraitA_01/meshes
[2.674s] -- Installing: /home/spkmak/vegabot_ws/install/vegabot_description/share/vegabot_description/models/aws_robomaker_residential_PortraitA_01/meshes/aws_PortraitA_01_collision.DAE
[2.675s] -- Installing: /home/spkmak/vegabot_ws/install/vegabot_description/share/vegabot_description/models/aws_robomaker_residential_PortraitA_01/meshes/aws_PortraitA_01_visual.DAE
[2.676s] -- Installing: /home/spkmak/vegabot_ws/install/vegabot_description/share/vegabot_description/models/aws_robomaker_residential_PortraitA_01/model.config
[2.677s] -- Installing: /home/spkmak/vegabot_ws/install/vegabot_description/share/vegabot_description/models/aws_robomaker_residential_PortraitA_01/model.sdf
[2.678s] -- Installing: /home/spkmak/vegabot_ws/install/vegabot_description/share/vegabot_description/models/aws_robomaker_residential_PortraitA_01/materials
[2.678s] -- Installing: /home/spkmak/vegabot_ws/install/vegabot_description/share/vegabot_description/models/aws_robomaker_residential_PortraitA_01/materials/textures
[2.678s] -- Installing: /home/spkmak/vegabot_ws/install/vegabot_description/share/vegabot_description/models/aws_robomaker_residential_PortraitA_01/materials/textures/aws_PortraitA_02.png
[2.687s] -- Installing: /home/spkmak/vegabot_ws/install/vegabot_description/share/vegabot_description/models/aws_robomaker_residential_PortraitA_01/materials/textures/aws_PortraitA_01.png
[2.688s] -- Installing: /home/spkmak/vegabot_ws/install/vegabot_description/share/vegabot_description/models/aws_robomaker_residential_FoldingDoor_02
[2.688s] -- Installing: /home/spkmak/vegabot_ws/install/vegabot_description/share/vegabot_description/models/aws_robomaker_residential_FoldingDoor_02/meshes
[2.688s] -- Installing: /home/spkmak/vegabot_ws/install/vegabot_description/share/vegabot_description/models/aws_robomaker_residential_FoldingDoor_02/meshes/aws_FoldingDoor_02_collision.DAE
[2.689s] -- Installing: /home/spkmak/vegabot_ws/install/vegabot_description/share/vegabot_description/models/aws_robomaker_residential_FoldingDoor_02/meshes/aws_FoldingDoor_02_visual.DAE
[2.691s] -- Installing: /home/spkmak/vegabot_ws/install/vegabot_description/share/vegabot_description/models/aws_robomaker_residential_FoldingDoor_02/model.config
[2.691s] -- Installing: /home/spkmak/vegabot_ws/install/vegabot_description/share/vegabot_description/models/aws_robomaker_residential_FoldingDoor_02/model.sdf
[2.693s] -- Installing: /home/spkmak/vegabot_ws/install/vegabot_description/share/vegabot_description/models/aws_robomaker_residential_FoldingDoor_02/materials
[2.693s] -- Installing: /home/spkmak/vegabot_ws/install/vegabot_description/share/vegabot_description/models/aws_robomaker_residential_FoldingDoor_02/materials/textures
[2.693s] -- Installing: /home/spkmak/vegabot_ws/install/vegabot_description/share/vegabot_description/models/aws_robomaker_residential_FoldingDoor_02/materials/textures/aws_FoldingDoor_02.png
[2.696s] -- Installing: /home/spkmak/vegabot_ws/install/vegabot_description/share/vegabot_description/models/aws_robomaker_residential_SecurityCamera_01
[2.696s] -- Installing: /home/spkmak/vegabot_ws/install/vegabot_description/share/vegabot_description/models/aws_robomaker_residential_SecurityCamera_01/meshes
[2.696s] -- Installing: /home/spkmak/vegabot_ws/install/vegabot_description/share/vegabot_description/models/aws_robomaker_residential_SecurityCamera_01/meshes/aws_SecurityCamera_01_collision.DAE
[2.698s] -- Installing: /home/spkmak/vegabot_ws/install/vegabot_description/share/vegabot_description/models/aws_robomaker_residential_SecurityCamera_01/meshes/aws_SecurityCamera_01_visual.DAE
[2.703s] -- Installing: /home/spkmak/vegabot_ws/install/vegabot_description/share/vegabot_description/models/aws_robomaker_residential_SecurityCamera_01/model.config
[2.704s] -- Installing: /home/spkmak/vegabot_ws/install/vegabot_description/share/vegabot_description/models/aws_robomaker_residential_SecurityCamera_01/model.sdf
[2.705s] -- Installing: /home/spkmak/vegabot_ws/install/vegabot_description/share/vegabot_description/models/aws_robomaker_residential_SecurityCamera_01/materials
[2.705s] -- Installing: /home/spkmak/vegabot_ws/install/vegabot_description/share/vegabot_description/models/aws_robomaker_residential_SecurityCamera_01/materials/textures
[2.705s] -- Installing: /home/spkmak/vegabot_ws/install/vegabot_description/share/vegabot_description/models/aws_robomaker_residential_SecurityCamera_01/materials/textures/aws_SecurityCamera_01.png
[2.707s] -- Installing: /home/spkmak/vegabot_ws/install/vegabot_description/share/vegabot_description/models/aws_robomaker_residential_Bed_01
[2.707s] -- Installing: /home/spkmak/vegabot_ws/install/vegabot_description/share/vegabot_description/models/aws_robomaker_residential_Bed_01/meshes
[2.708s] -- Installing: /home/spkmak/vegabot_ws/install/vegabot_description/share/vegabot_description/models/aws_robomaker_residential_Bed_01/meshes/aws_Bed_01_visual.DAE
[2.728s] -- Installing: /home/spkmak/vegabot_ws/install/vegabot_description/share/vegabot_description/models/aws_robomaker_residential_Bed_01/meshes/aws_Bed_01_collision.DAE
[2.729s] -- Installing: /home/spkmak/vegabot_ws/install/vegabot_description/share/vegabot_description/models/aws_robomaker_residential_Bed_01/model.config
[2.730s] -- Installing: /home/spkmak/vegabot_ws/install/vegabot_description/share/vegabot_description/models/aws_robomaker_residential_Bed_01/model.sdf
[2.731s] -- Installing: /home/spkmak/vegabot_ws/install/vegabot_description/share/vegabot_description/models/aws_robomaker_residential_Bed_01/materials
[2.731s] -- Installing: /home/spkmak/vegabot_ws/install/vegabot_description/share/vegabot_description/models/aws_robomaker_residential_Bed_01/materials/textures
[2.732s] -- Installing: /home/spkmak/vegabot_ws/install/vegabot_description/share/vegabot_description/models/aws_robomaker_residential_Bed_01/materials/textures/aws_BedB_01.png
[2.755s] -- Installing: /home/spkmak/vegabot_ws/install/vegabot_description/share/vegabot_description/models/aws_robomaker_residential_Bed_01/materials/textures/aws_Bed_01.png
[2.764s] -- Installing: /home/spkmak/vegabot_ws/install/vegabot_description/share/vegabot_description/models/aws_robomaker_residential_Bed_01/materials/textures/aws_BedA_01.png
[2.773s] -- Installing: /home/spkmak/vegabot_ws/install/vegabot_description/share/vegabot_description/models/aws_robomaker_residential_Bed_01/materials/textures/aws_BedC_01.png
[2.788s] -- Installing: /home/spkmak/vegabot_ws/install/vegabot_description/share/vegabot_description/models/aws_robomaker_warehouse_TrashCanC_01
[2.788s] -- Installing: /home/spkmak/vegabot_ws/install/vegabot_description/share/vegabot_description/models/aws_robomaker_warehouse_TrashCanC_01/meshes
[2.789s] -- Installing: /home/spkmak/vegabot_ws/install/vegabot_description/share/vegabot_description/models/aws_robomaker_warehouse_TrashCanC_01/meshes/aws_robomaker_warehouse_TrashCanC_01_visual.DAE
[2.796s] -- Installing: /home/spkmak/vegabot_ws/install/vegabot_description/share/vegabot_description/models/aws_robomaker_warehouse_TrashCanC_01/meshes/aws_robomaker_warehouse_TrashCanC_01_collision.DAE
[2.797s] -- Installing: /home/spkmak/vegabot_ws/install/vegabot_description/share/vegabot_description/models/aws_robomaker_warehouse_TrashCanC_01/model.config
[2.798s] -- Installing: /home/spkmak/vegabot_ws/install/vegabot_description/share/vegabot_description/models/aws_robomaker_warehouse_TrashCanC_01/model.sdf
[2.798s] -- Installing: /home/spkmak/vegabot_ws/install/vegabot_description/share/vegabot_description/models/aws_robomaker_warehouse_TrashCanC_01/materials
[2.799s] -- Installing: /home/spkmak/vegabot_ws/install/vegabot_description/share/vegabot_description/models/aws_robomaker_warehouse_TrashCanC_01/materials/textures
[2.799s] -- Installing: /home/spkmak/vegabot_ws/install/vegabot_description/share/vegabot_description/models/aws_robomaker_warehouse_TrashCanC_01/materials/textures/aws_robomaker_warehouse_TrashCanC_01.png
[2.805s] -- Installing: /home/spkmak/vegabot_ws/install/vegabot_description/share/vegabot_description/models/aws_robomaker_residential_Pillow_01
[2.805s] -- Installing: /home/spkmak/vegabot_ws/install/vegabot_description/share/vegabot_description/models/aws_robomaker_residential_Pillow_01/meshes
[2.805s] -- Installing: /home/spkmak/vegabot_ws/install/vegabot_description/share/vegabot_description/models/aws_robomaker_residential_Pillow_01/meshes/aws_Pillow_01_collision.DAE
[2.806s] -- Installing: /home/spkmak/vegabot_ws/install/vegabot_description/share/vegabot_description/models/aws_robomaker_residential_Pillow_01/meshes/aws_Pillow_01_visual.DAE
[2.822s] -- Installing: /home/spkmak/vegabot_ws/install/vegabot_description/share/vegabot_description/models/aws_robomaker_residential_Pillow_01/model.config
[2.823s] -- Installing: /home/spkmak/vegabot_ws/install/vegabot_description/share/vegabot_description/models/aws_robomaker_residential_Pillow_01/model.sdf
[2.824s] -- Installing: /home/spkmak/vegabot_ws/install/vegabot_description/share/vegabot_description/models/aws_robomaker_residential_Pillow_01/materials
[2.824s] -- Installing: /home/spkmak/vegabot_ws/install/vegabot_description/share/vegabot_description/models/aws_robomaker_residential_Pillow_01/materials/textures
[2.825s] -- Installing: /home/spkmak/vegabot_ws/install/vegabot_description/share/vegabot_description/models/aws_robomaker_residential_Pillow_01/materials/textures/aws_Pillow_01.png
[2.851s] -- Installing: /home/spkmak/vegabot_ws/install/vegabot_description/share/vegabot_description/models/aws_robomaker_warehouse_ClutteringA_01
[2.851s] -- Installing: /home/spkmak/vegabot_ws/install/vegabot_description/share/vegabot_description/models/aws_robomaker_warehouse_ClutteringA_01/meshes
[2.851s] -- Installing: /home/spkmak/vegabot_ws/install/vegabot_description/share/vegabot_description/models/aws_robomaker_warehouse_ClutteringA_01/meshes/aws_robomaker_warehouse_ClutteringA_01_visual.DAE
[2.853s] -- Installing: /home/spkmak/vegabot_ws/install/vegabot_description/share/vegabot_description/models/aws_robomaker_warehouse_ClutteringA_01/meshes/aws_robomaker_warehouse_ClutteringA_01_collision.DAE
[2.854s] -- Installing: /home/spkmak/vegabot_ws/install/vegabot_description/share/vegabot_description/models/aws_robomaker_warehouse_ClutteringA_01/model.config
[2.855s] -- Installing: /home/spkmak/vegabot_ws/install/vegabot_description/share/vegabot_description/models/aws_robomaker_warehouse_ClutteringA_01/model.sdf
[2.856s] -- Installing: /home/spkmak/vegabot_ws/install/vegabot_description/share/vegabot_description/models/aws_robomaker_warehouse_ClutteringA_01/.DS_Store
[2.857s] -- Installing: /home/spkmak/vegabot_ws/install/vegabot_description/share/vegabot_description/models/aws_robomaker_warehouse_ClutteringA_01/materials
[2.857s] -- Installing: /home/spkmak/vegabot_ws/install/vegabot_description/share/vegabot_description/models/aws_robomaker_warehouse_ClutteringA_01/materials/textures
[2.857s] -- Installing: /home/spkmak/vegabot_ws/install/vegabot_description/share/vegabot_description/models/aws_robomaker_warehouse_ClutteringA_01/materials/textures/aws_robomaker_warehouse_ClutteringA_01.png
[2.865s] -- Installing: /home/spkmak/vegabot_ws/install/vegabot_description/share/vegabot_description/models/aws_robomaker_warehouse_ClutteringA_01/materials/textures/aws_robomaker_warehouse_ClutteringA_03.png
[2.874s] -- Installing: /home/spkmak/vegabot_ws/install/vegabot_description/share/vegabot_description/models/aws_robomaker_warehouse_ClutteringA_01/materials/textures/aws_robomaker_warehouse_ClutteringA_02.png
[2.879s] -- Installing: /home/spkmak/vegabot_ws/install/vegabot_description/share/vegabot_description/models/aws_robomaker_warehouse_ClutteringA_01/materials/textures/.DS_Store
[2.880s] -- Installing: /home/spkmak/vegabot_ws/install/vegabot_description/share/vegabot_description/models/aws_robomaker_warehouse_ClutteringA_01/materials/.DS_Store
[2.881s] -- Installing: /home/spkmak/vegabot_ws/install/vegabot_description/share/vegabot_description/models/aws_robomaker_residential_CoffeeTable_01
[2.881s] -- Installing: /home/spkmak/vegabot_ws/install/vegabot_description/share/vegabot_description/models/aws_robomaker_residential_CoffeeTable_01/meshes
[2.882s] -- Installing: /home/spkmak/vegabot_ws/install/vegabot_description/share/vegabot_description/models/aws_robomaker_residential_CoffeeTable_01/meshes/aws_CoffeeTable_01_collision.DAE
[2.883s] -- Installing: /home/spkmak/vegabot_ws/install/vegabot_description/share/vegabot_description/models/aws_robomaker_residential_CoffeeTable_01/meshes/aws_CoffeeTable_01_visual.DAE
[2.884s] -- Installing: /home/spkmak/vegabot_ws/install/vegabot_description/share/vegabot_description/models/aws_robomaker_residential_CoffeeTable_01/model.config
[2.885s] -- Installing: /home/spkmak/vegabot_ws/install/vegabot_description/share/vegabot_description/models/aws_robomaker_residential_CoffeeTable_01/model.sdf
[2.885s] -- Installing: /home/spkmak/vegabot_ws/install/vegabot_description/share/vegabot_description/models/aws_robomaker_residential_CoffeeTable_01/materials
[2.885s] -- Installing: /home/spkmak/vegabot_ws/install/vegabot_description/share/vegabot_description/models/aws_robomaker_residential_CoffeeTable_01/materials/textures
[2.886s] -- Installing: /home/spkmak/vegabot_ws/install/vegabot_description/share/vegabot_description/models/aws_robomaker_residential_CoffeeTable_01/materials/textures/aws_CoffeeTable_01.png
[2.900s] -- Installing: /home/spkmak/vegabot_ws/install/vegabot_description/share/vegabot_description/models/aws_robomaker_residential_BalconyTable_01
[2.900s] -- Installing: /home/spkmak/vegabot_ws/install/vegabot_description/share/vegabot_description/models/aws_robomaker_residential_BalconyTable_01/meshes
[2.900s] -- Installing: /home/spkmak/vegabot_ws/install/vegabot_description/share/vegabot_description/models/aws_robomaker_residential_BalconyTable_01/meshes/aws_BalconyTable_01_collision.DAE
[2.901s] -- Installing: /home/spkmak/vegabot_ws/install/vegabot_description/share/vegabot_description/models/aws_robomaker_residential_BalconyTable_01/meshes/aws_BalconyTable_01_visual.DAE
[2.903s] -- Installing: /home/spkmak/vegabot_ws/install/vegabot_description/share/vegabot_description/models/aws_robomaker_residential_BalconyTable_01/model.config
[2.904s] -- Installing: /home/spkmak/vegabot_ws/install/vegabot_description/share/vegabot_description/models/aws_robomaker_residential_BalconyTable_01/model.sdf
[2.905s] -- Installing: /home/spkmak/vegabot_ws/install/vegabot_description/share/vegabot_description/models/aws_robomaker_residential_BalconyTable_01/materials
[2.905s] -- Installing: /home/spkmak/vegabot_ws/install/vegabot_description/share/vegabot_description/models/aws_robomaker_residential_BalconyTable_01/materials/textures
[2.905s] -- Installing: /home/spkmak/vegabot_ws/install/vegabot_description/share/vegabot_description/models/aws_robomaker_residential_BalconyTable_01/materials/textures/aws_BalconyTable_01.png
[2.906s] -- Installing: /home/spkmak/vegabot_ws/install/vegabot_description/share/vegabot_description/models/aws_robomaker_residential_Rangehood_01
[2.906s] -- Installing: /home/spkmak/vegabot_ws/install/vegabot_description/share/vegabot_description/models/aws_robomaker_residential_Rangehood_01/meshes
[2.907s] -- Installing: /home/spkmak/vegabot_ws/install/vegabot_description/share/vegabot_description/models/aws_robomaker_residential_Rangehood_01/meshes/aws_Rangehood_01_visual.DAE
[2.917s] -- Installing: /home/spkmak/vegabot_ws/install/vegabot_description/share/vegabot_description/models/aws_robomaker_residential_Rangehood_01/meshes/aws_Rangehood_01_collision.DAE
[2.919s] -- Installing: /home/spkmak/vegabot_ws/install/vegabot_description/share/vegabot_description/models/aws_robomaker_residential_Rangehood_01/model.config
[2.919s] -- Installing: /home/spkmak/vegabot_ws/install/vegabot_description/share/vegabot_description/models/aws_robomaker_residential_Rangehood_01/model.sdf
[2.920s] -- Installing: /home/spkmak/vegabot_ws/install/vegabot_description/share/vegabot_description/models/aws_robomaker_residential_Rangehood_01/materials
[2.921s] -- Installing: /home/spkmak/vegabot_ws/install/vegabot_description/share/vegabot_description/models/aws_robomaker_residential_Rangehood_01/materials/textures
[2.922s] -- Installing: /home/spkmak/vegabot_ws/install/vegabot_description/share/vegabot_description/models/aws_robomaker_residential_Rangehood_01/materials/textures/aws_Rangehood_01.png
[2.922s] -- Installing: /home/spkmak/vegabot_ws/install/vegabot_description/share/vegabot_description/models/aws_robomaker_residential_DeskPortraitD_04
[2.923s] -- Installing: /home/spkmak/vegabot_ws/install/vegabot_description/share/vegabot_description/models/aws_robomaker_residential_DeskPortraitD_04/meshes
[2.923s] -- Installing: /home/spkmak/vegabot_ws/install/vegabot_description/share/vegabot_description/models/aws_robomaker_residential_DeskPortraitD_04/meshes/aws_DeskPortraitD_01_collision.DAE
[2.924s] -- Installing: /home/spkmak/vegabot_ws/install/vegabot_description/share/vegabot_description/models/aws_robomaker_residential_DeskPortraitD_04/meshes/aws_DeskPortraitD_01_visual.DAE
[2.925s] -- Installing: /home/spkmak/vegabot_ws/install/vegabot_description/share/vegabot_description/models/aws_robomaker_residential_DeskPortraitD_04/model.config
[2.926s] -- Installing: /home/spkmak/vegabot_ws/install/vegabot_description/share/vegabot_description/models/aws_robomaker_residential_DeskPortraitD_04/model.sdf
[2.927s] -- Installing: /home/spkmak/vegabot_ws/install/vegabot_description/share/vegabot_description/models/aws_robomaker_residential_DeskPortraitD_04/materials
[2.927s] -- Installing: /home/spkmak/vegabot_ws/install/vegabot_description/share/vegabot_description/models/aws_robomaker_residential_DeskPortraitD_04/materials/textures
[2.928s] -- Installing: /home/spkmak/vegabot_ws/install/vegabot_description/share/vegabot_description/models/aws_robomaker_residential_DeskPortraitD_04/materials/textures/aws_DeskPortraitD_02.png
[2.970s] -- Installing: /home/spkmak/vegabot_ws/install/vegabot_description/share/vegabot_description/models/aws_robomaker_residential_DeskPortraitD_04/materials/textures/aws_DeskPortraitD_01.png
[2.971s] -- Installing: /home/spkmak/vegabot_ws/install/vegabot_description/share/vegabot_description/models/aws_robomaker_residential_PortraitB_01
[2.971s] -- Installing: /home/spkmak/vegabot_ws/install/vegabot_description/share/vegabot_description/models/aws_robomaker_residential_PortraitB_01/meshes
[2.971s] -- Installing: /home/spkmak/vegabot_ws/install/vegabot_description/share/vegabot_description/models/aws_robomaker_residential_PortraitB_01/meshes/aws_PortraitB_01_collision.DAE
[2.972s] -- Installing: /home/spkmak/vegabot_ws/install/vegabot_description/share/vegabot_description/models/aws_robomaker_residential_PortraitB_01/meshes/aws_PortraitB_01_visual.DAE
[2.973s] -- Installing: /home/spkmak/vegabot_ws/install/vegabot_description/share/vegabot_description/models/aws_robomaker_residential_PortraitB_01/model.config
[2.974s] -- Installing: /home/spkmak/vegabot_ws/install/vegabot_description/share/vegabot_description/models/aws_robomaker_residential_PortraitB_01/model.sdf
[2.975s] -- Installing: /home/spkmak/vegabot_ws/install/vegabot_description/share/vegabot_description/models/aws_robomaker_residential_PortraitB_01/materials
[2.975s] -- Installing: /home/spkmak/vegabot_ws/install/vegabot_description/share/vegabot_description/models/aws_robomaker_residential_PortraitB_01/materials/textures
[2.976s] -- Installing: /home/spkmak/vegabot_ws/install/vegabot_description/share/vegabot_description/models/aws_robomaker_residential_PortraitB_01/materials/textures/aws_PortraitB_02.png
[2.987s] -- Installing: /home/spkmak/vegabot_ws/install/vegabot_description/share/vegabot_description/models/aws_robomaker_residential_PortraitB_01/materials/textures/aws_PortraitB_01.png
[2.988s] -- Installing: /home/spkmak/vegabot_ws/install/vegabot_description/share/vegabot_description/models/aws_robomaker_warehouse_RoofB_01
[2.989s] -- Installing: /home/spkmak/vegabot_ws/install/vegabot_description/share/vegabot_description/models/aws_robomaker_warehouse_RoofB_01/meshes
[2.989s] -- Installing: /home/spkmak/vegabot_ws/install/vegabot_description/share/vegabot_description/models/aws_robomaker_warehouse_RoofB_01/meshes/aws_robomaker_warehouse_RoofB_01_visual.DAE
[2.996s] -- Installing: /home/spkmak/vegabot_ws/install/vegabot_description/share/vegabot_description/models/aws_robomaker_warehouse_RoofB_01/meshes/aws_robomaker_warehouse_RoofB_01_collision.DAE
[2.997s] -- Installing: /home/spkmak/vegabot_ws/install/vegabot_description/share/vegabot_description/models/aws_robomaker_warehouse_RoofB_01/model.config
[2.998s] -- Installing: /home/spkmak/vegabot_ws/install/vegabot_description/share/vegabot_description/models/aws_robomaker_warehouse_RoofB_01/model.sdf
[2.999s] -- Installing: /home/spkmak/vegabot_ws/install/vegabot_description/share/vegabot_description/models/aws_robomaker_warehouse_RoofB_01/materials
[2.999s] -- Installing: /home/spkmak/vegabot_ws/install/vegabot_description/share/vegabot_description/models/aws_robomaker_warehouse_RoofB_01/materials/textures
[3.000s] -- Installing: /home/spkmak/vegabot_ws/install/vegabot_description/share/vegabot_description/models/aws_robomaker_warehouse_RoofB_01/materials/textures/aws_robomaker_warehouse_RoofB_01.png
[3.001s] -- Installing: /home/spkmak/vegabot_ws/install/vegabot_description/share/vegabot_description/models/aws_robomaker_residential_DeskPortraitC_01
[3.001s] -- Installing: /home/spkmak/vegabot_ws/install/vegabot_description/share/vegabot_description/models/aws_robomaker_residential_DeskPortraitC_01/meshes
[3.001s] -- Installing: /home/spkmak/vegabot_ws/install/vegabot_description/share/vegabot_description/models/aws_robomaker_residential_DeskPortraitC_01/meshes/aws_DeskPortraitC_01_collision.DAE
[3.002s] -- Installing: /home/spkmak/vegabot_ws/install/vegabot_description/share/vegabot_description/models/aws_robomaker_residential_DeskPortraitC_01/meshes/aws_DeskPortraitC_01_visual.DAE
[3.007s] -- Installing: /home/spkmak/vegabot_ws/install/vegabot_description/share/vegabot_description/models/aws_robomaker_residential_DeskPortraitC_01/model.config
[3.008s] -- Installing: /home/spkmak/vegabot_ws/install/vegabot_description/share/vegabot_description/models/aws_robomaker_residential_DeskPortraitC_01/model.sdf
[3.008s] -- Installing: /home/spkmak/vegabot_ws/install/vegabot_description/share/vegabot_description/models/aws_robomaker_residential_DeskPortraitC_01/materials
[3.009s] -- Installing: /home/spkmak/vegabot_ws/install/vegabot_description/share/vegabot_description/models/aws_robomaker_residential_DeskPortraitC_01/materials/textures
[3.009s] -- Installing: /home/spkmak/vegabot_ws/install/vegabot_description/share/vegabot_description/models/aws_robomaker_residential_DeskPortraitC_01/materials/textures/aws_DeskPortraitC_01.png
[3.009s] -- Installing: /home/spkmak/vegabot_ws/install/vegabot_description/share/vegabot_description/models/aws_robomaker_residential_DeskPortraitC_01/materials/textures/aws_DeskPortraitC_02.png
[3.033s] -- Installing: /home/spkmak/vegabot_ws/install/vegabot_description/share/vegabot_description/models/aws_robomaker_residential_ChairA_01
[3.033s] -- Installing: /home/spkmak/vegabot_ws/install/vegabot_description/share/vegabot_description/models/aws_robomaker_residential_ChairA_01/meshes
[3.033s] -- Installing: /home/spkmak/vegabot_ws/install/vegabot_description/share/vegabot_description/models/aws_robomaker_residential_ChairA_01/meshes/aws_ChairA_01_collision.DAE
[3.034s] -- Installing: /home/spkmak/vegabot_ws/install/vegabot_description/share/vegabot_description/models/aws_robomaker_residential_ChairA_01/meshes/aws_ChairA_01_visual.DAE
[3.046s] -- Installing: /home/spkmak/vegabot_ws/install/vegabot_description/share/vegabot_description/models/aws_robomaker_residential_ChairA_01/model.config
[3.046s] -- Installing: /home/spkmak/vegabot_ws/install/vegabot_description/share/vegabot_description/models/aws_robomaker_residential_ChairA_01/model.sdf
[3.047s] -- Installing: /home/spkmak/vegabot_ws/install/vegabot_description/share/vegabot_description/models/aws_robomaker_residential_ChairA_01/materials
[3.047s] -- Installing: /home/spkmak/vegabot_ws/install/vegabot_description/share/vegabot_description/models/aws_robomaker_residential_ChairA_01/materials/textures
[3.047s] -- Installing: /home/spkmak/vegabot_ws/install/vegabot_description/share/vegabot_description/models/aws_robomaker_residential_ChairA_01/materials/textures/aws_ChairA_01.png
[3.059s] -- Installing: /home/spkmak/vegabot_ws/install/vegabot_description/share/vegabot_description/models/aws_robomaker_residential_PortraitD_01
[3.059s] -- Installing: /home/spkmak/vegabot_ws/install/vegabot_description/share/vegabot_description/models/aws_robomaker_residential_PortraitD_01/meshes
[3.060s] -- Installing: /home/spkmak/vegabot_ws/install/vegabot_description/share/vegabot_description/models/aws_robomaker_residential_PortraitD_01/meshes/aws_PortraitD_01_visual.DAE
[3.061s] -- Installing: /home/spkmak/vegabot_ws/install/vegabot_description/share/vegabot_description/models/aws_robomaker_residential_PortraitD_01/meshes/aws_PortraitD_01_collision.DAE
[3.062s] -- Installing: /home/spkmak/vegabot_ws/install/vegabot_description/share/vegabot_description/models/aws_robomaker_residential_PortraitD_01/model.config
[3.063s] -- Installing: /home/spkmak/vegabot_ws/install/vegabot_description/share/vegabot_description/models/aws_robomaker_residential_PortraitD_01/model.sdf
[3.063s] -- Installing: /home/spkmak/vegabot_ws/install/vegabot_description/share/vegabot_description/models/aws_robomaker_residential_PortraitD_01/materials
[3.064s] -- Installing: /home/spkmak/vegabot_ws/install/vegabot_description/share/vegabot_description/models/aws_robomaker_residential_PortraitD_01/materials/textures
[3.064s] -- Installing: /home/spkmak/vegabot_ws/install/vegabot_description/share/vegabot_description/models/aws_robomaker_residential_PortraitD_01/materials/textures/aws_PortraitD_01.png
[3.065s] -- Installing: /home/spkmak/vegabot_ws/install/vegabot_description/share/vegabot_description/models/aws_robomaker_residential_PortraitD_01/materials/textures/aws_PortraitD_02.png
[3.078s] -- Installing: /home/spkmak/vegabot_ws/install/vegabot_description/share/vegabot_description/models/aws_robomaker_warehouse_Lamp_01
[3.078s] -- Installing: /home/spkmak/vegabot_ws/install/vegabot_description/share/vegabot_description/models/aws_robomaker_warehouse_Lamp_01/meshes
[3.078s] -- Installing: /home/spkmak/vegabot_ws/install/vegabot_description/share/vegabot_description/models/aws_robomaker_warehouse_Lamp_01/meshes/aws_robomaker_warehouse_Lamp_01_visual.DAE
[3.080s] -- Installing: /home/spkmak/vegabot_ws/install/vegabot_description/share/vegabot_description/models/aws_robomaker_warehouse_Lamp_01/meshes/aws_robomaker_warehouse_Lamp_01_collision.DAE
[3.081s] -- Installing: /home/spkmak/vegabot_ws/install/vegabot_description/share/vegabot_description/models/aws_robomaker_warehouse_Lamp_01/model.config
[3.082s] -- Installing: /home/spkmak/vegabot_ws/install/vegabot_description/share/vegabot_description/models/aws_robomaker_warehouse_Lamp_01/model.sdf
[3.083s] -- Installing: /home/spkmak/vegabot_ws/install/vegabot_description/share/vegabot_description/models/aws_robomaker_warehouse_Lamp_01/materials
[3.083s] -- Installing: /home/spkmak/vegabot_ws/install/vegabot_description/share/vegabot_description/models/aws_robomaker_warehouse_Lamp_01/materials/textures
[3.083s] -- Installing: /home/spkmak/vegabot_ws/install/vegabot_description/share/vegabot_description/models/aws_robomaker_warehouse_Lamp_01/materials/textures/aws_robomaker_warehouse_Lamp_01.png
[3.084s] -- Installing: /home/spkmak/vegabot_ws/install/vegabot_description/share/vegabot_description/models/aws_robomaker_residential_KitchenTable_01
[3.085s] -- Installing: /home/spkmak/vegabot_ws/install/vegabot_description/share/vegabot_description/models/aws_robomaker_residential_KitchenTable_01/meshes
[3.085s] -- Installing: /home/spkmak/vegabot_ws/install/vegabot_description/share/vegabot_description/models/aws_robomaker_residential_KitchenTable_01/meshes/aws_KitchenTable_01_visual.DAE
[3.089s] -- Installing: /home/spkmak/vegabot_ws/install/vegabot_description/share/vegabot_description/models/aws_robomaker_residential_KitchenTable_01/meshes/aws_KitchenTable_01_collision.DAE
[3.090s] -- Installing: /home/spkmak/vegabot_ws/install/vegabot_description/share/vegabot_description/models/aws_robomaker_residential_KitchenTable_01/model.config
[3.091s] -- Installing: /home/spkmak/vegabot_ws/install/vegabot_description/share/vegabot_description/models/aws_robomaker_residential_KitchenTable_01/model.sdf
[3.091s] -- Installing: /home/spkmak/vegabot_ws/install/vegabot_description/share/vegabot_description/models/aws_robomaker_residential_KitchenTable_01/materials
[3.092s] -- Installing: /home/spkmak/vegabot_ws/install/vegabot_description/share/vegabot_description/models/aws_robomaker_residential_KitchenTable_01/materials/textures
[3.092s] -- Installing: /home/spkmak/vegabot_ws/install/vegabot_description/share/vegabot_description/models/aws_robomaker_residential_KitchenTable_01/materials/textures/aws_KitchenTable_01.png
[3.110s] -- Installing: /home/spkmak/vegabot_ws/install/vegabot_description/share/vegabot_description/models/vegabot_dock
[3.111s] -- Installing: /home/spkmak/vegabot_ws/install/vegabot_description/share/vegabot_description/models/vegabot_dock/meshes
[3.111s] -- Installing: /home/spkmak/vegabot_ws/install/vegabot_description/share/vegabot_description/models/vegabot_dock/meshes/vegabot_dock.stl
[3.113s] -- Installing: /home/spkmak/vegabot_ws/install/vegabot_description/share/vegabot_description/models/vegabot_dock/model.config
[3.114s] -- Installing: /home/spkmak/vegabot_ws/install/vegabot_description/share/vegabot_description/models/vegabot_dock/model.sdf
[3.114s] -- Installing: /home/spkmak/vegabot_ws/install/vegabot_description/share/vegabot_description/models/aws_robomaker_residential_Dumbbell_01
[3.114s] -- Installing: /home/spkmak/vegabot_ws/install/vegabot_description/share/vegabot_description/models/aws_robomaker_residential_Dumbbell_01/meshes
[3.115s] -- Installing: /home/spkmak/vegabot_ws/install/vegabot_description/share/vegabot_description/models/aws_robomaker_residential_Dumbbell_01/meshes/aws_Dumbbell_01_collision.DAE
[3.116s] -- Installing: /home/spkmak/vegabot_ws/install/vegabot_description/share/vegabot_description/models/aws_robomaker_residential_Dumbbell_01/meshes/aws_Dumbbell_01_visual.DAE
[3.124s] -- Installing: /home/spkmak/vegabot_ws/install/vegabot_description/share/vegabot_description/models/aws_robomaker_residential_Dumbbell_01/model.config
[3.124s] -- Installing: /home/spkmak/vegabot_ws/install/vegabot_description/share/vegabot_description/models/aws_robomaker_residential_Dumbbell_01/model.sdf
[3.125s] -- Installing: /home/spkmak/vegabot_ws/install/vegabot_description/share/vegabot_description/models/aws_robomaker_residential_Dumbbell_01/materials
[3.125s] -- Installing: /home/spkmak/vegabot_ws/install/vegabot_description/share/vegabot_description/models/aws_robomaker_residential_Dumbbell_01/materials/textures
[3.126s] -- Installing: /home/spkmak/vegabot_ws/install/vegabot_description/share/vegabot_description/models/aws_robomaker_residential_Dumbbell_01/materials/textures/aws_Dumbbell_01.png
[3.126s] -- Installing: /home/spkmak/vegabot_ws/install/vegabot_description/share/vegabot_description/models/aws_robomaker_residential_PortraitB_02
[3.127s] -- Installing: /home/spkmak/vegabot_ws/install/vegabot_description/share/vegabot_description/models/aws_robomaker_residential_PortraitB_02/meshes
[3.127s] -- Installing: /home/spkmak/vegabot_ws/install/vegabot_description/share/vegabot_description/models/aws_robomaker_residential_PortraitB_02/meshes/aws_PortraitB_01_collision.DAE
[3.128s] -- Installing: /home/spkmak/vegabot_ws/install/vegabot_description/share/vegabot_description/models/aws_robomaker_residential_PortraitB_02/meshes/aws_PortraitB_01_visual.DAE
[3.129s] -- Installing: /home/spkmak/vegabot_ws/install/vegabot_description/share/vegabot_description/models/aws_robomaker_residential_PortraitB_02/model.config
[3.130s] -- Installing: /home/spkmak/vegabot_ws/install/vegabot_description/share/vegabot_description/models/aws_robomaker_residential_PortraitB_02/model.sdf
[3.130s] -- Installing: /home/spkmak/vegabot_ws/install/vegabot_description/share/vegabot_description/models/aws_robomaker_residential_PortraitB_02/materials
[3.131s] -- Installing: /home/spkmak/vegabot_ws/install/vegabot_description/share/vegabot_description/models/aws_robomaker_residential_PortraitB_02/materials/textures
[3.131s] -- Installing: /home/spkmak/vegabot_ws/install/vegabot_description/share/vegabot_description/models/aws_robomaker_residential_PortraitB_02/materials/textures/aws_PortraitB_02.png
[3.142s] -- Installing: /home/spkmak/vegabot_ws/install/vegabot_description/share/vegabot_description/models/aws_robomaker_residential_PortraitB_02/materials/textures/aws_PortraitB_01.png
[3.144s] -- Installing: /home/spkmak/vegabot_ws/install/vegabot_description/share/vegabot_description/models/aws_robomaker_residential_Door_01
[3.144s] -- Installing: /home/spkmak/vegabot_ws/install/vegabot_description/share/vegabot_description/models/aws_robomaker_residential_Door_01/meshes
[3.144s] -- Installing: /home/spkmak/vegabot_ws/install/vegabot_description/share/vegabot_description/models/aws_robomaker_residential_Door_01/meshes/aws_Door_01_collision.DAE
[3.145s] -- Installing: /home/spkmak/vegabot_ws/install/vegabot_description/share/vegabot_description/models/aws_robomaker_residential_Door_01/meshes/aws_Door_01_visual.DAE
[3.151s] -- Installing: /home/spkmak/vegabot_ws/install/vegabot_description/share/vegabot_description/models/aws_robomaker_residential_Door_01/model.config
[3.152s] -- Installing: /home/spkmak/vegabot_ws/install/vegabot_description/share/vegabot_description/models/aws_robomaker_residential_Door_01/model.sdf
[3.154s] -- Installing: /home/spkmak/vegabot_ws/install/vegabot_description/share/vegabot_description/models/aws_robomaker_residential_Door_01/materials
[3.154s] -- Installing: /home/spkmak/vegabot_ws/install/vegabot_description/share/vegabot_description/models/aws_robomaker_residential_Door_01/materials/textures
[3.154s] -- Installing: /home/spkmak/vegabot_ws/install/vegabot_description/share/vegabot_description/models/aws_robomaker_residential_Door_01/materials/textures/aws_Door_01.png
[3.169s] -- Installing: /home/spkmak/vegabot_ws/install/vegabot_description/share/vegabot_description/models/aws_robomaker_residential_RoomWindow_01
[3.170s] -- Installing: /home/spkmak/vegabot_ws/install/vegabot_description/share/vegabot_description/models/aws_robomaker_residential_RoomWindow_01/meshes
[3.170s] -- Installing: /home/spkmak/vegabot_ws/install/vegabot_description/share/vegabot_description/models/aws_robomaker_residential_RoomWindow_01/meshes/aws_RoomWindow_01_collision.DAE
[3.171s] -- Installing: /home/spkmak/vegabot_ws/install/vegabot_description/share/vegabot_description/models/aws_robomaker_residential_RoomWindow_01/meshes/aws_RoomWindow_01_visual.DAE
[3.173s] -- Installing: /home/spkmak/vegabot_ws/install/vegabot_description/share/vegabot_description/models/aws_robomaker_residential_RoomWindow_01/model.config
[3.174s] -- Installing: /home/spkmak/vegabot_ws/install/vegabot_description/share/vegabot_description/models/aws_robomaker_residential_RoomWindow_01/model.sdf
[3.174s] -- Installing: /home/spkmak/vegabot_ws/install/vegabot_description/share/vegabot_description/models/aws_robomaker_residential_RoomWindow_01/materials
[3.175s] -- Installing: /home/spkmak/vegabot_ws/install/vegabot_description/share/vegabot_description/models/aws_robomaker_residential_RoomWindow_01/materials/textures
[3.175s] -- Installing: /home/spkmak/vegabot_ws/install/vegabot_description/share/vegabot_description/models/aws_robomaker_residential_RoomWindow_01/materials/textures/aws_RoomWindow_01.png
[3.177s] -- Installing: /home/spkmak/vegabot_ws/install/vegabot_description/share/vegabot_description/models/aws_robomaker_residential_DeskPortraitB_02
[3.177s] -- Installing: /home/spkmak/vegabot_ws/install/vegabot_description/share/vegabot_description/models/aws_robomaker_residential_DeskPortraitB_02/meshes
[3.177s] -- Installing: /home/spkmak/vegabot_ws/install/vegabot_description/share/vegabot_description/models/aws_robomaker_residential_DeskPortraitB_02/meshes/aws_DeskPortraitB_01_collision.DAE
[3.178s] -- Installing: /home/spkmak/vegabot_ws/install/vegabot_description/share/vegabot_description/models/aws_robomaker_residential_DeskPortraitB_02/meshes/aws_DeskPortraitB_01_visual.DAE
[3.183s] -- Installing: /home/spkmak/vegabot_ws/install/vegabot_description/share/vegabot_description/models/aws_robomaker_residential_DeskPortraitB_02/model.config
[3.184s] -- Installing: /home/spkmak/vegabot_ws/install/vegabot_description/share/vegabot_description/models/aws_robomaker_residential_DeskPortraitB_02/model.sdf
[3.185s] -- Installing: /home/spkmak/vegabot_ws/install/vegabot_description/share/vegabot_description/models/aws_robomaker_residential_DeskPortraitB_02/materials
[3.185s] -- Installing: /home/spkmak/vegabot_ws/install/vegabot_description/share/vegabot_description/models/aws_robomaker_residential_DeskPortraitB_02/materials/textures
[3.185s] -- Installing: /home/spkmak/vegabot_ws/install/vegabot_description/share/vegabot_description/models/aws_robomaker_residential_DeskPortraitB_02/materials/textures/aws_DeskPortraitB_02.png
[3.207s] -- Installing: /home/spkmak/vegabot_ws/install/vegabot_description/share/vegabot_description/models/aws_robomaker_residential_DeskPortraitB_02/materials/textures/aws_DeskPortraitB_01.png
[3.208s] -- Installing: /home/spkmak/vegabot_ws/install/vegabot_description/share/vegabot_description/models/aws_robomaker_residential_AirconditionerB_01
[3.209s] -- Installing: /home/spkmak/vegabot_ws/install/vegabot_description/share/vegabot_description/models/aws_robomaker_residential_AirconditionerB_01/meshes
[3.209s] -- Installing: /home/spkmak/vegabot_ws/install/vegabot_description/share/vegabot_description/models/aws_robomaker_residential_AirconditionerB_01/meshes/aws_AirconditionerB_01_collision.DAE
[3.210s] -- Installing: /home/spkmak/vegabot_ws/install/vegabot_description/share/vegabot_description/models/aws_robomaker_residential_AirconditionerB_01/meshes/aws_AirconditionerB_01_visual.DAE
[3.213s] -- Installing: /home/spkmak/vegabot_ws/install/vegabot_description/share/vegabot_description/models/aws_robomaker_residential_AirconditionerB_01/model.config
[3.214s] -- Installing: /home/spkmak/vegabot_ws/install/vegabot_description/share/vegabot_description/models/aws_robomaker_residential_AirconditionerB_01/model.sdf
[3.214s] -- Installing: /home/spkmak/vegabot_ws/install/vegabot_description/share/vegabot_description/models/aws_robomaker_residential_AirconditionerB_01/materials
[3.215s] -- Installing: /home/spkmak/vegabot_ws/install/vegabot_description/share/vegabot_description/models/aws_robomaker_residential_AirconditionerB_01/materials/textures
[3.215s] -- Installing: /home/spkmak/vegabot_ws/install/vegabot_description/share/vegabot_description/models/aws_robomaker_residential_AirconditionerB_01/materials/textures/aws_AirconditionerB_01.png
[3.220s] -- Installing: /home/spkmak/vegabot_ws/install/vegabot_description/share/vegabot_description/models/aws_robomaker_residential_KitchenUtensils_01
[3.221s] -- Installing: /home/spkmak/vegabot_ws/install/vegabot_description/share/vegabot_description/models/aws_robomaker_residential_KitchenUtensils_01/meshes
[3.221s] -- Installing: /home/spkmak/vegabot_ws/install/vegabot_description/share/vegabot_description/models/aws_robomaker_residential_KitchenUtensils_01/meshes/aws_KitchenUtensils_01_collision.DAE
[3.222s] -- Installing: /home/spkmak/vegabot_ws/install/vegabot_description/share/vegabot_description/models/aws_robomaker_residential_KitchenUtensils_01/meshes/aws_KitchenUtensils_01_visual.DAE
[3.249s] -- Installing: /home/spkmak/vegabot_ws/install/vegabot_description/share/vegabot_description/models/aws_robomaker_residential_KitchenUtensils_01/model.config
[3.249s] -- Installing: /home/spkmak/vegabot_ws/install/vegabot_description/share/vegabot_description/models/aws_robomaker_residential_KitchenUtensils_01/model.sdf
[3.250s] -- Installing: /home/spkmak/vegabot_ws/install/vegabot_description/share/vegabot_description/models/aws_robomaker_residential_KitchenUtensils_01/materials
[3.251s] -- Installing: /home/spkmak/vegabot_ws/install/vegabot_description/share/vegabot_description/models/aws_robomaker_residential_KitchenUtensils_01/materials/textures
[3.251s] -- Installing: /home/spkmak/vegabot_ws/install/vegabot_description/share/vegabot_description/models/aws_robomaker_residential_KitchenUtensils_01/materials/textures/aws_KitchenUtensils_01.png
[3.261s] -- Installing: /home/spkmak/vegabot_ws/install/vegabot_description/share/vegabot_description/models/aws_robomaker_residential_NightStand_01
[3.261s] -- Installing: /home/spkmak/vegabot_ws/install/vegabot_description/share/vegabot_description/models/aws_robomaker_residential_NightStand_01/meshes
[3.262s] -- Installing: /home/spkmak/vegabot_ws/install/vegabot_description/share/vegabot_description/models/aws_robomaker_residential_NightStand_01/meshes/aws_NightStand_01_visual.DAE
[3.267s] -- Installing: /home/spkmak/vegabot_ws/install/vegabot_description/share/vegabot_description/models/aws_robomaker_residential_NightStand_01/meshes/aws_NightStand_01_collision.DAE
[3.268s] -- Installing: /home/spkmak/vegabot_ws/install/vegabot_description/share/vegabot_description/models/aws_robomaker_residential_NightStand_01/model.config
[3.269s] -- Installing: /home/spkmak/vegabot_ws/install/vegabot_description/share/vegabot_description/models/aws_robomaker_residential_NightStand_01/model.sdf
[3.269s] -- Installing: /home/spkmak/vegabot_ws/install/vegabot_description/share/vegabot_description/models/aws_robomaker_residential_NightStand_01/materials
[3.270s] -- Installing: /home/spkmak/vegabot_ws/install/vegabot_description/share/vegabot_description/models/aws_robomaker_residential_NightStand_01/materials/textures
[3.270s] -- Installing: /home/spkmak/vegabot_ws/install/vegabot_description/share/vegabot_description/models/aws_robomaker_residential_NightStand_01/materials/textures/aws_NightStand_01.png
[3.271s] -- Installing: /home/spkmak/vegabot_ws/install/vegabot_description/share/vegabot_description/models/aws_robomaker_residential_Tablet_01
[3.271s] -- Installing: /home/spkmak/vegabot_ws/install/vegabot_description/share/vegabot_description/models/aws_robomaker_residential_Tablet_01/meshes
[3.272s] -- Installing: /home/spkmak/vegabot_ws/install/vegabot_description/share/vegabot_description/models/aws_robomaker_residential_Tablet_01/meshes/aws_Tablet_01_collision.DAE
[3.273s] -- Installing: /home/spkmak/vegabot_ws/install/vegabot_description/share/vegabot_description/models/aws_robomaker_residential_Tablet_01/meshes/aws_Tablet_01_visual.DAE
[3.275s] -- Installing: /home/spkmak/vegabot_ws/install/vegabot_description/share/vegabot_description/models/aws_robomaker_residential_Tablet_01/model.config
[3.276s] -- Installing: /home/spkmak/vegabot_ws/install/vegabot_description/share/vegabot_description/models/aws_robomaker_residential_Tablet_01/model.sdf
[3.277s] -- Installing: /home/spkmak/vegabot_ws/install/vegabot_description/share/vegabot_description/models/aws_robomaker_residential_Tablet_01/materials
[3.277s] -- Installing: /home/spkmak/vegabot_ws/install/vegabot_description/share/vegabot_description/models/aws_robomaker_residential_Tablet_01/materials/textures
[3.278s] -- Installing: /home/spkmak/vegabot_ws/install/vegabot_description/share/vegabot_description/models/aws_robomaker_residential_Tablet_01/materials/textures/aws_Tablet_01_nologo.png
[3.281s] -- Installing: /home/spkmak/vegabot_ws/install/vegabot_description/share/vegabot_description/models/aws_robomaker_residential_PortraitC_01
[3.281s] -- Installing: /home/spkmak/vegabot_ws/install/vegabot_description/share/vegabot_description/models/aws_robomaker_residential_PortraitC_01/meshes
[3.282s] -- Installing: /home/spkmak/vegabot_ws/install/vegabot_description/share/vegabot_description/models/aws_robomaker_residential_PortraitC_01/meshes/aws_PortraitC_01_collision.DAE
[3.282s] -- Installing: /home/spkmak/vegabot_ws/install/vegabot_description/share/vegabot_description/models/aws_robomaker_residential_PortraitC_01/meshes/aws_PortraitC_01_visual.DAE
[3.283s] -- Installing: /home/spkmak/vegabot_ws/install/vegabot_description/share/vegabot_description/models/aws_robomaker_residential_PortraitC_01/model.config
[3.284s] -- Installing: /home/spkmak/vegabot_ws/install/vegabot_description/share/vegabot_description/models/aws_robomaker_residential_PortraitC_01/model.sdf
[3.285s] -- Installing: /home/spkmak/vegabot_ws/install/vegabot_description/share/vegabot_description/models/aws_robomaker_residential_PortraitC_01/materials
[3.285s] -- Installing: /home/spkmak/vegabot_ws/install/vegabot_description/share/vegabot_description/models/aws_robomaker_residential_PortraitC_01/materials/textures
[3.286s] -- Installing: /home/spkmak/vegabot_ws/install/vegabot_description/share/vegabot_description/models/aws_robomaker_residential_PortraitC_01/materials/textures/aws_PortraitC_01.png
[3.286s] -- Installing: /home/spkmak/vegabot_ws/install/vegabot_description/share/vegabot_description/models/aws_robomaker_residential_PortraitC_01/materials/textures/aws_PortraitC_02.png
[3.302s] -- Installing: /home/spkmak/vegabot_ws/install/vegabot_description/share/vegabot_description/models/aws_robomaker_residential_RoomCeiling_01
[3.303s] -- Installing: /home/spkmak/vegabot_ws/install/vegabot_description/share/vegabot_description/models/aws_robomaker_residential_RoomCeiling_01/meshes
[3.303s] -- Installing: /home/spkmak/vegabot_ws/install/vegabot_description/share/vegabot_description/models/aws_robomaker_residential_RoomCeiling_01/meshes/aws_RoomCeiling_01_visual.DAE
[3.304s] -- Installing: /home/spkmak/vegabot_ws/install/vegabot_description/share/vegabot_description/models/aws_robomaker_residential_RoomCeiling_01/meshes/aws_RoomCeiling_01_collision.DAE
[3.305s] -- Installing: /home/spkmak/vegabot_ws/install/vegabot_description/share/vegabot_description/models/aws_robomaker_residential_RoomCeiling_01/model.config
[3.306s] -- Installing: /home/spkmak/vegabot_ws/install/vegabot_description/share/vegabot_description/models/aws_robomaker_residential_RoomCeiling_01/model.sdf
[3.307s] -- Installing: /home/spkmak/vegabot_ws/install/vegabot_description/share/vegabot_description/models/aws_robomaker_residential_RoomCeiling_01/materials
[3.308s] -- Installing: /home/spkmak/vegabot_ws/install/vegabot_description/share/vegabot_description/models/aws_robomaker_residential_RoomCeiling_01/materials/textures
[3.308s] -- Installing: /home/spkmak/vegabot_ws/install/vegabot_description/share/vegabot_description/models/aws_robomaker_residential_RoomCeiling_01/materials/textures/aws_RoomCeiling_01.png
[3.315s] -- Installing: /home/spkmak/vegabot_ws/install/vegabot_description/share/vegabot_description/models/aws_robomaker_residential_Tableware_01
[3.316s] -- Installing: /home/spkmak/vegabot_ws/install/vegabot_description/share/vegabot_description/models/aws_robomaker_residential_Tableware_01/meshes
[3.316s] -- Installing: /home/spkmak/vegabot_ws/install/vegabot_description/share/vegabot_description/models/aws_robomaker_residential_Tableware_01/meshes/aws_Tableware_01_collision.DAE
[3.317s] -- Installing: /home/spkmak/vegabot_ws/install/vegabot_description/share/vegabot_description/models/aws_robomaker_residential_Tableware_01/meshes/aws_Tableware_01_visual.DAE
[3.338s] -- Installing: /home/spkmak/vegabot_ws/install/vegabot_description/share/vegabot_description/models/aws_robomaker_residential_Tableware_01/model.config
[3.338s] -- Installing: /home/spkmak/vegabot_ws/install/vegabot_description/share/vegabot_description/models/aws_robomaker_residential_Tableware_01/model.sdf
[3.339s] -- Installing: /home/spkmak/vegabot_ws/install/vegabot_description/share/vegabot_description/models/aws_robomaker_residential_Tableware_01/materials
[3.339s] -- Installing: /home/spkmak/vegabot_ws/install/vegabot_description/share/vegabot_description/models/aws_robomaker_residential_Tableware_01/materials/textures
[3.340s] -- Installing: /home/spkmak/vegabot_ws/install/vegabot_description/share/vegabot_description/models/aws_robomaker_residential_Tableware_01/materials/textures/aws_Tableware_01.png
[3.342s] -- Up-to-date: /home/spkmak/vegabot_ws/install/vegabot_description/share/ament_index/resource_index/package_run_dependencies/vegabot_description
[3.343s] -- Installing: /home/spkmak/vegabot_ws/install/vegabot_description/share/ament_index/resource_index/parent_prefix_path/vegabot_description
[3.344s] -- Up-to-date: /home/spkmak/vegabot_ws/install/vegabot_description/share/vegabot_description/environment/ament_prefix_path.sh
[3.344s] -- Installing: /home/spkmak/vegabot_ws/install/vegabot_description/share/vegabot_description/environment/ament_prefix_path.dsv
[3.344s] -- Up-to-date: /home/spkmak/vegabot_ws/install/vegabot_description/share/vegabot_description/environment/path.sh
[3.345s] -- Installing: /home/spkmak/vegabot_ws/install/vegabot_description/share/vegabot_description/environment/path.dsv
[3.346s] -- Up-to-date: /home/spkmak/vegabot_ws/install/vegabot_description/share/vegabot_description/local_setup.bash
[3.346s] -- Up-to-date: /home/spkmak/vegabot_ws/install/vegabot_description/share/vegabot_description/local_setup.sh
[3.346s] -- Up-to-date: /home/spkmak/vegabot_ws/install/vegabot_description/share/vegabot_description/local_setup.zsh
[3.347s] -- Installing: /home/spkmak/vegabot_ws/install/vegabot_description/share/vegabot_description/local_setup.dsv
[3.347s] -- Installing: /home/spkmak/vegabot_ws/install/vegabot_description/share/vegabot_description/package.dsv
[3.348s] -- Up-to-date: /home/spkmak/vegabot_ws/install/vegabot_description/share/ament_index/resource_index/packages/vegabot_description
[3.348s] -- Up-to-date: /home/spkmak/vegabot_ws/install/vegabot_description/share/vegabot_description/cmake/vegabot_descriptionConfig.cmake
[3.349s] -- Up-to-date: /home/spkmak/vegabot_ws/install/vegabot_description/share/vegabot_description/cmake/vegabot_descriptionConfig-version.cmake
[3.349s] -- Up-to-date: /home/spkmak/vegabot_ws/install/vegabot_description/share/vegabot_description/package.xml
[3.357s] Invoked command in '/home/spkmak/vegabot_ws/build/vegabot_description' returned '0': CMAKE_PREFIX_PATH=${CMAKE_PREFIX_PATH}:/home/spkmak/ros2_ws/install/so_arm_100_bringup:/opt/ros/humble /home/spkmak/.local/bin/cmake --install /home/spkmak/vegabot_ws/build/vegabot_description
