[0.031s] Invoking command in '/home/spkmak/vegabot_ws/build/vegabot_description': CMAKE_PREFIX_PATH=${CMAKE_PREFIX_PATH}:/home/spkmak/ros2_ws/install/so_arm_100_bringup:/opt/ros/humble /home/spkmak/.local/bin/cmake --build /home/spkmak/vegabot_ws/build/vegabot_description -- -j6 -l6
[0.360s] Invoked command in '/home/spkmak/vegabot_ws/build/vegabot_description' returned '0': CMAKE_PREFIX_PATH=${CMAKE_PREFIX_PATH}:/home/spkmak/ros2_ws/install/so_arm_100_bringup:/opt/ros/humble /home/spkmak/.local/bin/cmake --build /home/spkmak/vegabot_ws/build/vegabot_description -- -j6 -l6
[0.365s] Invoking command in '/home/spkmak/vegabot_ws/build/vegabot_description': CMAKE_PREFIX_PATH=${CMAKE_PREFIX_PATH}:/home/spkmak/ros2_ws/install/so_arm_100_bringup:/opt/ros/humble /home/spkmak/.local/bin/cmake --install /home/spkmak/vegabot_ws/build/vegabot_description
[0.517s] -- Install configuration: ""
[0.552s] -- Up-to-date: /home/spkmak/vegabot_ws/install/vegabot_description/share/vegabot_description/urdf
[0.553s] -- Up-to-date: /home/spkmak/vegabot_ws/install/vegabot_description/share/vegabot_description/urdf/bot.urdf
[0.553s] -- Up-to-date: /home/spkmak/vegabot_ws/install/vegabot_description/share/vegabot_description/urdf/vegabot_gazebo.xacro
[0.557s] -- Up-to-date: /home/spkmak/vegabot_ws/install/vegabot_description/share/vegabot_description/urdf/vegabot_base.xacro
[0.557s] -- Up-to-date: /home/spkmak/vegabot_ws/install/vegabot_description/share/vegabot_description/urdf/bot_wheel.urdf
[0.557s] -- Up-to-date: /home/spkmak/vegabot_ws/install/vegabot_description/share/vegabot_description/urdf/vegabot_sensors.xacro
[0.558s] -- Up-to-date: /home/spkmak/vegabot_ws/install/vegabot_description/share/vegabot_description/urdf/vegabot.urdf.xacro
[0.559s] -- Up-to-date: /home/spkmak/vegabot_ws/install/vegabot_description/share/vegabot_description/urdf/template.urdf
[0.560s] -- Up-to-date: /home/spkmak/vegabot_ws/install/vegabot_description/share/vegabot_description/urdf/vegabot_ros2control.xacro
[0.560s] -- Up-to-date: /home/spkmak/vegabot_ws/install/vegabot_description/share/vegabot_description/rviz
[0.561s] -- Up-to-date: /home/spkmak/vegabot_ws/install/vegabot_description/share/vegabot_description/rviz/display.rviz
[0.561s] -- Up-to-date: /home/spkmak/vegabot_ws/install/vegabot_description/share/vegabot_description/launch
[0.563s] -- Up-to-date: /home/spkmak/vegabot_ws/install/vegabot_description/share/vegabot_description/launch/display.launch.py
[0.563s] -- Up-to-date: /home/spkmak/vegabot_ws/install/vegabot_description/share/vegabot_description/launch/gazebo.launch.py
[0.564s] -- Up-to-date: /home/spkmak/vegabot_ws/install/vegabot_description/share/vegabot_description/worlds
[0.565s] -- Up-to-date: /home/spkmak/vegabot_ws/install/vegabot_description/share/vegabot_description/worlds/empty.world
[0.566s] -- Up-to-date: /home/spkmak/vegabot_ws/install/vegabot_description/share/vegabot_description/worlds/small_house.world
[0.569s] -- Up-to-date: /home/spkmak/vegabot_ws/install/vegabot_description/share/vegabot_description/worlds/qr_maze.world
[0.571s] -- Up-to-date: /home/spkmak/vegabot_ws/install/vegabot_description/share/vegabot_description/photos
[0.571s] -- Up-to-date: /home/spkmak/vegabot_ws/install/vegabot_description/share/vegabot_description/photos/PortraitB_03.jpg
[0.575s] -- Up-to-date: /home/spkmak/vegabot_ws/install/vegabot_description/share/vegabot_description/photos/PortraitC_01.jpg
[0.575s] -- Up-to-date: /home/spkmak/vegabot_ws/install/vegabot_description/share/vegabot_description/photos/DeskPortraitC_01.jpg
[0.576s] -- Up-to-date: /home/spkmak/vegabot_ws/install/vegabot_description/share/vegabot_description/photos/DeskPortraitC_02.jpg
[0.576s] -- Up-to-date: /home/spkmak/vegabot_ws/install/vegabot_description/share/vegabot_description/photos/DeskPortraitD_02.jpg
[0.577s] -- Up-to-date: /home/spkmak/vegabot_ws/install/vegabot_description/share/vegabot_description/photos/PortraitA_01.jpg
[0.578s] -- Up-to-date: /home/spkmak/vegabot_ws/install/vegabot_description/share/vegabot_description/photos/PortraitE_01.jpg
[0.579s] -- Up-to-date: /home/spkmak/vegabot_ws/install/vegabot_description/share/vegabot_description/photos/PortraitB_02.jpg
[0.579s] -- Up-to-date: /home/spkmak/vegabot_ws/install/vegabot_description/share/vegabot_description/photos/DeskPortraitA_01.jpg
[0.580s] -- Up-to-date: /home/spkmak/vegabot_ws/install/vegabot_description/share/vegabot_description/photos/DeskPortraitB_01.jpg
[0.582s] -- Up-to-date: /home/spkmak/vegabot_ws/install/vegabot_description/share/vegabot_description/photos/DeskPortraitD_01.jpg
[0.582s] -- Up-to-date: /home/spkmak/vegabot_ws/install/vegabot_description/share/vegabot_description/photos/DeskPortraitA_02.jpg
[0.583s] -- Up-to-date: /home/spkmak/vegabot_ws/install/vegabot_description/share/vegabot_description/photos/PortraitE_02.jpg
[0.584s] -- Up-to-date: /home/spkmak/vegabot_ws/install/vegabot_description/share/vegabot_description/photos/DeskPortraitB_02.jpg
[0.584s] -- Up-to-date: /home/spkmak/vegabot_ws/install/vegabot_description/share/vegabot_description/photos/PortraitA_02.jpg
[0.586s] -- Up-to-date: /home/spkmak/vegabot_ws/install/vegabot_description/share/vegabot_description/photos/PortraitB_01.jpg
[0.588s] -- Up-to-date: /home/spkmak/vegabot_ws/install/vegabot_description/share/vegabot_description/photos/PortraitD_01.jpg
[0.588s] -- Up-to-date: /home/spkmak/vegabot_ws/install/vegabot_description/share/vegabot_description/photos/DeskPortraitD_03.jpg
[0.590s] -- Up-to-date: /home/spkmak/vegabot_ws/install/vegabot_description/share/vegabot_description/photos/DeskPortraitD_04.jpg
[0.591s] -- Up-to-date: /home/spkmak/vegabot_ws/install/vegabot_description/share/vegabot_description/photos/PortraitD_02.jpg
[0.591s] -- Up-to-date: /home/spkmak/vegabot_ws/install/vegabot_description/share/vegabot_description/meshes
[0.592s] -- Up-to-date: /home/spkmak/vegabot_ws/install/vegabot_description/share/vegabot_description/meshes/vegabot_base_link.stl
[0.592s] -- Up-to-date: /home/spkmak/vegabot_ws/install/vegabot_description/share/vegabot_description/meshes/vegabot_lidar.stl
[0.593s] -- Up-to-date: /home/spkmak/vegabot_ws/install/vegabot_description/share/vegabot_description/meshes/vegabot_right_wheel.stl
[0.593s] -- Up-to-date: /home/spkmak/vegabot_ws/install/vegabot_description/share/vegabot_description/meshes/rear_left_castor.stl
[0.593s] -- Up-to-date: /home/spkmak/vegabot_ws/install/vegabot_description/share/vegabot_description/meshes/front_left_castor.stl
[0.594s] -- Up-to-date: /home/spkmak/vegabot_ws/install/vegabot_description/share/vegabot_description/meshes/vegabot_camera.stl
[0.595s] -- Up-to-date: /home/spkmak/vegabot_ws/install/vegabot_description/share/vegabot_description/meshes/vegabot_left_wheel.stl
[0.597s] -- Up-to-date: /home/spkmak/vegabot_ws/install/vegabot_description/share/vegabot_description/meshes/rear_right_castor.stl
[0.597s] -- Up-to-date: /home/spkmak/vegabot_ws/install/vegabot_description/share/vegabot_description/meshes/vegabot_toplid.stl
[0.598s] -- Up-to-date: /home/spkmak/vegabot_ws/install/vegabot_description/share/vegabot_description/meshes/vegabot_imu.stl
[0.598s] -- Up-to-date: /home/spkmak/vegabot_ws/install/vegabot_description/share/vegabot_description/meshes/vegabot_dock.stl
[0.599s] -- Up-to-date: /home/spkmak/vegabot_ws/install/vegabot_description/share/vegabot_description/meshes/front_right_castor.stl
[0.599s] -- Up-to-date: /home/spkmak/vegabot_ws/install/vegabot_description/share/vegabot_description/photos
[0.600s] -- Up-to-date: /home/spkmak/vegabot_ws/install/vegabot_description/share/vegabot_description/photos/PortraitB_03.jpg
[0.600s] -- Up-to-date: /home/spkmak/vegabot_ws/install/vegabot_description/share/vegabot_description/photos/PortraitC_01.jpg
[0.600s] -- Up-to-date: /home/spkmak/vegabot_ws/install/vegabot_description/share/vegabot_description/photos/DeskPortraitC_01.jpg
[0.601s] -- Up-to-date: /home/spkmak/vegabot_ws/install/vegabot_description/share/vegabot_description/photos/DeskPortraitC_02.jpg
[0.601s] -- Up-to-date: /home/spkmak/vegabot_ws/install/vegabot_description/share/vegabot_description/photos/DeskPortraitD_02.jpg
[0.602s] -- Up-to-date: /home/spkmak/vegabot_ws/install/vegabot_description/share/vegabot_description/photos/PortraitA_01.jpg
[0.602s] -- Up-to-date: /home/spkmak/vegabot_ws/install/vegabot_description/share/vegabot_description/photos/PortraitE_01.jpg
[0.602s] -- Up-to-date: /home/spkmak/vegabot_ws/install/vegabot_description/share/vegabot_description/photos/PortraitB_02.jpg
[0.603s] -- Up-to-date: /home/spkmak/vegabot_ws/install/vegabot_description/share/vegabot_description/photos/DeskPortraitA_01.jpg
[0.603s] -- Up-to-date: /home/spkmak/vegabot_ws/install/vegabot_description/share/vegabot_description/photos/DeskPortraitB_01.jpg
[0.603s] -- Up-to-date: /home/spkmak/vegabot_ws/install/vegabot_description/share/vegabot_description/photos/DeskPortraitD_01.jpg
[0.604s] -- Up-to-date: /home/spkmak/vegabot_ws/install/vegabot_description/share/vegabot_description/photos/DeskPortraitA_02.jpg
[0.604s] -- Up-to-date: /home/spkmak/vegabot_ws/install/vegabot_description/share/vegabot_description/photos/PortraitE_02.jpg
[0.605s] -- Up-to-date: /home/spkmak/vegabot_ws/install/vegabot_description/share/vegabot_description/photos/DeskPortraitB_02.jpg
[0.606s] -- Up-to-date: /home/spkmak/vegabot_ws/install/vegabot_description/share/vegabot_description/photos/PortraitA_02.jpg
[0.606s] -- Up-to-date: /home/spkmak/vegabot_ws/install/vegabot_description/share/vegabot_description/photos/PortraitB_01.jpg
[0.607s] -- Up-to-date: /home/spkmak/vegabot_ws/install/vegabot_description/share/vegabot_description/photos/PortraitD_01.jpg
[0.608s] -- Up-to-date: /home/spkmak/vegabot_ws/install/vegabot_description/share/vegabot_description/photos/DeskPortraitD_03.jpg
[0.608s] -- Up-to-date: /home/spkmak/vegabot_ws/install/vegabot_description/share/vegabot_description/photos/DeskPortraitD_04.jpg
[0.609s] -- Up-to-date: /home/spkmak/vegabot_ws/install/vegabot_description/share/vegabot_description/photos/PortraitD_02.jpg
[0.610s] -- Up-to-date: /home/spkmak/vegabot_ws/install/vegabot_description/share/vegabot_description/models
[0.610s] -- Up-to-date: /home/spkmak/vegabot_ws/install/vegabot_description/share/vegabot_description/models/aws_robomaker_warehouse_ClutteringC_01
[0.610s] -- Up-to-date: /home/spkmak/vegabot_ws/install/vegabot_description/share/vegabot_description/models/aws_robomaker_warehouse_ClutteringC_01/meshes
[0.611s] -- Up-to-date: /home/spkmak/vegabot_ws/install/vegabot_description/share/vegabot_description/models/aws_robomaker_warehouse_ClutteringC_01/meshes/aws_robomaker_warehouse_ClutteringC_01_visual.DAE
[0.612s] -- Up-to-date: /home/spkmak/vegabot_ws/install/vegabot_description/share/vegabot_description/models/aws_robomaker_warehouse_ClutteringC_01/meshes/aws_robomaker_warehouse_ClutteringC_01_collision.DAE
[0.613s] -- Up-to-date: /home/spkmak/vegabot_ws/install/vegabot_description/share/vegabot_description/models/aws_robomaker_warehouse_ClutteringC_01/model.config
[0.613s] -- Up-to-date: /home/spkmak/vegabot_ws/install/vegabot_description/share/vegabot_description/models/aws_robomaker_warehouse_ClutteringC_01/model.sdf
[0.614s] -- Up-to-date: /home/spkmak/vegabot_ws/install/vegabot_description/share/vegabot_description/models/aws_robomaker_warehouse_ClutteringC_01/materials
[0.614s] -- Up-to-date: /home/spkmak/vegabot_ws/install/vegabot_description/share/vegabot_description/models/aws_robomaker_warehouse_ClutteringC_01/materials/textures
[0.615s] -- Up-to-date: /home/spkmak/vegabot_ws/install/vegabot_description/share/vegabot_description/models/aws_robomaker_warehouse_ClutteringC_01/materials/textures/aws_robomaker_warehouse_ClutteringC_02.png
[0.616s] -- Up-to-date: /home/spkmak/vegabot_ws/install/vegabot_description/share/vegabot_description/models/aws_robomaker_warehouse_ClutteringC_01/materials/textures/aws_robomaker_warehouse_ClutteringC_01.png
[0.619s] -- Up-to-date: /home/spkmak/vegabot_ws/install/vegabot_description/share/vegabot_description/models/aws_robomaker_residential_HouseWallB_01
[0.619s] -- Up-to-date: /home/spkmak/vegabot_ws/install/vegabot_description/share/vegabot_description/models/aws_robomaker_residential_HouseWallB_01/meshes
[0.621s] -- Up-to-date: /home/spkmak/vegabot_ws/install/vegabot_description/share/vegabot_description/models/aws_robomaker_residential_HouseWallB_01/meshes/aws_HouseWallB_01_collision.DAE
[0.622s] -- Up-to-date: /home/spkmak/vegabot_ws/install/vegabot_description/share/vegabot_description/models/aws_robomaker_residential_HouseWallB_01/meshes/aws_HouseWallB_01_visual.DAE
[0.622s] -- Up-to-date: /home/spkmak/vegabot_ws/install/vegabot_description/share/vegabot_description/models/aws_robomaker_residential_HouseWallB_01/model.config
[0.622s] -- Up-to-date: /home/spkmak/vegabot_ws/install/vegabot_description/share/vegabot_description/models/aws_robomaker_residential_HouseWallB_01/model.sdf
[0.623s] -- Up-to-date: /home/spkmak/vegabot_ws/install/vegabot_description/share/vegabot_description/models/aws_robomaker_residential_HouseWallB_01/materials
[0.623s] -- Up-to-date: /home/spkmak/vegabot_ws/install/vegabot_description/share/vegabot_description/models/aws_robomaker_residential_HouseWallB_01/materials/textures
[0.624s] -- Up-to-date: /home/spkmak/vegabot_ws/install/vegabot_description/share/vegabot_description/models/aws_robomaker_residential_HouseWallB_01/materials/textures/aws_HouseWallB_01.png
[0.625s] -- Up-to-date: /home/spkmak/vegabot_ws/install/vegabot_description/share/vegabot_description/models/aws_robomaker_residential_DeskPortraitD_02
[0.625s] -- Up-to-date: /home/spkmak/vegabot_ws/install/vegabot_description/share/vegabot_description/models/aws_robomaker_residential_DeskPortraitD_02/meshes
[0.626s] -- Up-to-date: /home/spkmak/vegabot_ws/install/vegabot_description/share/vegabot_description/models/aws_robomaker_residential_DeskPortraitD_02/meshes/aws_DeskPortraitD_01_collision.DAE
[0.627s] -- Up-to-date: /home/spkmak/vegabot_ws/install/vegabot_description/share/vegabot_description/models/aws_robomaker_residential_DeskPortraitD_02/meshes/aws_DeskPortraitD_01_visual.DAE
[0.627s] -- Up-to-date: /home/spkmak/vegabot_ws/install/vegabot_description/share/vegabot_description/models/aws_robomaker_residential_DeskPortraitD_02/model.config
[0.628s] -- Up-to-date: /home/spkmak/vegabot_ws/install/vegabot_description/share/vegabot_description/models/aws_robomaker_residential_DeskPortraitD_02/model.sdf
[0.628s] -- Up-to-date: /home/spkmak/vegabot_ws/install/vegabot_description/share/vegabot_description/models/aws_robomaker_residential_DeskPortraitD_02/materials
[0.629s] -- Up-to-date: /home/spkmak/vegabot_ws/install/vegabot_description/share/vegabot_description/models/aws_robomaker_residential_DeskPortraitD_02/materials/textures
[0.629s] -- Up-to-date: /home/spkmak/vegabot_ws/install/vegabot_description/share/vegabot_description/models/aws_robomaker_residential_DeskPortraitD_02/materials/textures/aws_DeskPortraitD_02.png
[0.630s] -- Up-to-date: /home/spkmak/vegabot_ws/install/vegabot_description/share/vegabot_description/models/aws_robomaker_residential_DeskPortraitD_02/materials/textures/aws_DeskPortraitD_01.png
[0.631s] -- Up-to-date: /home/spkmak/vegabot_ws/install/vegabot_description/share/vegabot_description/models/aws_robomaker_residential_FitnessEquipment_01
[0.631s] -- Up-to-date: /home/spkmak/vegabot_ws/install/vegabot_description/share/vegabot_description/models/aws_robomaker_residential_FitnessEquipment_01/meshes
[0.632s] -- Up-to-date: /home/spkmak/vegabot_ws/install/vegabot_description/share/vegabot_description/models/aws_robomaker_residential_FitnessEquipment_01/meshes/aws_FitnessEquipment_01_visual.DAE
[0.632s] -- Up-to-date: /home/spkmak/vegabot_ws/install/vegabot_description/share/vegabot_description/models/aws_robomaker_residential_FitnessEquipment_01/meshes/aws_FitnessEquipment_01_collision.DAE
[0.633s] -- Up-to-date: /home/spkmak/vegabot_ws/install/vegabot_description/share/vegabot_description/models/aws_robomaker_residential_FitnessEquipment_01/model.config
[0.634s] -- Up-to-date: /home/spkmak/vegabot_ws/install/vegabot_description/share/vegabot_description/models/aws_robomaker_residential_FitnessEquipment_01/model.sdf
[0.635s] -- Up-to-date: /home/spkmak/vegabot_ws/install/vegabot_description/share/vegabot_description/models/aws_robomaker_residential_FitnessEquipment_01/materials
[0.635s] -- Up-to-date: /home/spkmak/vegabot_ws/install/vegabot_description/share/vegabot_description/models/aws_robomaker_residential_FitnessEquipment_01/materials/textures
[0.635s] -- Up-to-date: /home/spkmak/vegabot_ws/install/vegabot_description/share/vegabot_description/models/aws_robomaker_residential_FitnessEquipment_01/materials/textures/aws_FitnessEquipment_01.png
[0.637s] -- Up-to-date: /home/spkmak/vegabot_ws/install/vegabot_description/share/vegabot_description/models/aws_robomaker_residential_Curtain_01
[0.638s] -- Up-to-date: /home/spkmak/vegabot_ws/install/vegabot_description/share/vegabot_description/models/aws_robomaker_residential_Curtain_01/meshes
[0.641s] -- Up-to-date: /home/spkmak/vegabot_ws/install/vegabot_description/share/vegabot_description/models/aws_robomaker_residential_Curtain_01/meshes/aws_Curtain_01_visual.DAE
[0.641s] -- Up-to-date: /home/spkmak/vegabot_ws/install/vegabot_description/share/vegabot_description/models/aws_robomaker_residential_Curtain_01/meshes/aws_Curtain_01_collision.DAE
[0.642s] -- Up-to-date: /home/spkmak/vegabot_ws/install/vegabot_description/share/vegabot_description/models/aws_robomaker_residential_Curtain_01/model.config
[0.642s] -- Up-to-date: /home/spkmak/vegabot_ws/install/vegabot_description/share/vegabot_description/models/aws_robomaker_residential_Curtain_01/model.sdf
[0.642s] -- Up-to-date: /home/spkmak/vegabot_ws/install/vegabot_description/share/vegabot_description/models/aws_robomaker_residential_Curtain_01/materials
[0.643s] -- Up-to-date: /home/spkmak/vegabot_ws/install/vegabot_description/share/vegabot_description/models/aws_robomaker_residential_Curtain_01/materials/textures
[0.643s] -- Up-to-date: /home/spkmak/vegabot_ws/install/vegabot_description/share/vegabot_description/models/aws_robomaker_residential_Curtain_01/materials/textures/aws_Curtain_01.png
[0.644s] -- Up-to-date: /home/spkmak/vegabot_ws/install/vegabot_description/share/vegabot_description/models/aws_robomaker_residential_TV_01
[0.644s] -- Up-to-date: /home/spkmak/vegabot_ws/install/vegabot_description/share/vegabot_description/models/aws_robomaker_residential_TV_01/meshes
[0.645s] -- Up-to-date: /home/spkmak/vegabot_ws/install/vegabot_description/share/vegabot_description/models/aws_robomaker_residential_TV_01/meshes/aws_TV_01_visual.DAE
[0.645s] -- Up-to-date: /home/spkmak/vegabot_ws/install/vegabot_description/share/vegabot_description/models/aws_robomaker_residential_TV_01/meshes/aws_TV_01_collision.DAE
[0.646s] -- Up-to-date: /home/spkmak/vegabot_ws/install/vegabot_description/share/vegabot_description/models/aws_robomaker_residential_TV_01/model.config
[0.646s] -- Up-to-date: /home/spkmak/vegabot_ws/install/vegabot_description/share/vegabot_description/models/aws_robomaker_residential_TV_01/model.sdf
[0.647s] -- Up-to-date: /home/spkmak/vegabot_ws/install/vegabot_description/share/vegabot_description/models/aws_robomaker_residential_TV_01/materials
[0.647s] -- Up-to-date: /home/spkmak/vegabot_ws/install/vegabot_description/share/vegabot_description/models/aws_robomaker_residential_TV_01/materials/textures
[0.647s] -- Up-to-date: /home/spkmak/vegabot_ws/install/vegabot_description/share/vegabot_description/models/aws_robomaker_residential_TV_01/materials/textures/aws_TV_01.png
[0.648s] -- Up-to-date: /home/spkmak/vegabot_ws/install/vegabot_description/share/vegabot_description/models/aws_robomaker_residential_PortraitB_03
[0.648s] -- Up-to-date: /home/spkmak/vegabot_ws/install/vegabot_description/share/vegabot_description/models/aws_robomaker_residential_PortraitB_03/meshes
[0.648s] -- Up-to-date: /home/spkmak/vegabot_ws/install/vegabot_description/share/vegabot_description/models/aws_robomaker_residential_PortraitB_03/meshes/aws_PortraitB_01_collision.DAE
[0.649s] -- Up-to-date: /home/spkmak/vegabot_ws/install/vegabot_description/share/vegabot_description/models/aws_robomaker_residential_PortraitB_03/meshes/aws_PortraitB_01_visual.DAE
[0.649s] -- Up-to-date: /home/spkmak/vegabot_ws/install/vegabot_description/share/vegabot_description/models/aws_robomaker_residential_PortraitB_03/model.config
[0.649s] -- Up-to-date: /home/spkmak/vegabot_ws/install/vegabot_description/share/vegabot_description/models/aws_robomaker_residential_PortraitB_03/model.sdf
[0.650s] -- Up-to-date: /home/spkmak/vegabot_ws/install/vegabot_description/share/vegabot_description/models/aws_robomaker_residential_PortraitB_03/materials
[0.650s] -- Up-to-date: /home/spkmak/vegabot_ws/install/vegabot_description/share/vegabot_description/models/aws_robomaker_residential_PortraitB_03/materials/textures
[0.650s] -- Up-to-date: /home/spkmak/vegabot_ws/install/vegabot_description/share/vegabot_description/models/aws_robomaker_residential_PortraitB_03/materials/textures/aws_PortraitB_02.png
[0.651s] -- Up-to-date: /home/spkmak/vegabot_ws/install/vegabot_description/share/vegabot_description/models/aws_robomaker_residential_PortraitB_03/materials/textures/aws_PortraitB_01.png
[0.651s] -- Up-to-date: /home/spkmak/vegabot_ws/install/vegabot_description/share/vegabot_description/models/aws_robomaker_residential_AirconditionerA_01
[0.651s] -- Up-to-date: /home/spkmak/vegabot_ws/install/vegabot_description/share/vegabot_description/models/aws_robomaker_residential_AirconditionerA_01/meshes
[0.652s] -- Up-to-date: /home/spkmak/vegabot_ws/install/vegabot_description/share/vegabot_description/models/aws_robomaker_residential_AirconditionerA_01/meshes/aws_AirconditionerA_01_visual.DAE
[0.652s] -- Up-to-date: /home/spkmak/vegabot_ws/install/vegabot_description/share/vegabot_description/models/aws_robomaker_residential_AirconditionerA_01/meshes/aws__Air conditioner_01.DAE
[0.652s] -- Up-to-date: /home/spkmak/vegabot_ws/install/vegabot_description/share/vegabot_description/models/aws_robomaker_residential_AirconditionerA_01/meshes/aws_AirconditionerA_01_collision.DAE
[0.653s] -- Up-to-date: /home/spkmak/vegabot_ws/install/vegabot_description/share/vegabot_description/models/aws_robomaker_residential_AirconditionerA_01/model.config
[0.653s] -- Up-to-date: /home/spkmak/vegabot_ws/install/vegabot_description/share/vegabot_description/models/aws_robomaker_residential_AirconditionerA_01/model.sdf
[0.653s] -- Up-to-date: /home/spkmak/vegabot_ws/install/vegabot_description/share/vegabot_description/models/aws_robomaker_residential_AirconditionerA_01/materials
[0.654s] -- Up-to-date: /home/spkmak/vegabot_ws/install/vegabot_description/share/vegabot_description/models/aws_robomaker_residential_AirconditionerA_01/materials/textures
[0.654s] -- Up-to-date: /home/spkmak/vegabot_ws/install/vegabot_description/share/vegabot_description/models/aws_robomaker_residential_AirconditionerA_01/materials/textures/aws_AirconditionerA_01.png
[0.654s] -- Up-to-date: /home/spkmak/vegabot_ws/install/vegabot_description/share/vegabot_description/models/aws_robomaker_residential_KitchenCabinet_01
[0.655s] -- Up-to-date: /home/spkmak/vegabot_ws/install/vegabot_description/share/vegabot_description/models/aws_robomaker_residential_KitchenCabinet_01/meshes
[0.655s] -- Up-to-date: /home/spkmak/vegabot_ws/install/vegabot_description/share/vegabot_description/models/aws_robomaker_residential_KitchenCabinet_01/meshes/aws_KitchenCabinet_01_collision.DAE
[0.655s] -- Up-to-date: /home/spkmak/vegabot_ws/install/vegabot_description/share/vegabot_description/models/aws_robomaker_residential_KitchenCabinet_01/meshes/aws_KitchenCabinet_01_visual.DAE
[0.656s] -- Up-to-date: /home/spkmak/vegabot_ws/install/vegabot_description/share/vegabot_description/models/aws_robomaker_residential_KitchenCabinet_01/model.config
[0.656s] -- Up-to-date: /home/spkmak/vegabot_ws/install/vegabot_description/share/vegabot_description/models/aws_robomaker_residential_KitchenCabinet_01/model.sdf
[0.656s] -- Up-to-date: /home/spkmak/vegabot_ws/install/vegabot_description/share/vegabot_description/models/aws_robomaker_residential_KitchenCabinet_01/materials
[0.657s] -- Up-to-date: /home/spkmak/vegabot_ws/install/vegabot_description/share/vegabot_description/models/aws_robomaker_residential_KitchenCabinet_01/materials/textures
[0.657s] -- Up-to-date: /home/spkmak/vegabot_ws/install/vegabot_description/share/vegabot_description/models/aws_robomaker_residential_KitchenCabinet_01/materials/textures/aws_KitchenCabinet_01.png
[0.657s] -- Up-to-date: /home/spkmak/vegabot_ws/install/vegabot_description/share/vegabot_description/models/aws_robomaker_residential_Ball_01
[0.658s] -- Up-to-date: /home/spkmak/vegabot_ws/install/vegabot_description/share/vegabot_description/models/aws_robomaker_residential_Ball_01/meshes
[0.658s] -- Up-to-date: /home/spkmak/vegabot_ws/install/vegabot_description/share/vegabot_description/models/aws_robomaker_residential_Ball_01/meshes/aws_Ball_01_collision.DAE
[0.658s] -- Up-to-date: /home/spkmak/vegabot_ws/install/vegabot_description/share/vegabot_description/models/aws_robomaker_residential_Ball_01/meshes/aws_Ball_01_visual.DAE
[0.659s] -- Up-to-date: /home/spkmak/vegabot_ws/install/vegabot_description/share/vegabot_description/models/aws_robomaker_residential_Ball_01/model.config
[0.659s] -- Up-to-date: /home/spkmak/vegabot_ws/install/vegabot_description/share/vegabot_description/models/aws_robomaker_residential_Ball_01/model.sdf
[0.659s] -- Up-to-date: /home/spkmak/vegabot_ws/install/vegabot_description/share/vegabot_description/models/aws_robomaker_residential_Ball_01/materials
[0.660s] -- Up-to-date: /home/spkmak/vegabot_ws/install/vegabot_description/share/vegabot_description/models/aws_robomaker_residential_Ball_01/materials/textures
[0.660s] -- Up-to-date: /home/spkmak/vegabot_ws/install/vegabot_description/share/vegabot_description/models/aws_robomaker_residential_Ball_01/materials/textures/aws_Ball_01.png
[0.660s] -- Up-to-date: /home/spkmak/vegabot_ws/install/vegabot_description/share/vegabot_description/models/aws_robomaker_residential_ChairD_01
[0.661s] -- Up-to-date: /home/spkmak/vegabot_ws/install/vegabot_description/share/vegabot_description/models/aws_robomaker_residential_ChairD_01/meshes
[0.661s] -- Up-to-date: /home/spkmak/vegabot_ws/install/vegabot_description/share/vegabot_description/models/aws_robomaker_residential_ChairD_01/meshes/aws_ChairD_01_collision.DAE
[0.661s] -- Up-to-date: /home/spkmak/vegabot_ws/install/vegabot_description/share/vegabot_description/models/aws_robomaker_residential_ChairD_01/meshes/aws_ChairD_01_visual.DAE
[0.662s] -- Up-to-date: /home/spkmak/vegabot_ws/install/vegabot_description/share/vegabot_description/models/aws_robomaker_residential_ChairD_01/model.config
[0.662s] -- Up-to-date: /home/spkmak/vegabot_ws/install/vegabot_description/share/vegabot_description/models/aws_robomaker_residential_ChairD_01/model.sdf
[0.662s] -- Up-to-date: /home/spkmak/vegabot_ws/install/vegabot_description/share/vegabot_description/models/aws_robomaker_residential_ChairD_01/materials
[0.663s] -- Up-to-date: /home/spkmak/vegabot_ws/install/vegabot_description/share/vegabot_description/models/aws_robomaker_residential_ChairD_01/materials/textures
[0.663s] -- Up-to-date: /home/spkmak/vegabot_ws/install/vegabot_description/share/vegabot_description/models/aws_robomaker_residential_ChairD_01/materials/textures/aws_ChairD_01.png
[0.663s] -- Up-to-date: /home/spkmak/vegabot_ws/install/vegabot_description/share/vegabot_description/models/marker0
[0.664s] -- Up-to-date: /home/spkmak/vegabot_ws/install/vegabot_description/share/vegabot_description/models/marker0/meshes
[0.664s] -- Up-to-date: /home/spkmak/vegabot_ws/install/vegabot_description/share/vegabot_description/models/marker0/meshes/Marker0.dae
[0.664s] -- Up-to-date: /home/spkmak/vegabot_ws/install/vegabot_description/share/vegabot_description/models/marker0/model.config
[0.665s] -- Up-to-date: /home/spkmak/vegabot_ws/install/vegabot_description/share/vegabot_description/models/marker0/model.sdf
[0.665s] -- Up-to-date: /home/spkmak/vegabot_ws/install/vegabot_description/share/vegabot_description/models/marker0/materials
[0.665s] -- Up-to-date: /home/spkmak/vegabot_ws/install/vegabot_description/share/vegabot_description/models/marker0/materials/textures
[0.665s] -- Up-to-date: /home/spkmak/vegabot_ws/install/vegabot_description/share/vegabot_description/models/marker0/materials/textures/Marker0.png
[0.666s] -- Up-to-date: /home/spkmak/vegabot_ws/install/vegabot_description/share/vegabot_description/models/aws_robomaker_residential_Handle_01
[0.666s] -- Up-to-date: /home/spkmak/vegabot_ws/install/vegabot_description/share/vegabot_description/models/aws_robomaker_residential_Handle_01/meshes
[0.667s] -- Up-to-date: /home/spkmak/vegabot_ws/install/vegabot_description/share/vegabot_description/models/aws_robomaker_residential_Handle_01/meshes/aws_Handle_01_visual.DAE
[0.667s] -- Up-to-date: /home/spkmak/vegabot_ws/install/vegabot_description/share/vegabot_description/models/aws_robomaker_residential_Handle_01/meshes/aws_ handle_01_collision.DAE
[0.667s] -- Up-to-date: /home/spkmak/vegabot_ws/install/vegabot_description/share/vegabot_description/models/aws_robomaker_residential_Handle_01/meshes/aws_Handle_01_collision.DAE
[0.668s] -- Up-to-date: /home/spkmak/vegabot_ws/install/vegabot_description/share/vegabot_description/models/aws_robomaker_residential_Handle_01/model.config
[0.668s] -- Up-to-date: /home/spkmak/vegabot_ws/install/vegabot_description/share/vegabot_description/models/aws_robomaker_residential_Handle_01/model.sdf
[0.668s] -- Up-to-date: /home/spkmak/vegabot_ws/install/vegabot_description/share/vegabot_description/models/aws_robomaker_residential_Handle_01/materials
[0.669s] -- Up-to-date: /home/spkmak/vegabot_ws/install/vegabot_description/share/vegabot_description/models/aws_robomaker_residential_Handle_01/materials/textures
[0.669s] -- Up-to-date: /home/spkmak/vegabot_ws/install/vegabot_description/share/vegabot_description/models/aws_robomaker_residential_Handle_01/materials/textures/aws_Handle_01.png
[0.669s] -- Up-to-date: /home/spkmak/vegabot_ws/install/vegabot_description/share/vegabot_description/models/aws_robomaker_residential_PortraitE_01
[0.669s] -- Up-to-date: /home/spkmak/vegabot_ws/install/vegabot_description/share/vegabot_description/models/aws_robomaker_residential_PortraitE_01/meshes
[0.670s] -- Up-to-date: /home/spkmak/vegabot_ws/install/vegabot_description/share/vegabot_description/models/aws_robomaker_residential_PortraitE_01/meshes/aws_PortraitE_01_collision.DAE
[0.670s] -- Up-to-date: /home/spkmak/vegabot_ws/install/vegabot_description/share/vegabot_description/models/aws_robomaker_residential_PortraitE_01/meshes/aws_PortraitE_01_visual.DAE
[0.670s] -- Up-to-date: /home/spkmak/vegabot_ws/install/vegabot_description/share/vegabot_description/models/aws_robomaker_residential_PortraitE_01/model.config
[0.671s] -- Up-to-date: /home/spkmak/vegabot_ws/install/vegabot_description/share/vegabot_description/models/aws_robomaker_residential_PortraitE_01/model.sdf
[0.671s] -- Up-to-date: /home/spkmak/vegabot_ws/install/vegabot_description/share/vegabot_description/models/aws_robomaker_residential_PortraitE_01/materials
[0.671s] -- Up-to-date: /home/spkmak/vegabot_ws/install/vegabot_description/share/vegabot_description/models/aws_robomaker_residential_PortraitE_01/materials/textures
[0.672s] -- Up-to-date: /home/spkmak/vegabot_ws/install/vegabot_description/share/vegabot_description/models/aws_robomaker_residential_PortraitE_01/materials/textures/aws_PortraitE_01.png
[0.672s] -- Up-to-date: /home/spkmak/vegabot_ws/install/vegabot_description/share/vegabot_description/models/aws_robomaker_residential_PortraitE_01/materials/textures/aws_PortraitE_02.png
[0.673s] -- Up-to-date: /home/spkmak/vegabot_ws/install/vegabot_description/share/vegabot_description/models/aws_robomaker_residential_Refrigerator_01
[0.673s] -- Up-to-date: /home/spkmak/vegabot_ws/install/vegabot_description/share/vegabot_description/models/aws_robomaker_residential_Refrigerator_01/meshes
[0.673s] -- Up-to-date: /home/spkmak/vegabot_ws/install/vegabot_description/share/vegabot_description/models/aws_robomaker_residential_Refrigerator_01/meshes/aws_Refrigerator_01_visual.DAE
[0.674s] -- Up-to-date: /home/spkmak/vegabot_ws/install/vegabot_description/share/vegabot_description/models/aws_robomaker_residential_Refrigerator_01/meshes/aws_Refrigerator_01_collision.DAE
[0.674s] -- Up-to-date: /home/spkmak/vegabot_ws/install/vegabot_description/share/vegabot_description/models/aws_robomaker_residential_Refrigerator_01/meshes/aws_Refrigerator_01.DAE
[0.674s] -- Up-to-date: /home/spkmak/vegabot_ws/install/vegabot_description/share/vegabot_description/models/aws_robomaker_residential_Refrigerator_01/model.config
[0.675s] -- Up-to-date: /home/spkmak/vegabot_ws/install/vegabot_description/share/vegabot_description/models/aws_robomaker_residential_Refrigerator_01/model.sdf
[0.675s] -- Up-to-date: /home/spkmak/vegabot_ws/install/vegabot_description/share/vegabot_description/models/aws_robomaker_residential_Refrigerator_01/materials
[0.675s] -- Up-to-date: /home/spkmak/vegabot_ws/install/vegabot_description/share/vegabot_description/models/aws_robomaker_residential_Refrigerator_01/materials/textures
[0.676s] -- Up-to-date: /home/spkmak/vegabot_ws/install/vegabot_description/share/vegabot_description/models/aws_robomaker_residential_Refrigerator_01/materials/textures/aws_Refrigerator_02.png
[0.676s] -- Up-to-date: /home/spkmak/vegabot_ws/install/vegabot_description/share/vegabot_description/models/aws_robomaker_residential_Refrigerator_01/materials/textures/aws_Refrigerator_01.png
[0.676s] -- Up-to-date: /home/spkmak/vegabot_ws/install/vegabot_description/share/vegabot_description/models/aws_robomaker_residential_TV_02
[0.677s] -- Up-to-date: /home/spkmak/vegabot_ws/install/vegabot_description/share/vegabot_description/models/aws_robomaker_residential_TV_02/meshes
[0.677s] -- Up-to-date: /home/spkmak/vegabot_ws/install/vegabot_description/share/vegabot_description/models/aws_robomaker_residential_TV_02/meshes/aws_TV_01_visual.DAE
[0.677s] -- Up-to-date: /home/spkmak/vegabot_ws/install/vegabot_description/share/vegabot_description/models/aws_robomaker_residential_TV_02/meshes/aws_TV_01_collision.DAE
[0.678s] -- Up-to-date: /home/spkmak/vegabot_ws/install/vegabot_description/share/vegabot_description/models/aws_robomaker_residential_TV_02/model.config
[0.678s] -- Up-to-date: /home/spkmak/vegabot_ws/install/vegabot_description/share/vegabot_description/models/aws_robomaker_residential_TV_02/model.sdf
[0.678s] -- Up-to-date: /home/spkmak/vegabot_ws/install/vegabot_description/share/vegabot_description/models/aws_robomaker_residential_TV_02/materials
[0.679s] -- Up-to-date: /home/spkmak/vegabot_ws/install/vegabot_description/share/vegabot_description/models/aws_robomaker_residential_TV_02/materials/textures
[0.679s] -- Up-to-date: /home/spkmak/vegabot_ws/install/vegabot_description/share/vegabot_description/models/aws_robomaker_residential_TV_02/materials/textures/aws_TV_01.png
[0.679s] -- Up-to-date: /home/spkmak/vegabot_ws/install/vegabot_description/share/vegabot_description/models/aws_robomaker_residential_FoldingDoor_01
[0.680s] -- Up-to-date: /home/spkmak/vegabot_ws/install/vegabot_description/share/vegabot_description/models/aws_robomaker_residential_FoldingDoor_01/meshes
[0.680s] -- Up-to-date: /home/spkmak/vegabot_ws/install/vegabot_description/share/vegabot_description/models/aws_robomaker_residential_FoldingDoor_01/meshes/aws_FoldingDoor_01_visual.DAE
[0.681s] -- Up-to-date: /home/spkmak/vegabot_ws/install/vegabot_description/share/vegabot_description/models/aws_robomaker_residential_FoldingDoor_01/meshes/aws_FoldingDoor_01_collision.DAE
[0.681s] -- Up-to-date: /home/spkmak/vegabot_ws/install/vegabot_description/share/vegabot_description/models/aws_robomaker_residential_FoldingDoor_01/model.config
[0.681s] -- Up-to-date: /home/spkmak/vegabot_ws/install/vegabot_description/share/vegabot_description/models/aws_robomaker_residential_FoldingDoor_01/model.sdf
[0.682s] -- Up-to-date: /home/spkmak/vegabot_ws/install/vegabot_description/share/vegabot_description/models/aws_robomaker_residential_FoldingDoor_01/materials
[0.682s] -- Up-to-date: /home/spkmak/vegabot_ws/install/vegabot_description/share/vegabot_description/models/aws_robomaker_residential_FoldingDoor_01/materials/textures
[0.682s] -- Up-to-date: /home/spkmak/vegabot_ws/install/vegabot_description/share/vegabot_description/models/aws_robomaker_residential_FoldingDoor_01/materials/textures/aws_FoldingDoor_01.png
[0.683s] -- Up-to-date: /home/spkmak/vegabot_ws/install/vegabot_description/share/vegabot_description/models/aws_robomaker_warehouse_Bucket_01
[0.683s] -- Up-to-date: /home/spkmak/vegabot_ws/install/vegabot_description/share/vegabot_description/models/aws_robomaker_warehouse_Bucket_01/meshes
[0.683s] -- Up-to-date: /home/spkmak/vegabot_ws/install/vegabot_description/share/vegabot_description/models/aws_robomaker_warehouse_Bucket_01/meshes/aws_robomaker_warehouse_Bucket_01_collision.DAE
[0.684s] -- Up-to-date: /home/spkmak/vegabot_ws/install/vegabot_description/share/vegabot_description/models/aws_robomaker_warehouse_Bucket_01/meshes/aws_robomaker_warehouse_Bucket_01_visual.DAE
[0.684s] -- Up-to-date: /home/spkmak/vegabot_ws/install/vegabot_description/share/vegabot_description/models/aws_robomaker_warehouse_Bucket_01/model.config
[0.684s] -- Up-to-date: /home/spkmak/vegabot_ws/install/vegabot_description/share/vegabot_description/models/aws_robomaker_warehouse_Bucket_01/model.sdf
[0.685s] -- Up-to-date: /home/spkmak/vegabot_ws/install/vegabot_description/share/vegabot_description/models/aws_robomaker_warehouse_Bucket_01/.DS_Store
[0.685s] -- Up-to-date: /home/spkmak/vegabot_ws/install/vegabot_description/share/vegabot_description/models/aws_robomaker_warehouse_Bucket_01/materials
[0.685s] -- Up-to-date: /home/spkmak/vegabot_ws/install/vegabot_description/share/vegabot_description/models/aws_robomaker_warehouse_Bucket_01/materials/textures
[0.686s] -- Up-to-date: /home/spkmak/vegabot_ws/install/vegabot_description/share/vegabot_description/models/aws_robomaker_warehouse_Bucket_01/materials/textures/aws_robomaker_warehouse_Bucket_01.png
[0.686s] -- Up-to-date: /home/spkmak/vegabot_ws/install/vegabot_description/share/vegabot_description/models/aws_robomaker_warehouse_Bucket_01/materials/.DS_Store
[0.686s] -- Up-to-date: /home/spkmak/vegabot_ws/install/vegabot_description/share/vegabot_description/models/aws_robomaker_residential_Board_01
[0.687s] -- Up-to-date: /home/spkmak/vegabot_ws/install/vegabot_description/share/vegabot_description/models/aws_robomaker_residential_Board_01/meshes
[0.688s] -- Up-to-date: /home/spkmak/vegabot_ws/install/vegabot_description/share/vegabot_description/models/aws_robomaker_residential_Board_01/meshes/aws_Board_01_visual.DAE
[0.688s] -- Up-to-date: /home/spkmak/vegabot_ws/install/vegabot_description/share/vegabot_description/models/aws_robomaker_residential_Board_01/meshes/aws_Board_01_collision.DAE
[0.688s] -- Up-to-date: /home/spkmak/vegabot_ws/install/vegabot_description/share/vegabot_description/models/aws_robomaker_residential_Board_01/model.config
[0.689s] -- Up-to-date: /home/spkmak/vegabot_ws/install/vegabot_description/share/vegabot_description/models/aws_robomaker_residential_Board_01/model.sdf
[0.689s] -- Up-to-date: /home/spkmak/vegabot_ws/install/vegabot_description/share/vegabot_description/models/aws_robomaker_residential_Board_01/materials
[0.689s] -- Up-to-date: /home/spkmak/vegabot_ws/install/vegabot_description/share/vegabot_description/models/aws_robomaker_residential_Board_01/materials/textures
[0.690s] -- Up-to-date: /home/spkmak/vegabot_ws/install/vegabot_description/share/vegabot_description/models/aws_robomaker_residential_Board_01/materials/textures/aws_Board_01.png
[0.690s] -- Up-to-date: /home/spkmak/vegabot_ws/install/vegabot_description/share/vegabot_description/models/aws_robomaker_warehouse_DeskC_01
[0.690s] -- Up-to-date: /home/spkmak/vegabot_ws/install/vegabot_description/share/vegabot_description/models/aws_robomaker_warehouse_DeskC_01/meshes
[0.691s] -- Up-to-date: /home/spkmak/vegabot_ws/install/vegabot_description/share/vegabot_description/models/aws_robomaker_warehouse_DeskC_01/meshes/aws_robomaker_warehouse_DeskC_01_visual.DAE
[0.691s] -- Up-to-date: /home/spkmak/vegabot_ws/install/vegabot_description/share/vegabot_description/models/aws_robomaker_warehouse_DeskC_01/meshes/aws_robomaker_warehouse_DeskC_01_collision.DAE
[0.691s] -- Up-to-date: /home/spkmak/vegabot_ws/install/vegabot_description/share/vegabot_description/models/aws_robomaker_warehouse_DeskC_01/model.config
[0.692s] -- Up-to-date: /home/spkmak/vegabot_ws/install/vegabot_description/share/vegabot_description/models/aws_robomaker_warehouse_DeskC_01/model.sdf
[0.692s] -- Up-to-date: /home/spkmak/vegabot_ws/install/vegabot_description/share/vegabot_description/models/aws_robomaker_warehouse_DeskC_01/materials
[0.692s] -- Up-to-date: /home/spkmak/vegabot_ws/install/vegabot_description/share/vegabot_description/models/aws_robomaker_warehouse_DeskC_01/materials/textures
[0.693s] -- Up-to-date: /home/spkmak/vegabot_ws/install/vegabot_description/share/vegabot_description/models/aws_robomaker_warehouse_DeskC_01/materials/textures/aws_robomaker_warehouse_DeskC_04.png
[0.693s] -- Up-to-date: /home/spkmak/vegabot_ws/install/vegabot_description/share/vegabot_description/models/aws_robomaker_warehouse_DeskC_01/materials/textures/aws_robomaker_warehouse_DeskC_02.png
[0.693s] -- Up-to-date: /home/spkmak/vegabot_ws/install/vegabot_description/share/vegabot_description/models/aws_robomaker_warehouse_DeskC_01/materials/textures/aws_robomaker_warehouse_DeskC_03.psd
[0.694s] -- Up-to-date: /home/spkmak/vegabot_ws/install/vegabot_description/share/vegabot_description/models/aws_robomaker_warehouse_DeskC_01/materials/textures/aws_robomaker_warehouse_DeskC_03.png
[0.694s] -- Up-to-date: /home/spkmak/vegabot_ws/install/vegabot_description/share/vegabot_description/models/aws_robomaker_warehouse_DeskC_01/materials/textures/aws_robomaker_warehouse_DeskC_01.png
[0.694s] -- Up-to-date: /home/spkmak/vegabot_ws/install/vegabot_description/share/vegabot_description/models/aws_robomaker_warehouse_DeskC_01/materials/.DS_Store
[0.695s] -- Up-to-date: /home/spkmak/vegabot_ws/install/vegabot_description/share/vegabot_description/models/aws_robomaker_residential_RoomWall_01
[0.695s] -- Up-to-date: /home/spkmak/vegabot_ws/install/vegabot_description/share/vegabot_description/models/aws_robomaker_residential_RoomWall_01/meshes
[0.695s] -- Up-to-date: /home/spkmak/vegabot_ws/install/vegabot_description/share/vegabot_description/models/aws_robomaker_residential_RoomWall_01/meshes/aws_RoomWall_01_visual.DAE
[0.696s] -- Up-to-date: /home/spkmak/vegabot_ws/install/vegabot_description/share/vegabot_description/models/aws_robomaker_residential_RoomWall_01/meshes/aws_RoomWall_01_collision.DAE
[0.696s] -- Up-to-date: /home/spkmak/vegabot_ws/install/vegabot_description/share/vegabot_description/models/aws_robomaker_residential_RoomWall_01/model.config
[0.696s] -- Up-to-date: /home/spkmak/vegabot_ws/install/vegabot_description/share/vegabot_description/models/aws_robomaker_residential_RoomWall_01/model.sdf
[0.697s] -- Up-to-date: /home/spkmak/vegabot_ws/install/vegabot_description/share/vegabot_description/models/aws_robomaker_residential_RoomWall_01/materials
[0.697s] -- Up-to-date: /home/spkmak/vegabot_ws/install/vegabot_description/share/vegabot_description/models/aws_robomaker_residential_RoomWall_01/materials/textures
[0.697s] -- Up-to-date: /home/spkmak/vegabot_ws/install/vegabot_description/share/vegabot_description/models/aws_robomaker_residential_RoomWall_01/materials/textures/aws_RoomWall_01.png
[0.698s] -- Up-to-date: /home/spkmak/vegabot_ws/install/vegabot_description/share/vegabot_description/models/maze_walls
[0.698s] -- Up-to-date: /home/spkmak/vegabot_ws/install/vegabot_description/share/vegabot_description/models/maze_walls/meshes
[0.698s] -- Up-to-date: /home/spkmak/vegabot_ws/install/vegabot_description/share/vegabot_description/models/maze_walls/meshes/maze_walls.dae
[0.699s] -- Up-to-date: /home/spkmak/vegabot_ws/install/vegabot_description/share/vegabot_description/models/maze_walls/model.config
[0.699s] -- Up-to-date: /home/spkmak/vegabot_ws/install/vegabot_description/share/vegabot_description/models/maze_walls/model.sdf
[0.699s] -- Up-to-date: /home/spkmak/vegabot_ws/install/vegabot_description/share/vegabot_description/models/aws_robomaker_residential_LightC_01
[0.700s] -- Up-to-date: /home/spkmak/vegabot_ws/install/vegabot_description/share/vegabot_description/models/aws_robomaker_residential_LightC_01/meshes
[0.700s] -- Up-to-date: /home/spkmak/vegabot_ws/install/vegabot_description/share/vegabot_description/models/aws_robomaker_residential_LightC_01/meshes/aws_LightC_01_visual.DAE
[0.700s] -- Up-to-date: /home/spkmak/vegabot_ws/install/vegabot_description/share/vegabot_description/models/aws_robomaker_residential_LightC_01/meshes/aws_LightC_01_collision.DAE
[0.701s] -- Up-to-date: /home/spkmak/vegabot_ws/install/vegabot_description/share/vegabot_description/models/aws_robomaker_residential_LightC_01/model.config
[0.701s] -- Up-to-date: /home/spkmak/vegabot_ws/install/vegabot_description/share/vegabot_description/models/aws_robomaker_residential_LightC_01/model.sdf
[0.701s] -- Up-to-date: /home/spkmak/vegabot_ws/install/vegabot_description/share/vegabot_description/models/aws_robomaker_residential_LightC_01/materials
[0.702s] -- Up-to-date: /home/spkmak/vegabot_ws/install/vegabot_description/share/vegabot_description/models/aws_robomaker_residential_LightC_01/materials/textures
[0.702s] -- Up-to-date: /home/spkmak/vegabot_ws/install/vegabot_description/share/vegabot_description/models/aws_robomaker_residential_LightC_01/materials/textures/aws_LightC_01.png
[0.703s] -- Up-to-date: /home/spkmak/vegabot_ws/install/vegabot_description/share/vegabot_description/models/aws_robomaker_residential_SofaB_01
[0.703s] -- Up-to-date: /home/spkmak/vegabot_ws/install/vegabot_description/share/vegabot_description/models/aws_robomaker_residential_SofaB_01/meshes
[0.703s] -- Up-to-date: /home/spkmak/vegabot_ws/install/vegabot_description/share/vegabot_description/models/aws_robomaker_residential_SofaB_01/meshes/aws_SofaB_01_visual.DAE
[0.704s] -- Up-to-date: /home/spkmak/vegabot_ws/install/vegabot_description/share/vegabot_description/models/aws_robomaker_residential_SofaB_01/meshes/aws_SofaB_01_collision.DAE
[0.704s] -- Up-to-date: /home/spkmak/vegabot_ws/install/vegabot_description/share/vegabot_description/models/aws_robomaker_residential_SofaB_01/model.config
[0.704s] -- Up-to-date: /home/spkmak/vegabot_ws/install/vegabot_description/share/vegabot_description/models/aws_robomaker_residential_SofaB_01/model.sdf
[0.705s] -- Up-to-date: /home/spkmak/vegabot_ws/install/vegabot_description/share/vegabot_description/models/aws_robomaker_residential_SofaB_01/materials
[0.705s] -- Up-to-date: /home/spkmak/vegabot_ws/install/vegabot_description/share/vegabot_description/models/aws_robomaker_residential_SofaB_01/materials/textures
[0.705s] -- Up-to-date: /home/spkmak/vegabot_ws/install/vegabot_description/share/vegabot_description/models/aws_robomaker_residential_SofaB_01/materials/textures/aws_SofaB_01.png
[0.705s] -- Up-to-date: /home/spkmak/vegabot_ws/install/vegabot_description/share/vegabot_description/models/aws_robomaker_residential_DeskPortraitD_01
[0.706s] -- Up-to-date: /home/spkmak/vegabot_ws/install/vegabot_description/share/vegabot_description/models/aws_robomaker_residential_DeskPortraitD_01/meshes
[0.706s] -- Up-to-date: /home/spkmak/vegabot_ws/install/vegabot_description/share/vegabot_description/models/aws_robomaker_residential_DeskPortraitD_01/meshes/aws_DeskPortraitD_01_collision.DAE
[0.706s] -- Up-to-date: /home/spkmak/vegabot_ws/install/vegabot_description/share/vegabot_description/models/aws_robomaker_residential_DeskPortraitD_01/meshes/aws_DeskPortraitD_01_visual.DAE
[0.707s] -- Up-to-date: /home/spkmak/vegabot_ws/install/vegabot_description/share/vegabot_description/models/aws_robomaker_residential_DeskPortraitD_01/model.config
[0.707s] -- Up-to-date: /home/spkmak/vegabot_ws/install/vegabot_description/share/vegabot_description/models/aws_robomaker_residential_DeskPortraitD_01/model.sdf
[0.707s] -- Up-to-date: /home/spkmak/vegabot_ws/install/vegabot_description/share/vegabot_description/models/aws_robomaker_residential_DeskPortraitD_01/materials
[0.708s] -- Up-to-date: /home/spkmak/vegabot_ws/install/vegabot_description/share/vegabot_description/models/aws_robomaker_residential_DeskPortraitD_01/materials/textures
[0.708s] -- Up-to-date: /home/spkmak/vegabot_ws/install/vegabot_description/share/vegabot_description/models/aws_robomaker_residential_DeskPortraitD_01/materials/textures/aws_DeskPortraitD_02.png
[0.708s] -- Up-to-date: /home/spkmak/vegabot_ws/install/vegabot_description/share/vegabot_description/models/aws_robomaker_residential_DeskPortraitD_01/materials/textures/aws_DeskPortraitD_01.png
[0.709s] -- Up-to-date: /home/spkmak/vegabot_ws/install/vegabot_description/share/vegabot_description/models/aws_robomaker_warehouse_ShelfF_01
[0.709s] -- Up-to-date: /home/spkmak/vegabot_ws/install/vegabot_description/share/vegabot_description/models/aws_robomaker_warehouse_ShelfF_01/meshes
[0.709s] -- Up-to-date: /home/spkmak/vegabot_ws/install/vegabot_description/share/vegabot_description/models/aws_robomaker_warehouse_ShelfF_01/meshes/aws_robomaker_warehouse_ShelfF_01_collision.DAE
[0.709s] -- Up-to-date: /home/spkmak/vegabot_ws/install/vegabot_description/share/vegabot_description/models/aws_robomaker_warehouse_ShelfF_01/meshes/aws_robomaker_warehouse_ShelfF_01_visual.DAE
[0.710s] -- Up-to-date: /home/spkmak/vegabot_ws/install/vegabot_description/share/vegabot_description/models/aws_robomaker_warehouse_ShelfF_01/model.config
[0.710s] -- Up-to-date: /home/spkmak/vegabot_ws/install/vegabot_description/share/vegabot_description/models/aws_robomaker_warehouse_ShelfF_01/model.sdf
[0.710s] -- Up-to-date: /home/spkmak/vegabot_ws/install/vegabot_description/share/vegabot_description/models/aws_robomaker_warehouse_ShelfF_01/materials
[0.711s] -- Up-to-date: /home/spkmak/vegabot_ws/install/vegabot_description/share/vegabot_description/models/aws_robomaker_warehouse_ShelfF_01/materials/textures
[0.711s] -- Up-to-date: /home/spkmak/vegabot_ws/install/vegabot_description/share/vegabot_description/models/aws_robomaker_warehouse_ShelfF_01/materials/textures/aws_robomaker_warehouse_ShelfF_02.png
[0.711s] -- Up-to-date: /home/spkmak/vegabot_ws/install/vegabot_description/share/vegabot_description/models/aws_robomaker_warehouse_ShelfF_01/materials/textures/aws_robomaker_warehouse_ShelfF_01.png
[0.712s] -- Up-to-date: /home/spkmak/vegabot_ws/install/vegabot_description/share/vegabot_description/models/aws_robomaker_warehouse_ShelfF_01/materials/textures/aws_robomaker_warehouse_ShelfF_03.png
[0.712s] -- Up-to-date: /home/spkmak/vegabot_ws/install/vegabot_description/share/vegabot_description/models/aws_robomaker_residential_Vase_01
[0.712s] -- Up-to-date: /home/spkmak/vegabot_ws/install/vegabot_description/share/vegabot_description/models/aws_robomaker_residential_Vase_01/meshes
[0.712s] -- Up-to-date: /home/spkmak/vegabot_ws/install/vegabot_description/share/vegabot_description/models/aws_robomaker_residential_Vase_01/meshes/aws_Vase_01_collision.DAE
[0.713s] -- Up-to-date: /home/spkmak/vegabot_ws/install/vegabot_description/share/vegabot_description/models/aws_robomaker_residential_Vase_01/meshes/aws_Vase_01_visual.DAE
[0.713s] -- Up-to-date: /home/spkmak/vegabot_ws/install/vegabot_description/share/vegabot_description/models/aws_robomaker_residential_Vase_01/model.config
[0.713s] -- Up-to-date: /home/spkmak/vegabot_ws/install/vegabot_description/share/vegabot_description/models/aws_robomaker_residential_Vase_01/model.sdf
[0.714s] -- Up-to-date: /home/spkmak/vegabot_ws/install/vegabot_description/share/vegabot_description/models/aws_robomaker_residential_Vase_01/materials
[0.714s] -- Up-to-date: /home/spkmak/vegabot_ws/install/vegabot_description/share/vegabot_description/models/aws_robomaker_residential_Vase_01/materials/textures
[0.714s] -- Up-to-date: /home/spkmak/vegabot_ws/install/vegabot_description/share/vegabot_description/models/aws_robomaker_residential_Vase_01/materials/textures/aws_Vase_01.png
[0.715s] -- Up-to-date: /home/spkmak/vegabot_ws/install/vegabot_description/share/vegabot_description/models/aws_robomaker_residential_PortraitE_02
[0.715s] -- Up-to-date: /home/spkmak/vegabot_ws/install/vegabot_description/share/vegabot_description/models/aws_robomaker_residential_PortraitE_02/meshes
[0.715s] -- Up-to-date: /home/spkmak/vegabot_ws/install/vegabot_description/share/vegabot_description/models/aws_robomaker_residential_PortraitE_02/meshes/aws_PortraitE_01_collision.DAE
[0.716s] -- Up-to-date: /home/spkmak/vegabot_ws/install/vegabot_description/share/vegabot_description/models/aws_robomaker_residential_PortraitE_02/meshes/aws_PortraitE_01_visual.DAE
[0.716s] -- Up-to-date: /home/spkmak/vegabot_ws/install/vegabot_description/share/vegabot_description/models/aws_robomaker_residential_PortraitE_02/model.config
[0.716s] -- Up-to-date: /home/spkmak/vegabot_ws/install/vegabot_description/share/vegabot_description/models/aws_robomaker_residential_PortraitE_02/model.sdf
[0.716s] -- Up-to-date: /home/spkmak/vegabot_ws/install/vegabot_description/share/vegabot_description/models/aws_robomaker_residential_PortraitE_02/materials
[0.717s] -- Up-to-date: /home/spkmak/vegabot_ws/install/vegabot_description/share/vegabot_description/models/aws_robomaker_residential_PortraitE_02/materials/textures
[0.717s] -- Up-to-date: /home/spkmak/vegabot_ws/install/vegabot_description/share/vegabot_description/models/aws_robomaker_residential_PortraitE_02/materials/textures/aws_PortraitE_01.png
[0.717s] -- Up-to-date: /home/spkmak/vegabot_ws/install/vegabot_description/share/vegabot_description/models/aws_robomaker_residential_PortraitE_02/materials/textures/aws_PortraitE_02.png
[0.718s] -- Up-to-date: /home/spkmak/vegabot_ws/install/vegabot_description/share/vegabot_description/models/aws_robomaker_residential_PortraitD_02
[0.718s] -- Up-to-date: /home/spkmak/vegabot_ws/install/vegabot_description/share/vegabot_description/models/aws_robomaker_residential_PortraitD_02/meshes
[0.718s] -- Up-to-date: /home/spkmak/vegabot_ws/install/vegabot_description/share/vegabot_description/models/aws_robomaker_residential_PortraitD_02/meshes/aws_PortraitD_01_visual.DAE
[0.718s] -- Up-to-date: /home/spkmak/vegabot_ws/install/vegabot_description/share/vegabot_description/models/aws_robomaker_residential_PortraitD_02/meshes/aws_PortraitD_01_collision.DAE
[0.719s] -- Up-to-date: /home/spkmak/vegabot_ws/install/vegabot_description/share/vegabot_description/models/aws_robomaker_residential_PortraitD_02/model.config
[0.719s] -- Up-to-date: /home/spkmak/vegabot_ws/install/vegabot_description/share/vegabot_description/models/aws_robomaker_residential_PortraitD_02/model.sdf
[0.719s] -- Up-to-date: /home/spkmak/vegabot_ws/install/vegabot_description/share/vegabot_description/models/aws_robomaker_residential_PortraitD_02/materials
[0.720s] -- Up-to-date: /home/spkmak/vegabot_ws/install/vegabot_description/share/vegabot_description/models/aws_robomaker_residential_PortraitD_02/materials/textures
[0.720s] -- Up-to-date: /home/spkmak/vegabot_ws/install/vegabot_description/share/vegabot_description/models/aws_robomaker_residential_PortraitD_02/materials/textures/aws_PortraitD_01.png
[0.720s] -- Up-to-date: /home/spkmak/vegabot_ws/install/vegabot_description/share/vegabot_description/models/aws_robomaker_residential_PortraitD_02/materials/textures/aws_PortraitD_02.png
[0.720s] -- Up-to-date: /home/spkmak/vegabot_ws/install/vegabot_description/share/vegabot_description/models/aws_robomaker_residential_PortraitA_02
[0.721s] -- Up-to-date: /home/spkmak/vegabot_ws/install/vegabot_description/share/vegabot_description/models/aws_robomaker_residential_PortraitA_02/meshes
[0.721s] -- Up-to-date: /home/spkmak/vegabot_ws/install/vegabot_description/share/vegabot_description/models/aws_robomaker_residential_PortraitA_02/meshes/aws_PortraitA_01_collision.DAE
[0.721s] -- Up-to-date: /home/spkmak/vegabot_ws/install/vegabot_description/share/vegabot_description/models/aws_robomaker_residential_PortraitA_02/meshes/aws_PortraitA_01_visual.DAE
[0.722s] -- Up-to-date: /home/spkmak/vegabot_ws/install/vegabot_description/share/vegabot_description/models/aws_robomaker_residential_PortraitA_02/model.config
[0.722s] -- Up-to-date: /home/spkmak/vegabot_ws/install/vegabot_description/share/vegabot_description/models/aws_robomaker_residential_PortraitA_02/model.sdf
[0.722s] -- Up-to-date: /home/spkmak/vegabot_ws/install/vegabot_description/share/vegabot_description/models/aws_robomaker_residential_PortraitA_02/materials
[0.723s] -- Up-to-date: /home/spkmak/vegabot_ws/install/vegabot_description/share/vegabot_description/models/aws_robomaker_residential_PortraitA_02/materials/textures
[0.723s] -- Up-to-date: /home/spkmak/vegabot_ws/install/vegabot_description/share/vegabot_description/models/aws_robomaker_residential_PortraitA_02/materials/textures/aws_PortraitA_02.png
[0.723s] -- Up-to-date: /home/spkmak/vegabot_ws/install/vegabot_description/share/vegabot_description/models/aws_robomaker_residential_PortraitA_02/materials/textures/aws_PortraitA_01.png
[0.724s] -- Up-to-date: /home/spkmak/vegabot_ws/install/vegabot_description/share/vegabot_description/models/aws_robomaker_warehouse_ClutteringD_01
[0.724s] -- Up-to-date: /home/spkmak/vegabot_ws/install/vegabot_description/share/vegabot_description/models/aws_robomaker_warehouse_ClutteringD_01/meshes
[0.724s] -- Up-to-date: /home/spkmak/vegabot_ws/install/vegabot_description/share/vegabot_description/models/aws_robomaker_warehouse_ClutteringD_01/meshes/aws_robomaker_warehouse_ClutteringD_01_visual.DAE
[0.724s] -- Up-to-date: /home/spkmak/vegabot_ws/install/vegabot_description/share/vegabot_description/models/aws_robomaker_warehouse_ClutteringD_01/meshes/aws_robomaker_warehouse_ClutteringD_01_collision.DAE
[0.725s] -- Up-to-date: /home/spkmak/vegabot_ws/install/vegabot_description/share/vegabot_description/models/aws_robomaker_warehouse_ClutteringD_01/model.config
[0.725s] -- Up-to-date: /home/spkmak/vegabot_ws/install/vegabot_description/share/vegabot_description/models/aws_robomaker_warehouse_ClutteringD_01/model.sdf
[0.725s] -- Up-to-date: /home/spkmak/vegabot_ws/install/vegabot_description/share/vegabot_description/models/aws_robomaker_warehouse_ClutteringD_01/materials
[0.725s] -- Up-to-date: /home/spkmak/vegabot_ws/install/vegabot_description/share/vegabot_description/models/aws_robomaker_warehouse_ClutteringD_01/materials/textures
[0.726s] -- Up-to-date: /home/spkmak/vegabot_ws/install/vegabot_description/share/vegabot_description/models/aws_robomaker_warehouse_ClutteringD_01/materials/textures/aws_robomaker_warehouse_ClutteringD_01.png
[0.726s] -- Up-to-date: /home/spkmak/vegabot_ws/install/vegabot_description/share/vegabot_description/models/aws_robomaker_warehouse_ClutteringD_01/materials/textures/aws_robomaker_warehouse_ClutteringD_02.png
[0.726s] -- Up-to-date: /home/spkmak/vegabot_ws/install/vegabot_description/share/vegabot_description/models/aws_robomaker_warehouse_PalletJackB_01
[0.727s] -- Up-to-date: /home/spkmak/vegabot_ws/install/vegabot_description/share/vegabot_description/models/aws_robomaker_warehouse_PalletJackB_01/meshes
[0.727s] -- Up-to-date: /home/spkmak/vegabot_ws/install/vegabot_description/share/vegabot_description/models/aws_robomaker_warehouse_PalletJackB_01/meshes/aws_robomaker_warehouse_PalletJackB_01_visual.DAE
[0.727s] -- Up-to-date: /home/spkmak/vegabot_ws/install/vegabot_description/share/vegabot_description/models/aws_robomaker_warehouse_PalletJackB_01/meshes/aws_robomaker_warehouse_PalletJackB_01_collision.DAE
[0.727s] -- Up-to-date: /home/spkmak/vegabot_ws/install/vegabot_description/share/vegabot_description/models/aws_robomaker_warehouse_PalletJackB_01/model.config
[0.728s] -- Up-to-date: /home/spkmak/vegabot_ws/install/vegabot_description/share/vegabot_description/models/aws_robomaker_warehouse_PalletJackB_01/model.sdf
[0.728s] -- Up-to-date: /home/spkmak/vegabot_ws/install/vegabot_description/share/vegabot_description/models/aws_robomaker_warehouse_PalletJackB_01/.DS_Store
[0.728s] -- Up-to-date: /home/spkmak/vegabot_ws/install/vegabot_description/share/vegabot_description/models/aws_robomaker_warehouse_PalletJackB_01/materials
[0.729s] -- Up-to-date: /home/spkmak/vegabot_ws/install/vegabot_description/share/vegabot_description/models/aws_robomaker_warehouse_PalletJackB_01/materials/textures
[0.729s] -- Up-to-date: /home/spkmak/vegabot_ws/install/vegabot_description/share/vegabot_description/models/aws_robomaker_warehouse_PalletJackB_01/materials/textures/aws_robomaker_warehouse_PalletJackB_02.png
[0.729s] -- Up-to-date: /home/spkmak/vegabot_ws/install/vegabot_description/share/vegabot_description/models/aws_robomaker_warehouse_PalletJackB_01/materials/textures/aws_robomaker_warehouse_PalletJackB_01.png
[0.729s] -- Up-to-date: /home/spkmak/vegabot_ws/install/vegabot_description/share/vegabot_description/models/aws_robomaker_warehouse_PalletJackB_01/materials/.DS_Store
[0.730s] -- Up-to-date: /home/spkmak/vegabot_ws/install/vegabot_description/share/vegabot_description/models/aws_robomaker_residential_Trash_01
[0.730s] -- Up-to-date: /home/spkmak/vegabot_ws/install/vegabot_description/share/vegabot_description/models/aws_robomaker_residential_Trash_01/meshes
[0.730s] -- Up-to-date: /home/spkmak/vegabot_ws/install/vegabot_description/share/vegabot_description/models/aws_robomaker_residential_Trash_01/meshes/aws_Trash_01_visual.DAE
[0.731s] -- Up-to-date: /home/spkmak/vegabot_ws/install/vegabot_description/share/vegabot_description/models/aws_robomaker_residential_Trash_01/meshes/aws_Trash_01_collision.DAE
[0.731s] -- Up-to-date: /home/spkmak/vegabot_ws/install/vegabot_description/share/vegabot_description/models/aws_robomaker_residential_Trash_01/model.config
[0.731s] -- Up-to-date: /home/spkmak/vegabot_ws/install/vegabot_description/share/vegabot_description/models/aws_robomaker_residential_Trash_01/model.sdf
[0.731s] -- Up-to-date: /home/spkmak/vegabot_ws/install/vegabot_description/share/vegabot_description/models/aws_robomaker_residential_Trash_01/materials
[0.732s] -- Up-to-date: /home/spkmak/vegabot_ws/install/vegabot_description/share/vegabot_description/models/aws_robomaker_residential_Trash_01/materials/textures
[0.732s] -- Up-to-date: /home/spkmak/vegabot_ws/install/vegabot_description/share/vegabot_description/models/aws_robomaker_residential_Trash_01/materials/textures/aws_Trash_01.png
[0.732s] -- Up-to-date: /home/spkmak/vegabot_ws/install/vegabot_description/share/vegabot_description/models/aws_robomaker_warehouse_WallB_01
[0.733s] -- Up-to-date: /home/spkmak/vegabot_ws/install/vegabot_description/share/vegabot_description/models/aws_robomaker_warehouse_WallB_01/meshes
[0.733s] -- Up-to-date: /home/spkmak/vegabot_ws/install/vegabot_description/share/vegabot_description/models/aws_robomaker_warehouse_WallB_01/meshes/aws_robomaker_warehouse_WallB_01_collision.DAE
[0.733s] -- Up-to-date: /home/spkmak/vegabot_ws/install/vegabot_description/share/vegabot_description/models/aws_robomaker_warehouse_WallB_01/meshes/aws_robomaker_warehouse_WallB_01_visual.DAE
[0.733s] -- Up-to-date: /home/spkmak/vegabot_ws/install/vegabot_description/share/vegabot_description/models/aws_robomaker_warehouse_WallB_01/model.config
[0.734s] -- Up-to-date: /home/spkmak/vegabot_ws/install/vegabot_description/share/vegabot_description/models/aws_robomaker_warehouse_WallB_01/model.sdf
[0.734s] -- Up-to-date: /home/spkmak/vegabot_ws/install/vegabot_description/share/vegabot_description/models/aws_robomaker_warehouse_WallB_01/materials
[0.734s] -- Up-to-date: /home/spkmak/vegabot_ws/install/vegabot_description/share/vegabot_description/models/aws_robomaker_warehouse_WallB_01/materials/textures
[0.735s] -- Up-to-date: /home/spkmak/vegabot_ws/install/vegabot_description/share/vegabot_description/models/aws_robomaker_warehouse_WallB_01/materials/textures/aws_robomaker_warehouse_WallB_01.png
[0.735s] -- Up-to-date: /home/spkmak/vegabot_ws/install/vegabot_description/share/vegabot_description/models/aws_robomaker_warehouse_GroundB_01
[0.735s] -- Up-to-date: /home/spkmak/vegabot_ws/install/vegabot_description/share/vegabot_description/models/aws_robomaker_warehouse_GroundB_01/meshes
[0.735s] -- Up-to-date: /home/spkmak/vegabot_ws/install/vegabot_description/share/vegabot_description/models/aws_robomaker_warehouse_GroundB_01/meshes/aws_robomaker_warehouse_GroundB_01_visual.DAE
[0.736s] -- Up-to-date: /home/spkmak/vegabot_ws/install/vegabot_description/share/vegabot_description/models/aws_robomaker_warehouse_GroundB_01/meshes/aws_robomaker_warehouse_GroundB_01_collision.DAE
[0.736s] -- Up-to-date: /home/spkmak/vegabot_ws/install/vegabot_description/share/vegabot_description/models/aws_robomaker_warehouse_GroundB_01/model.config
[0.736s] -- Up-to-date: /home/spkmak/vegabot_ws/install/vegabot_description/share/vegabot_description/models/aws_robomaker_warehouse_GroundB_01/model.sdf
[0.737s] -- Up-to-date: /home/spkmak/vegabot_ws/install/vegabot_description/share/vegabot_description/models/aws_robomaker_warehouse_GroundB_01/materials
[0.737s] -- Up-to-date: /home/spkmak/vegabot_ws/install/vegabot_description/share/vegabot_description/models/aws_robomaker_warehouse_GroundB_01/materials/textures
[0.737s] -- Up-to-date: /home/spkmak/vegabot_ws/install/vegabot_description/share/vegabot_description/models/aws_robomaker_warehouse_GroundB_01/materials/textures/aws_robomaker_warehouse_GroundB_01.png
[0.737s] -- Up-to-date: /home/spkmak/vegabot_ws/install/vegabot_description/share/vegabot_description/models/aws_robomaker_warehouse_GroundB_01/materials/textures/aws_robomaker_warehouse_GroundB_02.png
[0.738s] -- Up-to-date: /home/spkmak/vegabot_ws/install/vegabot_description/share/vegabot_description/models/aws_robomaker_residential_DeskPortraitA_01
[0.738s] -- Up-to-date: /home/spkmak/vegabot_ws/install/vegabot_description/share/vegabot_description/models/aws_robomaker_residential_DeskPortraitA_01/meshes
[0.738s] -- Up-to-date: /home/spkmak/vegabot_ws/install/vegabot_description/share/vegabot_description/models/aws_robomaker_residential_DeskPortraitA_01/meshes/aws_DeskPortraitA_01_collision.DAE
[0.739s] -- Up-to-date: /home/spkmak/vegabot_ws/install/vegabot_description/share/vegabot_description/models/aws_robomaker_residential_DeskPortraitA_01/meshes/aws_DeskPortraitA_01_visual.DAE
[0.739s] -- Up-to-date: /home/spkmak/vegabot_ws/install/vegabot_description/share/vegabot_description/models/aws_robomaker_residential_DeskPortraitA_01/model.config
[0.739s] -- Up-to-date: /home/spkmak/vegabot_ws/install/vegabot_description/share/vegabot_description/models/aws_robomaker_residential_DeskPortraitA_01/model.sdf
[0.739s] -- Up-to-date: /home/spkmak/vegabot_ws/install/vegabot_description/share/vegabot_description/models/aws_robomaker_residential_DeskPortraitA_01/materials
[0.740s] -- Up-to-date: /home/spkmak/vegabot_ws/install/vegabot_description/share/vegabot_description/models/aws_robomaker_residential_DeskPortraitA_01/materials/textures
[0.740s] -- Up-to-date: /home/spkmak/vegabot_ws/install/vegabot_description/share/vegabot_description/models/aws_robomaker_residential_DeskPortraitA_01/materials/textures/aws_DeskPortraitA_02.png
[0.740s] -- Up-to-date: /home/spkmak/vegabot_ws/install/vegabot_description/share/vegabot_description/models/aws_robomaker_residential_DeskPortraitA_01/materials/textures/aws_DeskPortraitA_01.png
[0.740s] -- Up-to-date: /home/spkmak/vegabot_ws/install/vegabot_description/share/vegabot_description/models/aws_robomaker_warehouse_ShelfD_01
[0.741s] -- Up-to-date: /home/spkmak/vegabot_ws/install/vegabot_description/share/vegabot_description/models/aws_robomaker_warehouse_ShelfD_01/meshes
[0.741s] -- Up-to-date: /home/spkmak/vegabot_ws/install/vegabot_description/share/vegabot_description/models/aws_robomaker_warehouse_ShelfD_01/meshes/aws_robomaker_warehouse_ShelfD_01_collision.DAE
[0.741s] -- Up-to-date: /home/spkmak/vegabot_ws/install/vegabot_description/share/vegabot_description/models/aws_robomaker_warehouse_ShelfD_01/meshes/aws_robomaker_warehouse_ShelfD_01_visual.DAE
[0.742s] -- Up-to-date: /home/spkmak/vegabot_ws/install/vegabot_description/share/vegabot_description/models/aws_robomaker_warehouse_ShelfD_01/model.config
[0.742s] -- Up-to-date: /home/spkmak/vegabot_ws/install/vegabot_description/share/vegabot_description/models/aws_robomaker_warehouse_ShelfD_01/model.sdf
[0.742s] -- Up-to-date: /home/spkmak/vegabot_ws/install/vegabot_description/share/vegabot_description/models/aws_robomaker_warehouse_ShelfD_01/materials
[0.742s] -- Up-to-date: /home/spkmak/vegabot_ws/install/vegabot_description/share/vegabot_description/models/aws_robomaker_warehouse_ShelfD_01/materials/textures
[0.743s] -- Up-to-date: /home/spkmak/vegabot_ws/install/vegabot_description/share/vegabot_description/models/aws_robomaker_warehouse_ShelfD_01/materials/textures/aws_robomaker_warehouse_ShelfD_01.png
[0.743s] -- Up-to-date: /home/spkmak/vegabot_ws/install/vegabot_description/share/vegabot_description/models/aws_robomaker_warehouse_ShelfD_01/materials/textures/aws_robomaker_warehouse_ShelfD_04.png
[0.743s] -- Up-to-date: /home/spkmak/vegabot_ws/install/vegabot_description/share/vegabot_description/models/aws_robomaker_warehouse_ShelfD_01/materials/textures/aws_robomaker_warehouse_ShelfD_03.png
[0.744s] -- Up-to-date: /home/spkmak/vegabot_ws/install/vegabot_description/share/vegabot_description/models/aws_robomaker_warehouse_ShelfD_01/materials/textures/aws_robomaker_warehouse_ShelfD_02.png
[0.744s] -- Up-to-date: /home/spkmak/vegabot_ws/install/vegabot_description/share/vegabot_description/models/aws_robomaker_residential_FloorB_01
[0.744s] -- Up-to-date: /home/spkmak/vegabot_ws/install/vegabot_description/share/vegabot_description/models/aws_robomaker_residential_FloorB_01/meshes
[0.744s] -- Up-to-date: /home/spkmak/vegabot_ws/install/vegabot_description/share/vegabot_description/models/aws_robomaker_residential_FloorB_01/meshes/aws_FloorB_01_collision.DAE
[0.745s] -- Up-to-date: /home/spkmak/vegabot_ws/install/vegabot_description/share/vegabot_description/models/aws_robomaker_residential_FloorB_01/meshes/aws_FloorB_01_visual.DAE
[0.745s] -- Up-to-date: /home/spkmak/vegabot_ws/install/vegabot_description/share/vegabot_description/models/aws_robomaker_residential_FloorB_01/model.config
[0.745s] -- Up-to-date: /home/spkmak/vegabot_ws/install/vegabot_description/share/vegabot_description/models/aws_robomaker_residential_FloorB_01/model.sdf
[0.746s] -- Up-to-date: /home/spkmak/vegabot_ws/install/vegabot_description/share/vegabot_description/models/aws_robomaker_residential_FloorB_01/materials
[0.746s] -- Up-to-date: /home/spkmak/vegabot_ws/install/vegabot_description/share/vegabot_description/models/aws_robomaker_residential_FloorB_01/materials/textures
[0.746s] -- Up-to-date: /home/spkmak/vegabot_ws/install/vegabot_description/share/vegabot_description/models/aws_robomaker_residential_FloorB_01/materials/textures/aws_FloorB_01.png
[0.746s] -- Up-to-date: /home/spkmak/vegabot_ws/install/vegabot_description/share/vegabot_description/models/aws_robomaker_residential_Quilt_01
[0.747s] -- Up-to-date: /home/spkmak/vegabot_ws/install/vegabot_description/share/vegabot_description/models/aws_robomaker_residential_Quilt_01/meshes
[0.747s] -- Up-to-date: /home/spkmak/vegabot_ws/install/vegabot_description/share/vegabot_description/models/aws_robomaker_residential_Quilt_01/meshes/aws_Quilt_01_collision.DAE
[0.747s] -- Up-to-date: /home/spkmak/vegabot_ws/install/vegabot_description/share/vegabot_description/models/aws_robomaker_residential_Quilt_01/meshes/aws_Quilt_01_visual.DAE
[0.748s] -- Up-to-date: /home/spkmak/vegabot_ws/install/vegabot_description/share/vegabot_description/models/aws_robomaker_residential_Quilt_01/model.config
[0.748s] -- Up-to-date: /home/spkmak/vegabot_ws/install/vegabot_description/share/vegabot_description/models/aws_robomaker_residential_Quilt_01/model.sdf
[0.748s] -- Up-to-date: /home/spkmak/vegabot_ws/install/vegabot_description/share/vegabot_description/models/aws_robomaker_residential_Quilt_01/materials
[0.749s] -- Up-to-date: /home/spkmak/vegabot_ws/install/vegabot_description/share/vegabot_description/models/aws_robomaker_residential_Quilt_01/materials/textures
[0.749s] -- Up-to-date: /home/spkmak/vegabot_ws/install/vegabot_description/share/vegabot_description/models/aws_robomaker_residential_Quilt_01/materials/textures/aws_Quilt_01.png
[0.749s] -- Up-to-date: /home/spkmak/vegabot_ws/install/vegabot_description/share/vegabot_description/models/aws_robomaker_residential_Carpet_01
[0.749s] -- Up-to-date: /home/spkmak/vegabot_ws/install/vegabot_description/share/vegabot_description/models/aws_robomaker_residential_Carpet_01/meshes
[0.750s] -- Up-to-date: /home/spkmak/vegabot_ws/install/vegabot_description/share/vegabot_description/models/aws_robomaker_residential_Carpet_01/meshes/aws_Carpet_01_collision.DAE
[0.750s] -- Up-to-date: /home/spkmak/vegabot_ws/install/vegabot_description/share/vegabot_description/models/aws_robomaker_residential_Carpet_01/meshes/aws_Carpet_01_visual.DAE
[0.750s] -- Up-to-date: /home/spkmak/vegabot_ws/install/vegabot_description/share/vegabot_description/models/aws_robomaker_residential_Carpet_01/model.config
[0.751s] -- Up-to-date: /home/spkmak/vegabot_ws/install/vegabot_description/share/vegabot_description/models/aws_robomaker_residential_Carpet_01/model.sdf
[0.751s] -- Up-to-date: /home/spkmak/vegabot_ws/install/vegabot_description/share/vegabot_description/models/aws_robomaker_residential_Carpet_01/materials
[0.751s] -- Up-to-date: /home/spkmak/vegabot_ws/install/vegabot_description/share/vegabot_description/models/aws_robomaker_residential_Carpet_01/materials/textures
[0.751s] -- Up-to-date: /home/spkmak/vegabot_ws/install/vegabot_description/share/vegabot_description/models/aws_robomaker_residential_Carpet_01/materials/textures/aws_Carpet_01.png
[0.752s] -- Up-to-date: /home/spkmak/vegabot_ws/install/vegabot_description/share/vegabot_description/models/aws_robomaker_residential_ShoeRack_01
[0.752s] -- Up-to-date: /home/spkmak/vegabot_ws/install/vegabot_description/share/vegabot_description/models/aws_robomaker_residential_ShoeRack_01/meshes
[0.752s] -- Up-to-date: /home/spkmak/vegabot_ws/install/vegabot_description/share/vegabot_description/models/aws_robomaker_residential_ShoeRack_01/meshes/aws_ShoeRack_01_collision.DAE
[0.752s] -- Up-to-date: /home/spkmak/vegabot_ws/install/vegabot_description/share/vegabot_description/models/aws_robomaker_residential_ShoeRack_01/meshes/aws_ShoeRack_01_visual.DAE
[0.753s] -- Up-to-date: /home/spkmak/vegabot_ws/install/vegabot_description/share/vegabot_description/models/aws_robomaker_residential_ShoeRack_01/model.config
[0.753s] -- Up-to-date: /home/spkmak/vegabot_ws/install/vegabot_description/share/vegabot_description/models/aws_robomaker_residential_ShoeRack_01/model.sdf
[0.753s] -- Up-to-date: /home/spkmak/vegabot_ws/install/vegabot_description/share/vegabot_description/models/aws_robomaker_residential_ShoeRack_01/materials
[0.753s] -- Up-to-date: /home/spkmak/vegabot_ws/install/vegabot_description/share/vegabot_description/models/aws_robomaker_residential_ShoeRack_01/materials/textures
[0.754s] -- Up-to-date: /home/spkmak/vegabot_ws/install/vegabot_description/share/vegabot_description/models/aws_robomaker_residential_ShoeRack_01/materials/textures/aws_ShoeRack_01.png
[0.754s] -- Up-to-date: /home/spkmak/vegabot_ws/install/vegabot_description/share/vegabot_description/models/aws_robomaker_residential_TVCabinet_01
[0.754s] -- Up-to-date: /home/spkmak/vegabot_ws/install/vegabot_description/share/vegabot_description/models/aws_robomaker_residential_TVCabinet_01/meshes
[0.755s] -- Up-to-date: /home/spkmak/vegabot_ws/install/vegabot_description/share/vegabot_description/models/aws_robomaker_residential_TVCabinet_01/meshes/aws_TVCabinet_01_collision.DAE
[0.755s] -- Up-to-date: /home/spkmak/vegabot_ws/install/vegabot_description/share/vegabot_description/models/aws_robomaker_residential_TVCabinet_01/meshes/aws_TVCabinet_01_visual.DAE
[0.755s] -- Up-to-date: /home/spkmak/vegabot_ws/install/vegabot_description/share/vegabot_description/models/aws_robomaker_residential_TVCabinet_01/model.config
[0.755s] -- Up-to-date: /home/spkmak/vegabot_ws/install/vegabot_description/share/vegabot_description/models/aws_robomaker_residential_TVCabinet_01/model.sdf
[0.756s] -- Up-to-date: /home/spkmak/vegabot_ws/install/vegabot_description/share/vegabot_description/models/aws_robomaker_residential_TVCabinet_01/materials
[0.756s] -- Up-to-date: /home/spkmak/vegabot_ws/install/vegabot_description/share/vegabot_description/models/aws_robomaker_residential_TVCabinet_01/materials/textures
[0.756s] -- Up-to-date: /home/spkmak/vegabot_ws/install/vegabot_description/share/vegabot_description/models/aws_robomaker_residential_TVCabinet_01/materials/textures/aws_TVCabinet_01.png
[0.756s] -- Up-to-date: /home/spkmak/vegabot_ws/install/vegabot_description/share/vegabot_description/models/aws_robomaker_residential_DeskPortraitA_02
[0.757s] -- Up-to-date: /home/spkmak/vegabot_ws/install/vegabot_description/share/vegabot_description/models/aws_robomaker_residential_DeskPortraitA_02/meshes
[0.757s] -- Up-to-date: /home/spkmak/vegabot_ws/install/vegabot_description/share/vegabot_description/models/aws_robomaker_residential_DeskPortraitA_02/meshes/aws_DeskPortraitA_01_collision.DAE
[0.757s] -- Up-to-date: /home/spkmak/vegabot_ws/install/vegabot_description/share/vegabot_description/models/aws_robomaker_residential_DeskPortraitA_02/meshes/aws_DeskPortraitA_01_visual.DAE
[0.757s] -- Up-to-date: /home/spkmak/vegabot_ws/install/vegabot_description/share/vegabot_description/models/aws_robomaker_residential_DeskPortraitA_02/model.config
[0.758s] -- Up-to-date: /home/spkmak/vegabot_ws/install/vegabot_description/share/vegabot_description/models/aws_robomaker_residential_DeskPortraitA_02/model.sdf
[0.758s] -- Up-to-date: /home/spkmak/vegabot_ws/install/vegabot_description/share/vegabot_description/models/aws_robomaker_residential_DeskPortraitA_02/materials
[0.758s] -- Up-to-date: /home/spkmak/vegabot_ws/install/vegabot_description/share/vegabot_description/models/aws_robomaker_residential_DeskPortraitA_02/materials/textures
[0.759s] -- Up-to-date: /home/spkmak/vegabot_ws/install/vegabot_description/share/vegabot_description/models/aws_robomaker_residential_DeskPortraitA_02/materials/textures/aws_DeskPortraitA_02.png
[0.759s] -- Up-to-date: /home/spkmak/vegabot_ws/install/vegabot_description/share/vegabot_description/models/aws_robomaker_residential_DeskPortraitA_02/materials/textures/aws_DeskPortraitA_01.png
[0.759s] -- Up-to-date: /home/spkmak/vegabot_ws/install/vegabot_description/share/vegabot_description/models/aws_robomaker_warehouse_ShelfE_01
[0.759s] -- Up-to-date: /home/spkmak/vegabot_ws/install/vegabot_description/share/vegabot_description/models/aws_robomaker_warehouse_ShelfE_01/meshes
[0.761s] -- Up-to-date: /home/spkmak/vegabot_ws/install/vegabot_description/share/vegabot_description/models/aws_robomaker_warehouse_ShelfE_01/meshes/aws_robomaker_warehouse_ShelfE_01_collision.DAE
[0.761s] -- Up-to-date: /home/spkmak/vegabot_ws/install/vegabot_description/share/vegabot_description/models/aws_robomaker_warehouse_ShelfE_01/meshes/aws_robomaker_warehouse_ShelfE_01_visual.DAE
[0.762s] -- Up-to-date: /home/spkmak/vegabot_ws/install/vegabot_description/share/vegabot_description/models/aws_robomaker_warehouse_ShelfE_01/model.config
[0.763s] -- Up-to-date: /home/spkmak/vegabot_ws/install/vegabot_description/share/vegabot_description/models/aws_robomaker_warehouse_ShelfE_01/model.sdf
[0.763s] -- Up-to-date: /home/spkmak/vegabot_ws/install/vegabot_description/share/vegabot_description/models/aws_robomaker_warehouse_ShelfE_01/.DS_Store
[0.763s] -- Up-to-date: /home/spkmak/vegabot_ws/install/vegabot_description/share/vegabot_description/models/aws_robomaker_warehouse_ShelfE_01/materials
[0.764s] -- Up-to-date: /home/spkmak/vegabot_ws/install/vegabot_description/share/vegabot_description/models/aws_robomaker_warehouse_ShelfE_01/materials/textures
[0.764s] -- Up-to-date: /home/spkmak/vegabot_ws/install/vegabot_description/share/vegabot_description/models/aws_robomaker_warehouse_ShelfE_01/materials/textures/aws_robomaker_warehouse_ShelfE_03.png
[0.765s] -- Up-to-date: /home/spkmak/vegabot_ws/install/vegabot_description/share/vegabot_description/models/aws_robomaker_warehouse_ShelfE_01/materials/textures/aws_robomaker_warehouse_ShelfE_01.png
[0.765s] -- Up-to-date: /home/spkmak/vegabot_ws/install/vegabot_description/share/vegabot_description/models/aws_robomaker_warehouse_ShelfE_01/materials/textures/aws_robomaker_warehouse_ShelfE_04.png
[0.766s] -- Up-to-date: /home/spkmak/vegabot_ws/install/vegabot_description/share/vegabot_description/models/aws_robomaker_warehouse_ShelfE_01/materials/textures/aws_robomaker_warehouse_ShelfE_02.png
[0.767s] -- Up-to-date: /home/spkmak/vegabot_ws/install/vegabot_description/share/vegabot_description/models/aws_robomaker_warehouse_ShelfE_01/materials/.DS_Store
[0.767s] -- Up-to-date: /home/spkmak/vegabot_ws/install/vegabot_description/share/vegabot_description/models/aws_robomaker_residential_CookingBench_01
[0.768s] -- Up-to-date: /home/spkmak/vegabot_ws/install/vegabot_description/share/vegabot_description/models/aws_robomaker_residential_CookingBench_01/meshes
[0.768s] -- Up-to-date: /home/spkmak/vegabot_ws/install/vegabot_description/share/vegabot_description/models/aws_robomaker_residential_CookingBench_01/meshes/aws_CookingBench_01.DAE
[0.770s] -- Up-to-date: /home/spkmak/vegabot_ws/install/vegabot_description/share/vegabot_description/models/aws_robomaker_residential_CookingBench_01/meshes/aws_CookingBench_01_collision.DAE
[0.772s] -- Up-to-date: /home/spkmak/vegabot_ws/install/vegabot_description/share/vegabot_description/models/aws_robomaker_residential_CookingBench_01/meshes/aws_CookingBench_01_visual.DAE
[0.773s] -- Up-to-date: /home/spkmak/vegabot_ws/install/vegabot_description/share/vegabot_description/models/aws_robomaker_residential_CookingBench_01/model.config
[0.774s] -- Up-to-date: /home/spkmak/vegabot_ws/install/vegabot_description/share/vegabot_description/models/aws_robomaker_residential_CookingBench_01/model.sdf
[0.775s] -- Up-to-date: /home/spkmak/vegabot_ws/install/vegabot_description/share/vegabot_description/models/aws_robomaker_residential_CookingBench_01/materials
[0.775s] -- Up-to-date: /home/spkmak/vegabot_ws/install/vegabot_description/share/vegabot_description/models/aws_robomaker_residential_CookingBench_01/materials/textures
[0.776s] -- Up-to-date: /home/spkmak/vegabot_ws/install/vegabot_description/share/vegabot_description/models/aws_robomaker_residential_CookingBench_01/materials/textures/aws_CookingBench_01.png
[0.777s] -- Up-to-date: /home/spkmak/vegabot_ws/install/vegabot_description/share/vegabot_description/models/aws_robomaker_residential_Sofa_01
[0.777s] -- Up-to-date: /home/spkmak/vegabot_ws/install/vegabot_description/share/vegabot_description/models/aws_robomaker_residential_Sofa_01/meshes
[0.777s] -- Up-to-date: /home/spkmak/vegabot_ws/install/vegabot_description/share/vegabot_description/models/aws_robomaker_residential_Sofa_01/meshes/aws_Sofa_01_collision.DAE
[0.778s] -- Up-to-date: /home/spkmak/vegabot_ws/install/vegabot_description/share/vegabot_description/models/aws_robomaker_residential_Sofa_01/meshes/aws_Sofa_01_visual.DAE
[0.779s] -- Up-to-date: /home/spkmak/vegabot_ws/install/vegabot_description/share/vegabot_description/models/aws_robomaker_residential_Sofa_01/meshes/aws_Sofa_01.DAE
[0.779s] -- Up-to-date: /home/spkmak/vegabot_ws/install/vegabot_description/share/vegabot_description/models/aws_robomaker_residential_Sofa_01/model.config
[0.780s] -- Up-to-date: /home/spkmak/vegabot_ws/install/vegabot_description/share/vegabot_description/models/aws_robomaker_residential_Sofa_01/model.sdf
[0.780s] -- Up-to-date: /home/spkmak/vegabot_ws/install/vegabot_description/share/vegabot_description/models/aws_robomaker_residential_Sofa_01/materials
[0.781s] -- Up-to-date: /home/spkmak/vegabot_ws/install/vegabot_description/share/vegabot_description/models/aws_robomaker_residential_Sofa_01/materials/textures
[0.782s] -- Up-to-date: /home/spkmak/vegabot_ws/install/vegabot_description/share/vegabot_description/models/aws_robomaker_residential_Sofa_01/materials/textures/aws_Sofa_01.png
[0.782s] -- Up-to-date: /home/spkmak/vegabot_ws/install/vegabot_description/share/vegabot_description/models/aws_robomaker_residential_Wardrobe_01
[0.782s] -- Up-to-date: /home/spkmak/vegabot_ws/install/vegabot_description/share/vegabot_description/models/aws_robomaker_residential_Wardrobe_01/meshes
[0.783s] -- Up-to-date: /home/spkmak/vegabot_ws/install/vegabot_description/share/vegabot_description/models/aws_robomaker_residential_Wardrobe_01/meshes/aws_Wardrobe_01_collision.DAE
[0.783s] -- Up-to-date: /home/spkmak/vegabot_ws/install/vegabot_description/share/vegabot_description/models/aws_robomaker_residential_Wardrobe_01/meshes/aws_Wardrobe_01_visual.DAE
[0.784s] -- Up-to-date: /home/spkmak/vegabot_ws/install/vegabot_description/share/vegabot_description/models/aws_robomaker_residential_Wardrobe_01/model.config
[0.784s] -- Up-to-date: /home/spkmak/vegabot_ws/install/vegabot_description/share/vegabot_description/models/aws_robomaker_residential_Wardrobe_01/model.sdf
[0.785s] -- Up-to-date: /home/spkmak/vegabot_ws/install/vegabot_description/share/vegabot_description/models/aws_robomaker_residential_Wardrobe_01/materials
[0.785s] -- Up-to-date: /home/spkmak/vegabot_ws/install/vegabot_description/share/vegabot_description/models/aws_robomaker_residential_Wardrobe_01/materials/textures
[0.786s] -- Up-to-date: /home/spkmak/vegabot_ws/install/vegabot_description/share/vegabot_description/models/aws_robomaker_residential_Wardrobe_01/materials/textures/aws_Wardrobe_01.png
[0.786s] -- Up-to-date: /home/spkmak/vegabot_ws/install/vegabot_description/share/vegabot_description/models/aws_robomaker_residential_SeasoningBox_01
[0.787s] -- Up-to-date: /home/spkmak/vegabot_ws/install/vegabot_description/share/vegabot_description/models/aws_robomaker_residential_SeasoningBox_01/meshes
[0.788s] -- Up-to-date: /home/spkmak/vegabot_ws/install/vegabot_description/share/vegabot_description/models/aws_robomaker_residential_SeasoningBox_01/meshes/aws_SeasoningBox_01_visual.DAE
[0.789s] -- Up-to-date: /home/spkmak/vegabot_ws/install/vegabot_description/share/vegabot_description/models/aws_robomaker_residential_SeasoningBox_01/meshes/aws_SeasoningBox_01_collision.DAE
[0.790s] -- Up-to-date: /home/spkmak/vegabot_ws/install/vegabot_description/share/vegabot_description/models/aws_robomaker_residential_SeasoningBox_01/model.config
[0.791s] -- Up-to-date: /home/spkmak/vegabot_ws/install/vegabot_description/share/vegabot_description/models/aws_robomaker_residential_SeasoningBox_01/model.sdf
[0.792s] -- Up-to-date: /home/spkmak/vegabot_ws/install/vegabot_description/share/vegabot_description/models/aws_robomaker_residential_SeasoningBox_01/materials
[0.792s] -- Up-to-date: /home/spkmak/vegabot_ws/install/vegabot_description/share/vegabot_description/models/aws_robomaker_residential_SeasoningBox_01/materials/textures
[0.793s] -- Up-to-date: /home/spkmak/vegabot_ws/install/vegabot_description/share/vegabot_description/models/aws_robomaker_residential_SeasoningBox_01/materials/textures/aws_SeasoningBox_01.png
[0.794s] -- Up-to-date: /home/spkmak/vegabot_ws/install/vegabot_description/share/vegabot_description/models/aws_robomaker_residential_ReadingDesk_01
[0.794s] -- Up-to-date: /home/spkmak/vegabot_ws/install/vegabot_description/share/vegabot_description/models/aws_robomaker_residential_ReadingDesk_01/meshes
[0.794s] -- Up-to-date: /home/spkmak/vegabot_ws/install/vegabot_description/share/vegabot_description/models/aws_robomaker_residential_ReadingDesk_01/meshes/aws_ReadingDesk_01_visual.DAE
[0.795s] -- Up-to-date: /home/spkmak/vegabot_ws/install/vegabot_description/share/vegabot_description/models/aws_robomaker_residential_ReadingDesk_01/meshes/aws_ReadingDesk_01_collision.DAE
[0.795s] -- Up-to-date: /home/spkmak/vegabot_ws/install/vegabot_description/share/vegabot_description/models/aws_robomaker_residential_ReadingDesk_01/model.config
[0.795s] -- Up-to-date: /home/spkmak/vegabot_ws/install/vegabot_description/share/vegabot_description/models/aws_robomaker_residential_ReadingDesk_01/model.sdf
[0.796s] -- Up-to-date: /home/spkmak/vegabot_ws/install/vegabot_description/share/vegabot_description/models/aws_robomaker_residential_ReadingDesk_01/materials
[0.796s] -- Up-to-date: /home/spkmak/vegabot_ws/install/vegabot_description/share/vegabot_description/models/aws_robomaker_residential_ReadingDesk_01/materials/textures
[0.796s] -- Up-to-date: /home/spkmak/vegabot_ws/install/vegabot_description/share/vegabot_description/models/aws_robomaker_residential_ReadingDesk_01/materials/textures/aws_ReadingDesk_01.png
[0.797s] -- Up-to-date: /home/spkmak/vegabot_ws/install/vegabot_description/share/vegabot_description/models/aws_robomaker_residential_Chandelier_01
[0.797s] -- Up-to-date: /home/spkmak/vegabot_ws/install/vegabot_description/share/vegabot_description/models/aws_robomaker_residential_Chandelier_01/meshes
[0.798s] -- Up-to-date: /home/spkmak/vegabot_ws/install/vegabot_description/share/vegabot_description/models/aws_robomaker_residential_Chandelier_01/meshes/aws_Chandelier_01_visual.DAE
[0.798s] -- Up-to-date: /home/spkmak/vegabot_ws/install/vegabot_description/share/vegabot_description/models/aws_robomaker_residential_Chandelier_01/meshes/aws_Chandelier_01.DAE
[0.798s] -- Up-to-date: /home/spkmak/vegabot_ws/install/vegabot_description/share/vegabot_description/models/aws_robomaker_residential_Chandelier_01/meshes/aws_Chandelier_01_collision.DAE
[0.799s] -- Up-to-date: /home/spkmak/vegabot_ws/install/vegabot_description/share/vegabot_description/models/aws_robomaker_residential_Chandelier_01/model.config
[0.799s] -- Up-to-date: /home/spkmak/vegabot_ws/install/vegabot_description/share/vegabot_description/models/aws_robomaker_residential_Chandelier_01/model.sdf
[0.799s] -- Up-to-date: /home/spkmak/vegabot_ws/install/vegabot_description/share/vegabot_description/models/aws_robomaker_residential_Chandelier_01/materials
[0.800s] -- Up-to-date: /home/spkmak/vegabot_ws/install/vegabot_description/share/vegabot_description/models/aws_robomaker_residential_Chandelier_01/materials/textures
[0.800s] -- Up-to-date: /home/spkmak/vegabot_ws/install/vegabot_description/share/vegabot_description/models/aws_robomaker_residential_Chandelier_01/materials/textures/aws_Chandelier_01.png
[0.800s] -- Up-to-date: /home/spkmak/vegabot_ws/install/vegabot_description/share/vegabot_description/models/marker1
[0.801s] -- Up-to-date: /home/spkmak/vegabot_ws/install/vegabot_description/share/vegabot_description/models/marker1/meshes
[0.801s] -- Up-to-date: /home/spkmak/vegabot_ws/install/vegabot_description/share/vegabot_description/models/marker1/meshes/Marker1.dae
[0.801s] -- Up-to-date: /home/spkmak/vegabot_ws/install/vegabot_description/share/vegabot_description/models/marker1/model.config
[0.802s] -- Up-to-date: /home/spkmak/vegabot_ws/install/vegabot_description/share/vegabot_description/models/marker1/model.sdf
[0.802s] -- Up-to-date: /home/spkmak/vegabot_ws/install/vegabot_description/share/vegabot_description/models/marker1/materials
[0.802s] -- Up-to-date: /home/spkmak/vegabot_ws/install/vegabot_description/share/vegabot_description/models/marker1/materials/textures
[0.802s] -- Up-to-date: /home/spkmak/vegabot_ws/install/vegabot_description/share/vegabot_description/models/marker1/materials/textures/Marker1.png
[0.803s] -- Up-to-date: /home/spkmak/vegabot_ws/install/vegabot_description/share/vegabot_description/models/aws_robomaker_residential_DeskPortraitB_01
[0.803s] -- Up-to-date: /home/spkmak/vegabot_ws/install/vegabot_description/share/vegabot_description/models/aws_robomaker_residential_DeskPortraitB_01/meshes
[0.803s] -- Up-to-date: /home/spkmak/vegabot_ws/install/vegabot_description/share/vegabot_description/models/aws_robomaker_residential_DeskPortraitB_01/meshes/aws_DeskPortraitB_01_collision.DAE
[0.804s] -- Up-to-date: /home/spkmak/vegabot_ws/install/vegabot_description/share/vegabot_description/models/aws_robomaker_residential_DeskPortraitB_01/meshes/aws_DeskPortraitB_01_visual.DAE
[0.804s] -- Up-to-date: /home/spkmak/vegabot_ws/install/vegabot_description/share/vegabot_description/models/aws_robomaker_residential_DeskPortraitB_01/model.config
[0.804s] -- Up-to-date: /home/spkmak/vegabot_ws/install/vegabot_description/share/vegabot_description/models/aws_robomaker_residential_DeskPortraitB_01/model.sdf
[0.805s] -- Up-to-date: /home/spkmak/vegabot_ws/install/vegabot_description/share/vegabot_description/models/aws_robomaker_residential_DeskPortraitB_01/materials
[0.805s] -- Up-to-date: /home/spkmak/vegabot_ws/install/vegabot_description/share/vegabot_description/models/aws_robomaker_residential_DeskPortraitB_01/materials/textures
[0.805s] -- Up-to-date: /home/spkmak/vegabot_ws/install/vegabot_description/share/vegabot_description/models/aws_robomaker_residential_DeskPortraitB_01/materials/textures/aws_DeskPortraitB_02.png
[0.805s] -- Up-to-date: /home/spkmak/vegabot_ws/install/vegabot_description/share/vegabot_description/models/aws_robomaker_residential_DeskPortraitB_01/materials/textures/aws_DeskPortraitB_01.png
[0.806s] -- Up-to-date: /home/spkmak/vegabot_ws/install/vegabot_description/share/vegabot_description/models/aws_robomaker_residential_DeskPortraitC_02
[0.806s] -- Up-to-date: /home/spkmak/vegabot_ws/install/vegabot_description/share/vegabot_description/models/aws_robomaker_residential_DeskPortraitC_02/meshes
[0.806s] -- Up-to-date: /home/spkmak/vegabot_ws/install/vegabot_description/share/vegabot_description/models/aws_robomaker_residential_DeskPortraitC_02/meshes/aws_DeskPortraitC_01_collision.DAE
[0.807s] -- Up-to-date: /home/spkmak/vegabot_ws/install/vegabot_description/share/vegabot_description/models/aws_robomaker_residential_DeskPortraitC_02/meshes/aws_DeskPortraitC_01_visual.DAE
[0.807s] -- Up-to-date: /home/spkmak/vegabot_ws/install/vegabot_description/share/vegabot_description/models/aws_robomaker_residential_DeskPortraitC_02/model.config
[0.807s] -- Up-to-date: /home/spkmak/vegabot_ws/install/vegabot_description/share/vegabot_description/models/aws_robomaker_residential_DeskPortraitC_02/model.sdf
[0.808s] -- Up-to-date: /home/spkmak/vegabot_ws/install/vegabot_description/share/vegabot_description/models/aws_robomaker_residential_DeskPortraitC_02/materials
[0.808s] -- Up-to-date: /home/spkmak/vegabot_ws/install/vegabot_description/share/vegabot_description/models/aws_robomaker_residential_DeskPortraitC_02/materials/textures
[0.808s] -- Up-to-date: /home/spkmak/vegabot_ws/install/vegabot_description/share/vegabot_description/models/aws_robomaker_residential_DeskPortraitC_02/materials/textures/aws_DeskPortraitC_01.png
[0.809s] -- Up-to-date: /home/spkmak/vegabot_ws/install/vegabot_description/share/vegabot_description/models/aws_robomaker_residential_DeskPortraitC_02/materials/textures/aws_DeskPortraitC_02.png
[0.809s] -- Up-to-date: /home/spkmak/vegabot_ws/install/vegabot_description/share/vegabot_description/models/aws_robomaker_residential_SofaC_01
[0.809s] -- Up-to-date: /home/spkmak/vegabot_ws/install/vegabot_description/share/vegabot_description/models/aws_robomaker_residential_SofaC_01/meshes
[0.809s] -- Up-to-date: /home/spkmak/vegabot_ws/install/vegabot_description/share/vegabot_description/models/aws_robomaker_residential_SofaC_01/meshes/aws_SofaC_01_collision.DAE
[0.810s] -- Up-to-date: /home/spkmak/vegabot_ws/install/vegabot_description/share/vegabot_description/models/aws_robomaker_residential_SofaC_01/meshes/aws_SofaC_01_visual.DAE
[0.810s] -- Up-to-date: /home/spkmak/vegabot_ws/install/vegabot_description/share/vegabot_description/models/aws_robomaker_residential_SofaC_01/model.config
[0.810s] -- Up-to-date: /home/spkmak/vegabot_ws/install/vegabot_description/share/vegabot_description/models/aws_robomaker_residential_SofaC_01/model.sdf
[0.811s] -- Up-to-date: /home/spkmak/vegabot_ws/install/vegabot_description/share/vegabot_description/models/aws_robomaker_residential_SofaC_01/materials
[0.811s] -- Up-to-date: /home/spkmak/vegabot_ws/install/vegabot_description/share/vegabot_description/models/aws_robomaker_residential_SofaC_01/materials/textures
[0.811s] -- Up-to-date: /home/spkmak/vegabot_ws/install/vegabot_description/share/vegabot_description/models/aws_robomaker_residential_SofaC_01/materials/textures/aws_SofaC_01.png
[0.812s] -- Up-to-date: /home/spkmak/vegabot_ws/install/vegabot_description/share/vegabot_description/models/marker2
[0.812s] -- Up-to-date: /home/spkmak/vegabot_ws/install/vegabot_description/share/vegabot_description/models/marker2/meshes
[0.812s] -- Up-to-date: /home/spkmak/vegabot_ws/install/vegabot_description/share/vegabot_description/models/marker2/meshes/Marker2.png
[0.813s] -- Up-to-date: /home/spkmak/vegabot_ws/install/vegabot_description/share/vegabot_description/models/marker2/meshes/Marker2.dae
[0.813s] -- Up-to-date: /home/spkmak/vegabot_ws/install/vegabot_description/share/vegabot_description/models/marker2/model.config
[0.813s] -- Up-to-date: /home/spkmak/vegabot_ws/install/vegabot_description/share/vegabot_description/models/marker2/model.sdf
[0.814s] -- Up-to-date: /home/spkmak/vegabot_ws/install/vegabot_description/share/vegabot_description/models/marker2/materials
[0.814s] -- Up-to-date: /home/spkmak/vegabot_ws/install/vegabot_description/share/vegabot_description/models/marker2/materials/textures
[0.814s] -- Up-to-date: /home/spkmak/vegabot_ws/install/vegabot_description/share/vegabot_description/models/marker2/materials/textures/Marker2.png
[0.814s] -- Up-to-date: /home/spkmak/vegabot_ws/install/vegabot_description/share/vegabot_description/models/aws_robomaker_residential_DeskPortraitD_03
[0.815s] -- Up-to-date: /home/spkmak/vegabot_ws/install/vegabot_description/share/vegabot_description/models/aws_robomaker_residential_DeskPortraitD_03/meshes
[0.815s] -- Up-to-date: /home/spkmak/vegabot_ws/install/vegabot_description/share/vegabot_description/models/aws_robomaker_residential_DeskPortraitD_03/meshes/aws_DeskPortraitD_01_collision.DAE
[0.815s] -- Up-to-date: /home/spkmak/vegabot_ws/install/vegabot_description/share/vegabot_description/models/aws_robomaker_residential_DeskPortraitD_03/meshes/aws_DeskPortraitD_01_visual.DAE
[0.816s] -- Up-to-date: /home/spkmak/vegabot_ws/install/vegabot_description/share/vegabot_description/models/aws_robomaker_residential_DeskPortraitD_03/model.config
[0.816s] -- Up-to-date: /home/spkmak/vegabot_ws/install/vegabot_description/share/vegabot_description/models/aws_robomaker_residential_DeskPortraitD_03/model.sdf
[0.816s] -- Up-to-date: /home/spkmak/vegabot_ws/install/vegabot_description/share/vegabot_description/models/aws_robomaker_residential_DeskPortraitD_03/materials
[0.817s] -- Up-to-date: /home/spkmak/vegabot_ws/install/vegabot_description/share/vegabot_description/models/aws_robomaker_residential_DeskPortraitD_03/materials/textures
[0.817s] -- Up-to-date: /home/spkmak/vegabot_ws/install/vegabot_description/share/vegabot_description/models/aws_robomaker_residential_DeskPortraitD_03/materials/textures/aws_DeskPortraitD_02.png
[0.817s] -- Up-to-date: /home/spkmak/vegabot_ws/install/vegabot_description/share/vegabot_description/models/aws_robomaker_residential_DeskPortraitD_03/materials/textures/aws_DeskPortraitD_01.png
[0.817s] -- Up-to-date: /home/spkmak/vegabot_ws/install/vegabot_description/share/vegabot_description/models/aws_robomaker_residential_PortraitA_01
[0.818s] -- Up-to-date: /home/spkmak/vegabot_ws/install/vegabot_description/share/vegabot_description/models/aws_robomaker_residential_PortraitA_01/meshes
[0.818s] -- Up-to-date: /home/spkmak/vegabot_ws/install/vegabot_description/share/vegabot_description/models/aws_robomaker_residential_PortraitA_01/meshes/aws_PortraitA_01_collision.DAE
[0.818s] -- Up-to-date: /home/spkmak/vegabot_ws/install/vegabot_description/share/vegabot_description/models/aws_robomaker_residential_PortraitA_01/meshes/aws_PortraitA_01_visual.DAE
[0.819s] -- Up-to-date: /home/spkmak/vegabot_ws/install/vegabot_description/share/vegabot_description/models/aws_robomaker_residential_PortraitA_01/model.config
[0.819s] -- Up-to-date: /home/spkmak/vegabot_ws/install/vegabot_description/share/vegabot_description/models/aws_robomaker_residential_PortraitA_01/model.sdf
[0.819s] -- Up-to-date: /home/spkmak/vegabot_ws/install/vegabot_description/share/vegabot_description/models/aws_robomaker_residential_PortraitA_01/materials
[0.820s] -- Up-to-date: /home/spkmak/vegabot_ws/install/vegabot_description/share/vegabot_description/models/aws_robomaker_residential_PortraitA_01/materials/textures
[0.820s] -- Up-to-date: /home/spkmak/vegabot_ws/install/vegabot_description/share/vegabot_description/models/aws_robomaker_residential_PortraitA_01/materials/textures/aws_PortraitA_02.png
[0.820s] -- Up-to-date: /home/spkmak/vegabot_ws/install/vegabot_description/share/vegabot_description/models/aws_robomaker_residential_PortraitA_01/materials/textures/aws_PortraitA_01.png
[0.820s] -- Up-to-date: /home/spkmak/vegabot_ws/install/vegabot_description/share/vegabot_description/models/aws_robomaker_residential_FoldingDoor_02
[0.821s] -- Up-to-date: /home/spkmak/vegabot_ws/install/vegabot_description/share/vegabot_description/models/aws_robomaker_residential_FoldingDoor_02/meshes
[0.821s] -- Up-to-date: /home/spkmak/vegabot_ws/install/vegabot_description/share/vegabot_description/models/aws_robomaker_residential_FoldingDoor_02/meshes/aws_FoldingDoor_02_collision.DAE
[0.821s] -- Up-to-date: /home/spkmak/vegabot_ws/install/vegabot_description/share/vegabot_description/models/aws_robomaker_residential_FoldingDoor_02/meshes/aws_FoldingDoor_02_visual.DAE
[0.821s] -- Up-to-date: /home/spkmak/vegabot_ws/install/vegabot_description/share/vegabot_description/models/aws_robomaker_residential_FoldingDoor_02/model.config
[0.822s] -- Up-to-date: /home/spkmak/vegabot_ws/install/vegabot_description/share/vegabot_description/models/aws_robomaker_residential_FoldingDoor_02/model.sdf
[0.822s] -- Up-to-date: /home/spkmak/vegabot_ws/install/vegabot_description/share/vegabot_description/models/aws_robomaker_residential_FoldingDoor_02/materials
[0.822s] -- Up-to-date: /home/spkmak/vegabot_ws/install/vegabot_description/share/vegabot_description/models/aws_robomaker_residential_FoldingDoor_02/materials/textures
[0.823s] -- Up-to-date: /home/spkmak/vegabot_ws/install/vegabot_description/share/vegabot_description/models/aws_robomaker_residential_FoldingDoor_02/materials/textures/aws_FoldingDoor_02.png
[0.823s] -- Up-to-date: /home/spkmak/vegabot_ws/install/vegabot_description/share/vegabot_description/models/aws_robomaker_residential_SecurityCamera_01
[0.823s] -- Up-to-date: /home/spkmak/vegabot_ws/install/vegabot_description/share/vegabot_description/models/aws_robomaker_residential_SecurityCamera_01/meshes
[0.823s] -- Up-to-date: /home/spkmak/vegabot_ws/install/vegabot_description/share/vegabot_description/models/aws_robomaker_residential_SecurityCamera_01/meshes/aws_SecurityCamera_01_collision.DAE
[0.824s] -- Up-to-date: /home/spkmak/vegabot_ws/install/vegabot_description/share/vegabot_description/models/aws_robomaker_residential_SecurityCamera_01/meshes/aws_SecurityCamera_01_visual.DAE
[0.824s] -- Up-to-date: /home/spkmak/vegabot_ws/install/vegabot_description/share/vegabot_description/models/aws_robomaker_residential_SecurityCamera_01/model.config
[0.824s] -- Up-to-date: /home/spkmak/vegabot_ws/install/vegabot_description/share/vegabot_description/models/aws_robomaker_residential_SecurityCamera_01/model.sdf
[0.824s] -- Up-to-date: /home/spkmak/vegabot_ws/install/vegabot_description/share/vegabot_description/models/aws_robomaker_residential_SecurityCamera_01/materials
[0.825s] -- Up-to-date: /home/spkmak/vegabot_ws/install/vegabot_description/share/vegabot_description/models/aws_robomaker_residential_SecurityCamera_01/materials/textures
[0.825s] -- Up-to-date: /home/spkmak/vegabot_ws/install/vegabot_description/share/vegabot_description/models/aws_robomaker_residential_SecurityCamera_01/materials/textures/aws_SecurityCamera_01.png
[0.825s] -- Up-to-date: /home/spkmak/vegabot_ws/install/vegabot_description/share/vegabot_description/models/aws_robomaker_residential_Bed_01
[0.825s] -- Up-to-date: /home/spkmak/vegabot_ws/install/vegabot_description/share/vegabot_description/models/aws_robomaker_residential_Bed_01/meshes
[0.826s] -- Up-to-date: /home/spkmak/vegabot_ws/install/vegabot_description/share/vegabot_description/models/aws_robomaker_residential_Bed_01/meshes/aws_Bed_01_visual.DAE
[0.826s] -- Up-to-date: /home/spkmak/vegabot_ws/install/vegabot_description/share/vegabot_description/models/aws_robomaker_residential_Bed_01/meshes/aws_Bed_01_collision.DAE
[0.826s] -- Up-to-date: /home/spkmak/vegabot_ws/install/vegabot_description/share/vegabot_description/models/aws_robomaker_residential_Bed_01/model.config
[0.827s] -- Up-to-date: /home/spkmak/vegabot_ws/install/vegabot_description/share/vegabot_description/models/aws_robomaker_residential_Bed_01/model.sdf
[0.827s] -- Up-to-date: /home/spkmak/vegabot_ws/install/vegabot_description/share/vegabot_description/models/aws_robomaker_residential_Bed_01/materials
[0.827s] -- Up-to-date: /home/spkmak/vegabot_ws/install/vegabot_description/share/vegabot_description/models/aws_robomaker_residential_Bed_01/materials/textures
[0.827s] -- Up-to-date: /home/spkmak/vegabot_ws/install/vegabot_description/share/vegabot_description/models/aws_robomaker_residential_Bed_01/materials/textures/aws_BedB_01.png
[0.828s] -- Up-to-date: /home/spkmak/vegabot_ws/install/vegabot_description/share/vegabot_description/models/aws_robomaker_residential_Bed_01/materials/textures/aws_Bed_01.png
[0.828s] -- Up-to-date: /home/spkmak/vegabot_ws/install/vegabot_description/share/vegabot_description/models/aws_robomaker_residential_Bed_01/materials/textures/aws_BedA_01.png
[0.828s] -- Up-to-date: /home/spkmak/vegabot_ws/install/vegabot_description/share/vegabot_description/models/aws_robomaker_residential_Bed_01/materials/textures/aws_BedC_01.png
[0.828s] -- Up-to-date: /home/spkmak/vegabot_ws/install/vegabot_description/share/vegabot_description/models/aws_robomaker_warehouse_TrashCanC_01
[0.829s] -- Up-to-date: /home/spkmak/vegabot_ws/install/vegabot_description/share/vegabot_description/models/aws_robomaker_warehouse_TrashCanC_01/meshes
[0.829s] -- Up-to-date: /home/spkmak/vegabot_ws/install/vegabot_description/share/vegabot_description/models/aws_robomaker_warehouse_TrashCanC_01/meshes/aws_robomaker_warehouse_TrashCanC_01_visual.DAE
[0.830s] -- Up-to-date: /home/spkmak/vegabot_ws/install/vegabot_description/share/vegabot_description/models/aws_robomaker_warehouse_TrashCanC_01/meshes/aws_robomaker_warehouse_TrashCanC_01_collision.DAE
[0.830s] -- Up-to-date: /home/spkmak/vegabot_ws/install/vegabot_description/share/vegabot_description/models/aws_robomaker_warehouse_TrashCanC_01/model.config
[0.830s] -- Up-to-date: /home/spkmak/vegabot_ws/install/vegabot_description/share/vegabot_description/models/aws_robomaker_warehouse_TrashCanC_01/model.sdf
[0.830s] -- Up-to-date: /home/spkmak/vegabot_ws/install/vegabot_description/share/vegabot_description/models/aws_robomaker_warehouse_TrashCanC_01/materials
[0.831s] -- Up-to-date: /home/spkmak/vegabot_ws/install/vegabot_description/share/vegabot_description/models/aws_robomaker_warehouse_TrashCanC_01/materials/textures
[0.831s] -- Up-to-date: /home/spkmak/vegabot_ws/install/vegabot_description/share/vegabot_description/models/aws_robomaker_warehouse_TrashCanC_01/materials/textures/aws_robomaker_warehouse_TrashCanC_01.png
[0.831s] -- Up-to-date: /home/spkmak/vegabot_ws/install/vegabot_description/share/vegabot_description/models/aws_robomaker_residential_Pillow_01
[0.832s] -- Up-to-date: /home/spkmak/vegabot_ws/install/vegabot_description/share/vegabot_description/models/aws_robomaker_residential_Pillow_01/meshes
[0.832s] -- Up-to-date: /home/spkmak/vegabot_ws/install/vegabot_description/share/vegabot_description/models/aws_robomaker_residential_Pillow_01/meshes/aws_Pillow_01_collision.DAE
[0.832s] -- Up-to-date: /home/spkmak/vegabot_ws/install/vegabot_description/share/vegabot_description/models/aws_robomaker_residential_Pillow_01/meshes/aws_Pillow_01_visual.DAE
[0.832s] -- Up-to-date: /home/spkmak/vegabot_ws/install/vegabot_description/share/vegabot_description/models/aws_robomaker_residential_Pillow_01/model.config
[0.833s] -- Up-to-date: /home/spkmak/vegabot_ws/install/vegabot_description/share/vegabot_description/models/aws_robomaker_residential_Pillow_01/model.sdf
[0.833s] -- Up-to-date: /home/spkmak/vegabot_ws/install/vegabot_description/share/vegabot_description/models/aws_robomaker_residential_Pillow_01/materials
[0.833s] -- Up-to-date: /home/spkmak/vegabot_ws/install/vegabot_description/share/vegabot_description/models/aws_robomaker_residential_Pillow_01/materials/textures
[0.833s] -- Up-to-date: /home/spkmak/vegabot_ws/install/vegabot_description/share/vegabot_description/models/aws_robomaker_residential_Pillow_01/materials/textures/aws_Pillow_01.png
[0.834s] -- Up-to-date: /home/spkmak/vegabot_ws/install/vegabot_description/share/vegabot_description/models/aws_robomaker_warehouse_ClutteringA_01
[0.834s] -- Up-to-date: /home/spkmak/vegabot_ws/install/vegabot_description/share/vegabot_description/models/aws_robomaker_warehouse_ClutteringA_01/meshes
[0.834s] -- Up-to-date: /home/spkmak/vegabot_ws/install/vegabot_description/share/vegabot_description/models/aws_robomaker_warehouse_ClutteringA_01/meshes/aws_robomaker_warehouse_ClutteringA_01_visual.DAE
[0.835s] -- Up-to-date: /home/spkmak/vegabot_ws/install/vegabot_description/share/vegabot_description/models/aws_robomaker_warehouse_ClutteringA_01/meshes/aws_robomaker_warehouse_ClutteringA_01_collision.DAE
[0.835s] -- Up-to-date: /home/spkmak/vegabot_ws/install/vegabot_description/share/vegabot_description/models/aws_robomaker_warehouse_ClutteringA_01/model.config
[0.835s] -- Up-to-date: /home/spkmak/vegabot_ws/install/vegabot_description/share/vegabot_description/models/aws_robomaker_warehouse_ClutteringA_01/model.sdf
[0.835s] -- Up-to-date: /home/spkmak/vegabot_ws/install/vegabot_description/share/vegabot_description/models/aws_robomaker_warehouse_ClutteringA_01/.DS_Store
[0.836s] -- Up-to-date: /home/spkmak/vegabot_ws/install/vegabot_description/share/vegabot_description/models/aws_robomaker_warehouse_ClutteringA_01/materials
[0.836s] -- Up-to-date: /home/spkmak/vegabot_ws/install/vegabot_description/share/vegabot_description/models/aws_robomaker_warehouse_ClutteringA_01/materials/textures
[0.836s] -- Up-to-date: /home/spkmak/vegabot_ws/install/vegabot_description/share/vegabot_description/models/aws_robomaker_warehouse_ClutteringA_01/materials/textures/aws_robomaker_warehouse_ClutteringA_01.png
[0.837s] -- Up-to-date: /home/spkmak/vegabot_ws/install/vegabot_description/share/vegabot_description/models/aws_robomaker_warehouse_ClutteringA_01/materials/textures/aws_robomaker_warehouse_ClutteringA_03.png
[0.837s] -- Up-to-date: /home/spkmak/vegabot_ws/install/vegabot_description/share/vegabot_description/models/aws_robomaker_warehouse_ClutteringA_01/materials/textures/aws_robomaker_warehouse_ClutteringA_02.png
[0.837s] -- Up-to-date: /home/spkmak/vegabot_ws/install/vegabot_description/share/vegabot_description/models/aws_robomaker_warehouse_ClutteringA_01/materials/textures/.DS_Store
[0.837s] -- Up-to-date: /home/spkmak/vegabot_ws/install/vegabot_description/share/vegabot_description/models/aws_robomaker_warehouse_ClutteringA_01/materials/.DS_Store
[0.838s] -- Up-to-date: /home/spkmak/vegabot_ws/install/vegabot_description/share/vegabot_description/models/aws_robomaker_residential_CoffeeTable_01
[0.838s] -- Up-to-date: /home/spkmak/vegabot_ws/install/vegabot_description/share/vegabot_description/models/aws_robomaker_residential_CoffeeTable_01/meshes
[0.838s] -- Up-to-date: /home/spkmak/vegabot_ws/install/vegabot_description/share/vegabot_description/models/aws_robomaker_residential_CoffeeTable_01/meshes/aws_CoffeeTable_01_collision.DAE
[0.838s] -- Up-to-date: /home/spkmak/vegabot_ws/install/vegabot_description/share/vegabot_description/models/aws_robomaker_residential_CoffeeTable_01/meshes/aws_CoffeeTable_01_visual.DAE
[0.839s] -- Up-to-date: /home/spkmak/vegabot_ws/install/vegabot_description/share/vegabot_description/models/aws_robomaker_residential_CoffeeTable_01/model.config
[0.839s] -- Up-to-date: /home/spkmak/vegabot_ws/install/vegabot_description/share/vegabot_description/models/aws_robomaker_residential_CoffeeTable_01/model.sdf
[0.839s] -- Up-to-date: /home/spkmak/vegabot_ws/install/vegabot_description/share/vegabot_description/models/aws_robomaker_residential_CoffeeTable_01/materials
[0.840s] -- Up-to-date: /home/spkmak/vegabot_ws/install/vegabot_description/share/vegabot_description/models/aws_robomaker_residential_CoffeeTable_01/materials/textures
[0.840s] -- Up-to-date: /home/spkmak/vegabot_ws/install/vegabot_description/share/vegabot_description/models/aws_robomaker_residential_CoffeeTable_01/materials/textures/aws_CoffeeTable_01.png
[0.840s] -- Up-to-date: /home/spkmak/vegabot_ws/install/vegabot_description/share/vegabot_description/models/aws_robomaker_residential_BalconyTable_01
[0.840s] -- Up-to-date: /home/spkmak/vegabot_ws/install/vegabot_description/share/vegabot_description/models/aws_robomaker_residential_BalconyTable_01/meshes
[0.841s] -- Up-to-date: /home/spkmak/vegabot_ws/install/vegabot_description/share/vegabot_description/models/aws_robomaker_residential_BalconyTable_01/meshes/aws_BalconyTable_01_collision.DAE
[0.841s] -- Up-to-date: /home/spkmak/vegabot_ws/install/vegabot_description/share/vegabot_description/models/aws_robomaker_residential_BalconyTable_01/meshes/aws_BalconyTable_01_visual.DAE
[0.841s] -- Up-to-date: /home/spkmak/vegabot_ws/install/vegabot_description/share/vegabot_description/models/aws_robomaker_residential_BalconyTable_01/model.config
[0.842s] -- Up-to-date: /home/spkmak/vegabot_ws/install/vegabot_description/share/vegabot_description/models/aws_robomaker_residential_BalconyTable_01/model.sdf
[0.842s] -- Up-to-date: /home/spkmak/vegabot_ws/install/vegabot_description/share/vegabot_description/models/aws_robomaker_residential_BalconyTable_01/materials
[0.842s] -- Up-to-date: /home/spkmak/vegabot_ws/install/vegabot_description/share/vegabot_description/models/aws_robomaker_residential_BalconyTable_01/materials/textures
[0.842s] -- Up-to-date: /home/spkmak/vegabot_ws/install/vegabot_description/share/vegabot_description/models/aws_robomaker_residential_BalconyTable_01/materials/textures/aws_BalconyTable_01.png
[0.843s] -- Up-to-date: /home/spkmak/vegabot_ws/install/vegabot_description/share/vegabot_description/models/aws_robomaker_residential_Rangehood_01
[0.843s] -- Up-to-date: /home/spkmak/vegabot_ws/install/vegabot_description/share/vegabot_description/models/aws_robomaker_residential_Rangehood_01/meshes
[0.843s] -- Up-to-date: /home/spkmak/vegabot_ws/install/vegabot_description/share/vegabot_description/models/aws_robomaker_residential_Rangehood_01/meshes/aws_Rangehood_01_visual.DAE
[0.844s] -- Up-to-date: /home/spkmak/vegabot_ws/install/vegabot_description/share/vegabot_description/models/aws_robomaker_residential_Rangehood_01/meshes/aws_Rangehood_01_collision.DAE
[0.844s] -- Up-to-date: /home/spkmak/vegabot_ws/install/vegabot_description/share/vegabot_description/models/aws_robomaker_residential_Rangehood_01/model.config
[0.844s] -- Up-to-date: /home/spkmak/vegabot_ws/install/vegabot_description/share/vegabot_description/models/aws_robomaker_residential_Rangehood_01/model.sdf
[0.845s] -- Up-to-date: /home/spkmak/vegabot_ws/install/vegabot_description/share/vegabot_description/models/aws_robomaker_residential_Rangehood_01/materials
[0.845s] -- Up-to-date: /home/spkmak/vegabot_ws/install/vegabot_description/share/vegabot_description/models/aws_robomaker_residential_Rangehood_01/materials/textures
[0.845s] -- Up-to-date: /home/spkmak/vegabot_ws/install/vegabot_description/share/vegabot_description/models/aws_robomaker_residential_Rangehood_01/materials/textures/aws_Rangehood_01.png
[0.846s] -- Up-to-date: /home/spkmak/vegabot_ws/install/vegabot_description/share/vegabot_description/models/aws_robomaker_residential_DeskPortraitD_04
[0.846s] -- Up-to-date: /home/spkmak/vegabot_ws/install/vegabot_description/share/vegabot_description/models/aws_robomaker_residential_DeskPortraitD_04/meshes
[0.846s] -- Up-to-date: /home/spkmak/vegabot_ws/install/vegabot_description/share/vegabot_description/models/aws_robomaker_residential_DeskPortraitD_04/meshes/aws_DeskPortraitD_01_collision.DAE
[0.846s] -- Up-to-date: /home/spkmak/vegabot_ws/install/vegabot_description/share/vegabot_description/models/aws_robomaker_residential_DeskPortraitD_04/meshes/aws_DeskPortraitD_01_visual.DAE
[0.847s] -- Up-to-date: /home/spkmak/vegabot_ws/install/vegabot_description/share/vegabot_description/models/aws_robomaker_residential_DeskPortraitD_04/model.config
[0.847s] -- Up-to-date: /home/spkmak/vegabot_ws/install/vegabot_description/share/vegabot_description/models/aws_robomaker_residential_DeskPortraitD_04/model.sdf
[0.847s] -- Up-to-date: /home/spkmak/vegabot_ws/install/vegabot_description/share/vegabot_description/models/aws_robomaker_residential_DeskPortraitD_04/materials
[0.848s] -- Up-to-date: /home/spkmak/vegabot_ws/install/vegabot_description/share/vegabot_description/models/aws_robomaker_residential_DeskPortraitD_04/materials/textures
[0.848s] -- Up-to-date: /home/spkmak/vegabot_ws/install/vegabot_description/share/vegabot_description/models/aws_robomaker_residential_DeskPortraitD_04/materials/textures/aws_DeskPortraitD_02.png
[0.848s] -- Up-to-date: /home/spkmak/vegabot_ws/install/vegabot_description/share/vegabot_description/models/aws_robomaker_residential_DeskPortraitD_04/materials/textures/aws_DeskPortraitD_01.png
[0.848s] -- Up-to-date: /home/spkmak/vegabot_ws/install/vegabot_description/share/vegabot_description/models/aws_robomaker_residential_PortraitB_01
[0.849s] -- Up-to-date: /home/spkmak/vegabot_ws/install/vegabot_description/share/vegabot_description/models/aws_robomaker_residential_PortraitB_01/meshes
[0.849s] -- Up-to-date: /home/spkmak/vegabot_ws/install/vegabot_description/share/vegabot_description/models/aws_robomaker_residential_PortraitB_01/meshes/aws_PortraitB_01_collision.DAE
[0.849s] -- Up-to-date: /home/spkmak/vegabot_ws/install/vegabot_description/share/vegabot_description/models/aws_robomaker_residential_PortraitB_01/meshes/aws_PortraitB_01_visual.DAE
[0.850s] -- Up-to-date: /home/spkmak/vegabot_ws/install/vegabot_description/share/vegabot_description/models/aws_robomaker_residential_PortraitB_01/model.config
[0.850s] -- Up-to-date: /home/spkmak/vegabot_ws/install/vegabot_description/share/vegabot_description/models/aws_robomaker_residential_PortraitB_01/model.sdf
[0.850s] -- Up-to-date: /home/spkmak/vegabot_ws/install/vegabot_description/share/vegabot_description/models/aws_robomaker_residential_PortraitB_01/materials
[0.850s] -- Up-to-date: /home/spkmak/vegabot_ws/install/vegabot_description/share/vegabot_description/models/aws_robomaker_residential_PortraitB_01/materials/textures
[0.851s] -- Up-to-date: /home/spkmak/vegabot_ws/install/vegabot_description/share/vegabot_description/models/aws_robomaker_residential_PortraitB_01/materials/textures/aws_PortraitB_02.png
[0.851s] -- Up-to-date: /home/spkmak/vegabot_ws/install/vegabot_description/share/vegabot_description/models/aws_robomaker_residential_PortraitB_01/materials/textures/aws_PortraitB_01.png
[0.851s] -- Up-to-date: /home/spkmak/vegabot_ws/install/vegabot_description/share/vegabot_description/models/aws_robomaker_warehouse_RoofB_01
[0.852s] -- Up-to-date: /home/spkmak/vegabot_ws/install/vegabot_description/share/vegabot_description/models/aws_robomaker_warehouse_RoofB_01/meshes
[0.852s] -- Up-to-date: /home/spkmak/vegabot_ws/install/vegabot_description/share/vegabot_description/models/aws_robomaker_warehouse_RoofB_01/meshes/aws_robomaker_warehouse_RoofB_01_visual.DAE
[0.852s] -- Up-to-date: /home/spkmak/vegabot_ws/install/vegabot_description/share/vegabot_description/models/aws_robomaker_warehouse_RoofB_01/meshes/aws_robomaker_warehouse_RoofB_01_collision.DAE
[0.852s] -- Up-to-date: /home/spkmak/vegabot_ws/install/vegabot_description/share/vegabot_description/models/aws_robomaker_warehouse_RoofB_01/model.config
[0.853s] -- Up-to-date: /home/spkmak/vegabot_ws/install/vegabot_description/share/vegabot_description/models/aws_robomaker_warehouse_RoofB_01/model.sdf
[0.853s] -- Up-to-date: /home/spkmak/vegabot_ws/install/vegabot_description/share/vegabot_description/models/aws_robomaker_warehouse_RoofB_01/materials
[0.853s] -- Up-to-date: /home/spkmak/vegabot_ws/install/vegabot_description/share/vegabot_description/models/aws_robomaker_warehouse_RoofB_01/materials/textures
[0.853s] -- Up-to-date: /home/spkmak/vegabot_ws/install/vegabot_description/share/vegabot_description/models/aws_robomaker_warehouse_RoofB_01/materials/textures/aws_robomaker_warehouse_RoofB_01.png
[0.854s] -- Up-to-date: /home/spkmak/vegabot_ws/install/vegabot_description/share/vegabot_description/models/aws_robomaker_residential_DeskPortraitC_01
[0.854s] -- Up-to-date: /home/spkmak/vegabot_ws/install/vegabot_description/share/vegabot_description/models/aws_robomaker_residential_DeskPortraitC_01/meshes
[0.854s] -- Up-to-date: /home/spkmak/vegabot_ws/install/vegabot_description/share/vegabot_description/models/aws_robomaker_residential_DeskPortraitC_01/meshes/aws_DeskPortraitC_01_collision.DAE
[0.855s] -- Up-to-date: /home/spkmak/vegabot_ws/install/vegabot_description/share/vegabot_description/models/aws_robomaker_residential_DeskPortraitC_01/meshes/aws_DeskPortraitC_01_visual.DAE
[0.855s] -- Up-to-date: /home/spkmak/vegabot_ws/install/vegabot_description/share/vegabot_description/models/aws_robomaker_residential_DeskPortraitC_01/model.config
[0.855s] -- Up-to-date: /home/spkmak/vegabot_ws/install/vegabot_description/share/vegabot_description/models/aws_robomaker_residential_DeskPortraitC_01/model.sdf
[0.855s] -- Up-to-date: /home/spkmak/vegabot_ws/install/vegabot_description/share/vegabot_description/models/aws_robomaker_residential_DeskPortraitC_01/materials
[0.856s] -- Up-to-date: /home/spkmak/vegabot_ws/install/vegabot_description/share/vegabot_description/models/aws_robomaker_residential_DeskPortraitC_01/materials/textures
[0.856s] -- Up-to-date: /home/spkmak/vegabot_ws/install/vegabot_description/share/vegabot_description/models/aws_robomaker_residential_DeskPortraitC_01/materials/textures/aws_DeskPortraitC_01.png
[0.856s] -- Up-to-date: /home/spkmak/vegabot_ws/install/vegabot_description/share/vegabot_description/models/aws_robomaker_residential_DeskPortraitC_01/materials/textures/aws_DeskPortraitC_02.png
[0.856s] -- Up-to-date: /home/spkmak/vegabot_ws/install/vegabot_description/share/vegabot_description/models/aws_robomaker_residential_ChairA_01
[0.857s] -- Up-to-date: /home/spkmak/vegabot_ws/install/vegabot_description/share/vegabot_description/models/aws_robomaker_residential_ChairA_01/meshes
[0.857s] -- Up-to-date: /home/spkmak/vegabot_ws/install/vegabot_description/share/vegabot_description/models/aws_robomaker_residential_ChairA_01/meshes/aws_ChairA_01_collision.DAE
[0.857s] -- Up-to-date: /home/spkmak/vegabot_ws/install/vegabot_description/share/vegabot_description/models/aws_robomaker_residential_ChairA_01/meshes/aws_ChairA_01_visual.DAE
[0.857s] -- Up-to-date: /home/spkmak/vegabot_ws/install/vegabot_description/share/vegabot_description/models/aws_robomaker_residential_ChairA_01/model.config
[0.858s] -- Up-to-date: /home/spkmak/vegabot_ws/install/vegabot_description/share/vegabot_description/models/aws_robomaker_residential_ChairA_01/model.sdf
[0.858s] -- Up-to-date: /home/spkmak/vegabot_ws/install/vegabot_description/share/vegabot_description/models/aws_robomaker_residential_ChairA_01/materials
[0.858s] -- Up-to-date: /home/spkmak/vegabot_ws/install/vegabot_description/share/vegabot_description/models/aws_robomaker_residential_ChairA_01/materials/textures
[0.858s] -- Up-to-date: /home/spkmak/vegabot_ws/install/vegabot_description/share/vegabot_description/models/aws_robomaker_residential_ChairA_01/materials/textures/aws_ChairA_01.png
[0.859s] -- Up-to-date: /home/spkmak/vegabot_ws/install/vegabot_description/share/vegabot_description/models/aws_robomaker_residential_PortraitD_01
[0.859s] -- Up-to-date: /home/spkmak/vegabot_ws/install/vegabot_description/share/vegabot_description/models/aws_robomaker_residential_PortraitD_01/meshes
[0.859s] -- Up-to-date: /home/spkmak/vegabot_ws/install/vegabot_description/share/vegabot_description/models/aws_robomaker_residential_PortraitD_01/meshes/aws_PortraitD_01_visual.DAE
[0.859s] -- Up-to-date: /home/spkmak/vegabot_ws/install/vegabot_description/share/vegabot_description/models/aws_robomaker_residential_PortraitD_01/meshes/aws_PortraitD_01_collision.DAE
[0.860s] -- Up-to-date: /home/spkmak/vegabot_ws/install/vegabot_description/share/vegabot_description/models/aws_robomaker_residential_PortraitD_01/model.config
[0.860s] -- Up-to-date: /home/spkmak/vegabot_ws/install/vegabot_description/share/vegabot_description/models/aws_robomaker_residential_PortraitD_01/model.sdf
[0.860s] -- Up-to-date: /home/spkmak/vegabot_ws/install/vegabot_description/share/vegabot_description/models/aws_robomaker_residential_PortraitD_01/materials
[0.861s] -- Up-to-date: /home/spkmak/vegabot_ws/install/vegabot_description/share/vegabot_description/models/aws_robomaker_residential_PortraitD_01/materials/textures
[0.861s] -- Up-to-date: /home/spkmak/vegabot_ws/install/vegabot_description/share/vegabot_description/models/aws_robomaker_residential_PortraitD_01/materials/textures/aws_PortraitD_01.png
[0.861s] -- Up-to-date: /home/spkmak/vegabot_ws/install/vegabot_description/share/vegabot_description/models/aws_robomaker_residential_PortraitD_01/materials/textures/aws_PortraitD_02.png
[0.861s] -- Up-to-date: /home/spkmak/vegabot_ws/install/vegabot_description/share/vegabot_description/models/aws_robomaker_warehouse_Lamp_01
[0.862s] -- Up-to-date: /home/spkmak/vegabot_ws/install/vegabot_description/share/vegabot_description/models/aws_robomaker_warehouse_Lamp_01/meshes
[0.862s] -- Up-to-date: /home/spkmak/vegabot_ws/install/vegabot_description/share/vegabot_description/models/aws_robomaker_warehouse_Lamp_01/meshes/aws_robomaker_warehouse_Lamp_01_visual.DAE
[0.862s] -- Up-to-date: /home/spkmak/vegabot_ws/install/vegabot_description/share/vegabot_description/models/aws_robomaker_warehouse_Lamp_01/meshes/aws_robomaker_warehouse_Lamp_01_collision.DAE
[0.862s] -- Up-to-date: /home/spkmak/vegabot_ws/install/vegabot_description/share/vegabot_description/models/aws_robomaker_warehouse_Lamp_01/model.config
[0.863s] -- Up-to-date: /home/spkmak/vegabot_ws/install/vegabot_description/share/vegabot_description/models/aws_robomaker_warehouse_Lamp_01/model.sdf
[0.863s] -- Up-to-date: /home/spkmak/vegabot_ws/install/vegabot_description/share/vegabot_description/models/aws_robomaker_warehouse_Lamp_01/materials
[0.863s] -- Up-to-date: /home/spkmak/vegabot_ws/install/vegabot_description/share/vegabot_description/models/aws_robomaker_warehouse_Lamp_01/materials/textures
[0.863s] -- Up-to-date: /home/spkmak/vegabot_ws/install/vegabot_description/share/vegabot_description/models/aws_robomaker_warehouse_Lamp_01/materials/textures/aws_robomaker_warehouse_Lamp_01.png
[0.864s] -- Up-to-date: /home/spkmak/vegabot_ws/install/vegabot_description/share/vegabot_description/models/aws_robomaker_residential_KitchenTable_01
[0.864s] -- Up-to-date: /home/spkmak/vegabot_ws/install/vegabot_description/share/vegabot_description/models/aws_robomaker_residential_KitchenTable_01/meshes
[0.864s] -- Up-to-date: /home/spkmak/vegabot_ws/install/vegabot_description/share/vegabot_description/models/aws_robomaker_residential_KitchenTable_01/meshes/aws_KitchenTable_01_visual.DAE
[0.864s] -- Up-to-date: /home/spkmak/vegabot_ws/install/vegabot_description/share/vegabot_description/models/aws_robomaker_residential_KitchenTable_01/meshes/aws_KitchenTable_01_collision.DAE
[0.865s] -- Up-to-date: /home/spkmak/vegabot_ws/install/vegabot_description/share/vegabot_description/models/aws_robomaker_residential_KitchenTable_01/model.config
[0.865s] -- Up-to-date: /home/spkmak/vegabot_ws/install/vegabot_description/share/vegabot_description/models/aws_robomaker_residential_KitchenTable_01/model.sdf
[0.865s] -- Up-to-date: /home/spkmak/vegabot_ws/install/vegabot_description/share/vegabot_description/models/aws_robomaker_residential_KitchenTable_01/materials
[0.866s] -- Up-to-date: /home/spkmak/vegabot_ws/install/vegabot_description/share/vegabot_description/models/aws_robomaker_residential_KitchenTable_01/materials/textures
[0.866s] -- Up-to-date: /home/spkmak/vegabot_ws/install/vegabot_description/share/vegabot_description/models/aws_robomaker_residential_KitchenTable_01/materials/textures/aws_KitchenTable_01.png
[0.866s] -- Up-to-date: /home/spkmak/vegabot_ws/install/vegabot_description/share/vegabot_description/models/vegabot_dock
[0.866s] -- Up-to-date: /home/spkmak/vegabot_ws/install/vegabot_description/share/vegabot_description/models/vegabot_dock/meshes
[0.867s] -- Up-to-date: /home/spkmak/vegabot_ws/install/vegabot_description/share/vegabot_description/models/vegabot_dock/meshes/vegabot_dock.stl
[0.867s] -- Up-to-date: /home/spkmak/vegabot_ws/install/vegabot_description/share/vegabot_description/models/vegabot_dock/model.config
[0.867s] -- Up-to-date: /home/spkmak/vegabot_ws/install/vegabot_description/share/vegabot_description/models/vegabot_dock/model.sdf
[0.867s] -- Up-to-date: /home/spkmak/vegabot_ws/install/vegabot_description/share/vegabot_description/models/aws_robomaker_residential_Dumbbell_01
[0.868s] -- Up-to-date: /home/spkmak/vegabot_ws/install/vegabot_description/share/vegabot_description/models/aws_robomaker_residential_Dumbbell_01/meshes
[0.868s] -- Up-to-date: /home/spkmak/vegabot_ws/install/vegabot_description/share/vegabot_description/models/aws_robomaker_residential_Dumbbell_01/meshes/aws_Dumbbell_01_collision.DAE
[0.868s] -- Up-to-date: /home/spkmak/vegabot_ws/install/vegabot_description/share/vegabot_description/models/aws_robomaker_residential_Dumbbell_01/meshes/aws_Dumbbell_01_visual.DAE
[0.869s] -- Up-to-date: /home/spkmak/vegabot_ws/install/vegabot_description/share/vegabot_description/models/aws_robomaker_residential_Dumbbell_01/model.config
[0.869s] -- Up-to-date: /home/spkmak/vegabot_ws/install/vegabot_description/share/vegabot_description/models/aws_robomaker_residential_Dumbbell_01/model.sdf
[0.869s] -- Up-to-date: /home/spkmak/vegabot_ws/install/vegabot_description/share/vegabot_description/models/aws_robomaker_residential_Dumbbell_01/materials
[0.869s] -- Up-to-date: /home/spkmak/vegabot_ws/install/vegabot_description/share/vegabot_description/models/aws_robomaker_residential_Dumbbell_01/materials/textures
[0.870s] -- Up-to-date: /home/spkmak/vegabot_ws/install/vegabot_description/share/vegabot_description/models/aws_robomaker_residential_Dumbbell_01/materials/textures/aws_Dumbbell_01.png
[0.870s] -- Up-to-date: /home/spkmak/vegabot_ws/install/vegabot_description/share/vegabot_description/models/aws_robomaker_residential_PortraitB_02
[0.870s] -- Up-to-date: /home/spkmak/vegabot_ws/install/vegabot_description/share/vegabot_description/models/aws_robomaker_residential_PortraitB_02/meshes
[0.871s] -- Up-to-date: /home/spkmak/vegabot_ws/install/vegabot_description/share/vegabot_description/models/aws_robomaker_residential_PortraitB_02/meshes/aws_PortraitB_01_collision.DAE
[0.871s] -- Up-to-date: /home/spkmak/vegabot_ws/install/vegabot_description/share/vegabot_description/models/aws_robomaker_residential_PortraitB_02/meshes/aws_PortraitB_01_visual.DAE
[0.871s] -- Up-to-date: /home/spkmak/vegabot_ws/install/vegabot_description/share/vegabot_description/models/aws_robomaker_residential_PortraitB_02/model.config
[0.871s] -- Up-to-date: /home/spkmak/vegabot_ws/install/vegabot_description/share/vegabot_description/models/aws_robomaker_residential_PortraitB_02/model.sdf
[0.872s] -- Up-to-date: /home/spkmak/vegabot_ws/install/vegabot_description/share/vegabot_description/models/aws_robomaker_residential_PortraitB_02/materials
[0.872s] -- Up-to-date: /home/spkmak/vegabot_ws/install/vegabot_description/share/vegabot_description/models/aws_robomaker_residential_PortraitB_02/materials/textures
[0.872s] -- Up-to-date: /home/spkmak/vegabot_ws/install/vegabot_description/share/vegabot_description/models/aws_robomaker_residential_PortraitB_02/materials/textures/aws_PortraitB_02.png
[0.872s] -- Up-to-date: /home/spkmak/vegabot_ws/install/vegabot_description/share/vegabot_description/models/aws_robomaker_residential_PortraitB_02/materials/textures/aws_PortraitB_01.png
[0.873s] -- Up-to-date: /home/spkmak/vegabot_ws/install/vegabot_description/share/vegabot_description/models/aws_robomaker_residential_Door_01
[0.873s] -- Up-to-date: /home/spkmak/vegabot_ws/install/vegabot_description/share/vegabot_description/models/aws_robomaker_residential_Door_01/meshes
[0.873s] -- Up-to-date: /home/spkmak/vegabot_ws/install/vegabot_description/share/vegabot_description/models/aws_robomaker_residential_Door_01/meshes/aws_Door_01_collision.DAE
[0.873s] -- Up-to-date: /home/spkmak/vegabot_ws/install/vegabot_description/share/vegabot_description/models/aws_robomaker_residential_Door_01/meshes/aws_Door_01_visual.DAE
[0.874s] -- Up-to-date: /home/spkmak/vegabot_ws/install/vegabot_description/share/vegabot_description/models/aws_robomaker_residential_Door_01/model.config
[0.874s] -- Up-to-date: /home/spkmak/vegabot_ws/install/vegabot_description/share/vegabot_description/models/aws_robomaker_residential_Door_01/model.sdf
[0.874s] -- Up-to-date: /home/spkmak/vegabot_ws/install/vegabot_description/share/vegabot_description/models/aws_robomaker_residential_Door_01/materials
[0.874s] -- Up-to-date: /home/spkmak/vegabot_ws/install/vegabot_description/share/vegabot_description/models/aws_robomaker_residential_Door_01/materials/textures
[0.875s] -- Up-to-date: /home/spkmak/vegabot_ws/install/vegabot_description/share/vegabot_description/models/aws_robomaker_residential_Door_01/materials/textures/aws_Door_01.png
[0.875s] -- Up-to-date: /home/spkmak/vegabot_ws/install/vegabot_description/share/vegabot_description/models/aws_robomaker_residential_RoomWindow_01
[0.875s] -- Up-to-date: /home/spkmak/vegabot_ws/install/vegabot_description/share/vegabot_description/models/aws_robomaker_residential_RoomWindow_01/meshes
[0.875s] -- Up-to-date: /home/spkmak/vegabot_ws/install/vegabot_description/share/vegabot_description/models/aws_robomaker_residential_RoomWindow_01/meshes/aws_RoomWindow_01_collision.DAE
[0.876s] -- Up-to-date: /home/spkmak/vegabot_ws/install/vegabot_description/share/vegabot_description/models/aws_robomaker_residential_RoomWindow_01/meshes/aws_RoomWindow_01_visual.DAE
[0.876s] -- Up-to-date: /home/spkmak/vegabot_ws/install/vegabot_description/share/vegabot_description/models/aws_robomaker_residential_RoomWindow_01/model.config
[0.876s] -- Up-to-date: /home/spkmak/vegabot_ws/install/vegabot_description/share/vegabot_description/models/aws_robomaker_residential_RoomWindow_01/model.sdf
[0.876s] -- Up-to-date: /home/spkmak/vegabot_ws/install/vegabot_description/share/vegabot_description/models/aws_robomaker_residential_RoomWindow_01/materials
[0.877s] -- Up-to-date: /home/spkmak/vegabot_ws/install/vegabot_description/share/vegabot_description/models/aws_robomaker_residential_RoomWindow_01/materials/textures
[0.877s] -- Up-to-date: /home/spkmak/vegabot_ws/install/vegabot_description/share/vegabot_description/models/aws_robomaker_residential_RoomWindow_01/materials/textures/aws_RoomWindow_01.png
[0.877s] -- Up-to-date: /home/spkmak/vegabot_ws/install/vegabot_description/share/vegabot_description/models/aws_robomaker_residential_DeskPortraitB_02
[0.877s] -- Up-to-date: /home/spkmak/vegabot_ws/install/vegabot_description/share/vegabot_description/models/aws_robomaker_residential_DeskPortraitB_02/meshes
[0.878s] -- Up-to-date: /home/spkmak/vegabot_ws/install/vegabot_description/share/vegabot_description/models/aws_robomaker_residential_DeskPortraitB_02/meshes/aws_DeskPortraitB_01_collision.DAE
[0.878s] -- Up-to-date: /home/spkmak/vegabot_ws/install/vegabot_description/share/vegabot_description/models/aws_robomaker_residential_DeskPortraitB_02/meshes/aws_DeskPortraitB_01_visual.DAE
[0.878s] -- Up-to-date: /home/spkmak/vegabot_ws/install/vegabot_description/share/vegabot_description/models/aws_robomaker_residential_DeskPortraitB_02/model.config
[0.878s] -- Up-to-date: /home/spkmak/vegabot_ws/install/vegabot_description/share/vegabot_description/models/aws_robomaker_residential_DeskPortraitB_02/model.sdf
[0.879s] -- Up-to-date: /home/spkmak/vegabot_ws/install/vegabot_description/share/vegabot_description/models/aws_robomaker_residential_DeskPortraitB_02/materials
[0.879s] -- Up-to-date: /home/spkmak/vegabot_ws/install/vegabot_description/share/vegabot_description/models/aws_robomaker_residential_DeskPortraitB_02/materials/textures
[0.879s] -- Up-to-date: /home/spkmak/vegabot_ws/install/vegabot_description/share/vegabot_description/models/aws_robomaker_residential_DeskPortraitB_02/materials/textures/aws_DeskPortraitB_02.png
[0.879s] -- Up-to-date: /home/spkmak/vegabot_ws/install/vegabot_description/share/vegabot_description/models/aws_robomaker_residential_DeskPortraitB_02/materials/textures/aws_DeskPortraitB_01.png
[0.880s] -- Up-to-date: /home/spkmak/vegabot_ws/install/vegabot_description/share/vegabot_description/models/aws_robomaker_residential_AirconditionerB_01
[0.880s] -- Up-to-date: /home/spkmak/vegabot_ws/install/vegabot_description/share/vegabot_description/models/aws_robomaker_residential_AirconditionerB_01/meshes
[0.880s] -- Up-to-date: /home/spkmak/vegabot_ws/install/vegabot_description/share/vegabot_description/models/aws_robomaker_residential_AirconditionerB_01/meshes/aws_AirconditionerB_01_collision.DAE
[0.880s] -- Up-to-date: /home/spkmak/vegabot_ws/install/vegabot_description/share/vegabot_description/models/aws_robomaker_residential_AirconditionerB_01/meshes/aws_AirconditionerB_01_visual.DAE
[0.881s] -- Up-to-date: /home/spkmak/vegabot_ws/install/vegabot_description/share/vegabot_description/models/aws_robomaker_residential_AirconditionerB_01/model.config
[0.881s] -- Up-to-date: /home/spkmak/vegabot_ws/install/vegabot_description/share/vegabot_description/models/aws_robomaker_residential_AirconditionerB_01/model.sdf
[0.881s] -- Up-to-date: /home/spkmak/vegabot_ws/install/vegabot_description/share/vegabot_description/models/aws_robomaker_residential_AirconditionerB_01/materials
[0.881s] -- Up-to-date: /home/spkmak/vegabot_ws/install/vegabot_description/share/vegabot_description/models/aws_robomaker_residential_AirconditionerB_01/materials/textures
[0.882s] -- Up-to-date: /home/spkmak/vegabot_ws/install/vegabot_description/share/vegabot_description/models/aws_robomaker_residential_AirconditionerB_01/materials/textures/aws_AirconditionerB_01.png
[0.882s] -- Up-to-date: /home/spkmak/vegabot_ws/install/vegabot_description/share/vegabot_description/models/aws_robomaker_residential_KitchenUtensils_01
[0.882s] -- Up-to-date: /home/spkmak/vegabot_ws/install/vegabot_description/share/vegabot_description/models/aws_robomaker_residential_KitchenUtensils_01/meshes
[0.882s] -- Up-to-date: /home/spkmak/vegabot_ws/install/vegabot_description/share/vegabot_description/models/aws_robomaker_residential_KitchenUtensils_01/meshes/aws_KitchenUtensils_01_collision.DAE
[0.883s] -- Up-to-date: /home/spkmak/vegabot_ws/install/vegabot_description/share/vegabot_description/models/aws_robomaker_residential_KitchenUtensils_01/meshes/aws_KitchenUtensils_01_visual.DAE
[0.883s] -- Up-to-date: /home/spkmak/vegabot_ws/install/vegabot_description/share/vegabot_description/models/aws_robomaker_residential_KitchenUtensils_01/model.config
[0.883s] -- Up-to-date: /home/spkmak/vegabot_ws/install/vegabot_description/share/vegabot_description/models/aws_robomaker_residential_KitchenUtensils_01/model.sdf
[0.883s] -- Up-to-date: /home/spkmak/vegabot_ws/install/vegabot_description/share/vegabot_description/models/aws_robomaker_residential_KitchenUtensils_01/materials
[0.884s] -- Up-to-date: /home/spkmak/vegabot_ws/install/vegabot_description/share/vegabot_description/models/aws_robomaker_residential_KitchenUtensils_01/materials/textures
[0.884s] -- Up-to-date: /home/spkmak/vegabot_ws/install/vegabot_description/share/vegabot_description/models/aws_robomaker_residential_KitchenUtensils_01/materials/textures/aws_KitchenUtensils_01.png
[0.884s] -- Up-to-date: /home/spkmak/vegabot_ws/install/vegabot_description/share/vegabot_description/models/aws_robomaker_residential_NightStand_01
[0.884s] -- Up-to-date: /home/spkmak/vegabot_ws/install/vegabot_description/share/vegabot_description/models/aws_robomaker_residential_NightStand_01/meshes
[0.885s] -- Up-to-date: /home/spkmak/vegabot_ws/install/vegabot_description/share/vegabot_description/models/aws_robomaker_residential_NightStand_01/meshes/aws_NightStand_01_visual.DAE
[0.885s] -- Up-to-date: /home/spkmak/vegabot_ws/install/vegabot_description/share/vegabot_description/models/aws_robomaker_residential_NightStand_01/meshes/aws_NightStand_01_collision.DAE
[0.885s] -- Up-to-date: /home/spkmak/vegabot_ws/install/vegabot_description/share/vegabot_description/models/aws_robomaker_residential_NightStand_01/model.config
[0.885s] -- Up-to-date: /home/spkmak/vegabot_ws/install/vegabot_description/share/vegabot_description/models/aws_robomaker_residential_NightStand_01/model.sdf
[0.886s] -- Up-to-date: /home/spkmak/vegabot_ws/install/vegabot_description/share/vegabot_description/models/aws_robomaker_residential_NightStand_01/materials
[0.886s] -- Up-to-date: /home/spkmak/vegabot_ws/install/vegabot_description/share/vegabot_description/models/aws_robomaker_residential_NightStand_01/materials/textures
[0.886s] -- Up-to-date: /home/spkmak/vegabot_ws/install/vegabot_description/share/vegabot_description/models/aws_robomaker_residential_NightStand_01/materials/textures/aws_NightStand_01.png
[0.886s] -- Up-to-date: /home/spkmak/vegabot_ws/install/vegabot_description/share/vegabot_description/models/aws_robomaker_residential_Tablet_01
[0.887s] -- Up-to-date: /home/spkmak/vegabot_ws/install/vegabot_description/share/vegabot_description/models/aws_robomaker_residential_Tablet_01/meshes
[0.887s] -- Up-to-date: /home/spkmak/vegabot_ws/install/vegabot_description/share/vegabot_description/models/aws_robomaker_residential_Tablet_01/meshes/aws_Tablet_01_collision.DAE
[0.888s] -- Up-to-date: /home/spkmak/vegabot_ws/install/vegabot_description/share/vegabot_description/models/aws_robomaker_residential_Tablet_01/meshes/aws_Tablet_01_visual.DAE
[0.888s] -- Up-to-date: /home/spkmak/vegabot_ws/install/vegabot_description/share/vegabot_description/models/aws_robomaker_residential_Tablet_01/model.config
[0.888s] -- Up-to-date: /home/spkmak/vegabot_ws/install/vegabot_description/share/vegabot_description/models/aws_robomaker_residential_Tablet_01/model.sdf
[0.889s] -- Up-to-date: /home/spkmak/vegabot_ws/install/vegabot_description/share/vegabot_description/models/aws_robomaker_residential_Tablet_01/materials
[0.889s] -- Up-to-date: /home/spkmak/vegabot_ws/install/vegabot_description/share/vegabot_description/models/aws_robomaker_residential_Tablet_01/materials/textures
[0.889s] -- Up-to-date: /home/spkmak/vegabot_ws/install/vegabot_description/share/vegabot_description/models/aws_robomaker_residential_Tablet_01/materials/textures/aws_Tablet_01_nologo.png
[0.889s] -- Up-to-date: /home/spkmak/vegabot_ws/install/vegabot_description/share/vegabot_description/models/aws_robomaker_residential_PortraitC_01
[0.889s] -- Up-to-date: /home/spkmak/vegabot_ws/install/vegabot_description/share/vegabot_description/models/aws_robomaker_residential_PortraitC_01/meshes
[0.890s] -- Up-to-date: /home/spkmak/vegabot_ws/install/vegabot_description/share/vegabot_description/models/aws_robomaker_residential_PortraitC_01/meshes/aws_PortraitC_01_collision.DAE
[0.890s] -- Up-to-date: /home/spkmak/vegabot_ws/install/vegabot_description/share/vegabot_description/models/aws_robomaker_residential_PortraitC_01/meshes/aws_PortraitC_01_visual.DAE
[0.890s] -- Up-to-date: /home/spkmak/vegabot_ws/install/vegabot_description/share/vegabot_description/models/aws_robomaker_residential_PortraitC_01/model.config
[0.890s] -- Up-to-date: /home/spkmak/vegabot_ws/install/vegabot_description/share/vegabot_description/models/aws_robomaker_residential_PortraitC_01/model.sdf
[0.891s] -- Up-to-date: /home/spkmak/vegabot_ws/install/vegabot_description/share/vegabot_description/models/aws_robomaker_residential_PortraitC_01/materials
[0.891s] -- Up-to-date: /home/spkmak/vegabot_ws/install/vegabot_description/share/vegabot_description/models/aws_robomaker_residential_PortraitC_01/materials/textures
[0.891s] -- Up-to-date: /home/spkmak/vegabot_ws/install/vegabot_description/share/vegabot_description/models/aws_robomaker_residential_PortraitC_01/materials/textures/aws_PortraitC_01.png
[0.891s] -- Up-to-date: /home/spkmak/vegabot_ws/install/vegabot_description/share/vegabot_description/models/aws_robomaker_residential_PortraitC_01/materials/textures/aws_PortraitC_02.png
[0.892s] -- Up-to-date: /home/spkmak/vegabot_ws/install/vegabot_description/share/vegabot_description/models/aws_robomaker_residential_RoomCeiling_01
[0.892s] -- Up-to-date: /home/spkmak/vegabot_ws/install/vegabot_description/share/vegabot_description/models/aws_robomaker_residential_RoomCeiling_01/meshes
[0.892s] -- Up-to-date: /home/spkmak/vegabot_ws/install/vegabot_description/share/vegabot_description/models/aws_robomaker_residential_RoomCeiling_01/meshes/aws_RoomCeiling_01_visual.DAE
[0.892s] -- Up-to-date: /home/spkmak/vegabot_ws/install/vegabot_description/share/vegabot_description/models/aws_robomaker_residential_RoomCeiling_01/meshes/aws_RoomCeiling_01_collision.DAE
[0.892s] -- Up-to-date: /home/spkmak/vegabot_ws/install/vegabot_description/share/vegabot_description/models/aws_robomaker_residential_RoomCeiling_01/model.config
[0.893s] -- Up-to-date: /home/spkmak/vegabot_ws/install/vegabot_description/share/vegabot_description/models/aws_robomaker_residential_RoomCeiling_01/model.sdf
[0.893s] -- Up-to-date: /home/spkmak/vegabot_ws/install/vegabot_description/share/vegabot_description/models/aws_robomaker_residential_RoomCeiling_01/materials
[0.893s] -- Up-to-date: /home/spkmak/vegabot_ws/install/vegabot_description/share/vegabot_description/models/aws_robomaker_residential_RoomCeiling_01/materials/textures
[0.893s] -- Up-to-date: /home/spkmak/vegabot_ws/install/vegabot_description/share/vegabot_description/models/aws_robomaker_residential_RoomCeiling_01/materials/textures/aws_RoomCeiling_01.png
[0.894s] -- Up-to-date: /home/spkmak/vegabot_ws/install/vegabot_description/share/vegabot_description/models/aws_robomaker_residential_Tableware_01
[0.894s] -- Up-to-date: /home/spkmak/vegabot_ws/install/vegabot_description/share/vegabot_description/models/aws_robomaker_residential_Tableware_01/meshes
[0.894s] -- Up-to-date: /home/spkmak/vegabot_ws/install/vegabot_description/share/vegabot_description/models/aws_robomaker_residential_Tableware_01/meshes/aws_Tableware_01_collision.DAE
[0.894s] -- Up-to-date: /home/spkmak/vegabot_ws/install/vegabot_description/share/vegabot_description/models/aws_robomaker_residential_Tableware_01/meshes/aws_Tableware_01_visual.DAE
[0.895s] -- Up-to-date: /home/spkmak/vegabot_ws/install/vegabot_description/share/vegabot_description/models/aws_robomaker_residential_Tableware_01/model.config
[0.895s] -- Up-to-date: /home/spkmak/vegabot_ws/install/vegabot_description/share/vegabot_description/models/aws_robomaker_residential_Tableware_01/model.sdf
[0.895s] -- Up-to-date: /home/spkmak/vegabot_ws/install/vegabot_description/share/vegabot_description/models/aws_robomaker_residential_Tableware_01/materials
[0.896s] -- Up-to-date: /home/spkmak/vegabot_ws/install/vegabot_description/share/vegabot_description/models/aws_robomaker_residential_Tableware_01/materials/textures
[0.897s] -- Up-to-date: /home/spkmak/vegabot_ws/install/vegabot_description/share/vegabot_description/models/aws_robomaker_residential_Tableware_01/materials/textures/aws_Tableware_01.png
[0.897s] -- Up-to-date: /home/spkmak/vegabot_ws/install/vegabot_description/share/ament_index/resource_index/package_run_dependencies/vegabot_description
[0.898s] -- Up-to-date: /home/spkmak/vegabot_ws/install/vegabot_description/share/ament_index/resource_index/parent_prefix_path/vegabot_description
[0.898s] -- Up-to-date: /home/spkmak/vegabot_ws/install/vegabot_description/share/vegabot_description/environment/ament_prefix_path.sh
[0.898s] -- Up-to-date: /home/spkmak/vegabot_ws/install/vegabot_description/share/vegabot_description/environment/ament_prefix_path.dsv
[0.898s] -- Up-to-date: /home/spkmak/vegabot_ws/install/vegabot_description/share/vegabot_description/environment/path.sh
[0.899s] -- Up-to-date: /home/spkmak/vegabot_ws/install/vegabot_description/share/vegabot_description/environment/path.dsv
[0.899s] -- Up-to-date: /home/spkmak/vegabot_ws/install/vegabot_description/share/vegabot_description/local_setup.bash
[0.900s] -- Up-to-date: /home/spkmak/vegabot_ws/install/vegabot_description/share/vegabot_description/local_setup.sh
[0.900s] -- Up-to-date: /home/spkmak/vegabot_ws/install/vegabot_description/share/vegabot_description/local_setup.zsh
[0.900s] -- Up-to-date: /home/spkmak/vegabot_ws/install/vegabot_description/share/vegabot_description/local_setup.dsv
[0.901s] -- Installing: /home/spkmak/vegabot_ws/install/vegabot_description/share/vegabot_description/package.dsv
[0.902s] -- Up-to-date: /home/spkmak/vegabot_ws/install/vegabot_description/share/ament_index/resource_index/packages/vegabot_description
[0.902s] -- Up-to-date: /home/spkmak/vegabot_ws/install/vegabot_description/share/vegabot_description/cmake/vegabot_descriptionConfig.cmake
[0.904s] -- Up-to-date: /home/spkmak/vegabot_ws/install/vegabot_description/share/vegabot_description/cmake/vegabot_descriptionConfig-version.cmake
[0.907s] -- Up-to-date: /home/spkmak/vegabot_ws/install/vegabot_description/share/vegabot_description/package.xml
[0.910s] Invoked command in '/home/spkmak/vegabot_ws/build/vegabot_description' returned '0': CMAKE_PREFIX_PATH=${CMAKE_PREFIX_PATH}:/home/spkmak/ros2_ws/install/so_arm_100_bringup:/opt/ros/humble /home/spkmak/.local/bin/cmake --install /home/spkmak/vegabot_ws/build/vegabot_description
